-- MySQL dump 10.13  Distrib 8.0.17, for Win64 (x86_64)
--
-- Host: 127.0.0.1    Database: realhope
-- ------------------------------------------------------
-- Server version	8.0.17

/*!40101 SET @OLD_CHARACTER_SET_CLIENT=@@CHARACTER_SET_CLIENT */;
/*!40101 SET @OLD_CHARACTER_SET_RESULTS=@@CHARACTER_SET_RESULTS */;
/*!40101 SET @OLD_COLLATION_CONNECTION=@@COLLATION_CONNECTION */;
/*!50503 SET NAMES utf8mb4 */;
/*!40103 SET @OLD_TIME_ZONE=@@TIME_ZONE */;
/*!40103 SET TIME_ZONE='+00:00' */;
/*!40014 SET @OLD_UNIQUE_CHECKS=@@UNIQUE_CHECKS, UNIQUE_CHECKS=0 */;
/*!40014 SET @OLD_FOREIGN_KEY_CHECKS=@@FOREIGN_KEY_CHECKS, FOREIGN_KEY_CHECKS=0 */;
/*!40101 SET @OLD_SQL_MODE=@@SQL_MODE, SQL_MODE='NO_AUTO_VALUE_ON_ZERO' */;
/*!40111 SET @OLD_SQL_NOTES=@@SQL_NOTES, SQL_NOTES=0 */;

--
-- Table structure for table `code_generation_config`
--

DROP TABLE IF EXISTS `code_generation_config`;
/*!40101 SET @saved_cs_client     = @@character_set_client */;
/*!50503 SET character_set_client = utf8mb4 */;
CREATE TABLE `code_generation_config` (
  `id` bigint(20) NOT NULL AUTO_INCREMENT,
  `code_generation_config_type` varchar(255) NOT NULL,
  `use_case_id` bigint(20) NOT NULL,
  `value` varchar(255) NOT NULL,
  `code_generation_config_content_id` bigint(20) DEFAULT NULL,
  PRIMARY KEY (`id`),
  KEY `FKchfit7ins4f1lfwpt0igk3dwa` (`code_generation_config_content_id`),
  CONSTRAINT `FKchfit7ins4f1lfwpt0igk3dwa` FOREIGN KEY (`code_generation_config_content_id`) REFERENCES `code_generation_config_content` (`id`)
) ENGINE=InnoDB AUTO_INCREMENT=2 DEFAULT CHARSET=utf8;
/*!40101 SET character_set_client = @saved_cs_client */;

--
-- Dumping data for table `code_generation_config`
--

LOCK TABLES `code_generation_config` WRITE;
/*!40000 ALTER TABLE `code_generation_config` DISABLE KEYS */;
/*!40000 ALTER TABLE `code_generation_config` ENABLE KEYS */;
UNLOCK TABLES;

--
-- Table structure for table `code_generation_config_content`
--

DROP TABLE IF EXISTS `code_generation_config_content`;
/*!40101 SET @saved_cs_client     = @@character_set_client */;
/*!50503 SET character_set_client = utf8mb4 */;
CREATE TABLE `code_generation_config_content` (
  `id` bigint(20) NOT NULL AUTO_INCREMENT,
  `content` varchar(255) NOT NULL,
  PRIMARY KEY (`id`)
) ENGINE=InnoDB DEFAULT CHARSET=utf8;
/*!40101 SET character_set_client = @saved_cs_client */;

--
-- Dumping data for table `code_generation_config_content`
--

LOCK TABLES `code_generation_config_content` WRITE;
/*!40000 ALTER TABLE `code_generation_config_content` DISABLE KEYS */;
/*!40000 ALTER TABLE `code_generation_config_content` ENABLE KEYS */;
UNLOCK TABLES;

--
-- Table structure for table `crud_code_generation`
--

DROP TABLE IF EXISTS `crud_code_generation`;
/*!40101 SET @saved_cs_client     = @@character_set_client */;
/*!50503 SET character_set_client = utf8mb4 */;
CREATE TABLE `crud_code_generation` (
  `id` bigint(20) NOT NULL AUTO_INCREMENT,
  `generation_enable` bit(1) NOT NULL,
  `description` varchar(255) NOT NULL,
  `data_entity_id` bigint(20) NOT NULL,
  `software_role_id` bigint(20) NOT NULL,
  `software_feature_id` bigint(20) NOT NULL,
  `software_application_panel_id` bigint(20) NOT NULL,
  `title` varchar(255) NOT NULL,
  PRIMARY KEY (`id`),
  KEY `FKj2q3efxklwr2wstk3drx7tx66` (`data_entity_id`),
  KEY `FKoqn6kymfd1aeyfd8ud87rftxh` (`software_application_panel_id`),
  KEY `FKovffg8qebtjowfe4v03pst3e9` (`software_feature_id`),
  KEY `FKfrs7exg4c8jp7ho88msm8nxu4` (`software_role_id`),
  CONSTRAINT `FKfrs7exg4c8jp7ho88msm8nxu4` FOREIGN KEY (`software_role_id`) REFERENCES `software_role` (`id`),
  CONSTRAINT `FKj2q3efxklwr2wstk3drx7tx66` FOREIGN KEY (`data_entity_id`) REFERENCES `data_entity` (`id`),
  CONSTRAINT `FKoqn6kymfd1aeyfd8ud87rftxh` FOREIGN KEY (`software_application_panel_id`) REFERENCES `software_application_panel` (`id`),
  CONSTRAINT `FKovffg8qebtjowfe4v03pst3e9` FOREIGN KEY (`software_feature_id`) REFERENCES `software_feature` (`id`)
) ENGINE=InnoDB AUTO_INCREMENT=21 DEFAULT CHARSET=utf8;
/*!40101 SET character_set_client = @saved_cs_client */;

--
-- Dumping data for table `crud_code_generation`
--

LOCK TABLES `crud_code_generation` WRITE;
/*!40000 ALTER TABLE `crud_code_generation` DISABLE KEYS */;
INSERT INTO `crud_code_generation` VALUES (1,_binary '\0','SampleB',21,4,9,3,'SampleB'),(2,_binary '','Country',22,3,10,1,'Country'),(3,_binary '','Province',23,3,10,1,'Province'),(4,_binary '','City',24,3,10,1,'City'),(5,_binary '\0','OnlinePaymentTransaction',25,3,11,1,'OnlinePaymentTransaction'),(6,_binary '\0','OnlinePaymentTransactionStep',27,3,11,1,'OnlinePaymentTransactionStep'),(7,_binary '','GeneralKeysValues',28,5,12,1,'GeneralKeysValues'),(8,_binary '','SystemKeysValues',29,5,12,1,'SystemKeysValues'),(9,_binary '','ActivityField',30,3,13,1,'ActivityField'),(10,_binary '','AntivirusBrand',31,3,13,1,'AntivirusBrand'),(11,_binary '','ProductDuration',32,3,14,1,'ProductDuration'),(12,_binary '','ProductLicenceType',33,3,14,1,'ProductLicenceType'),(13,_binary '','ProductStationCount',34,3,14,1,'ProductStationCount'),(14,_binary '','ProductType',35,3,14,1,'ProductType'),(15,_binary '','SteppedDiscountAgreement',36,3,15,1,'SteppedDiscountAgreement'),(16,_binary '','SteppedDiscountLevel',37,3,15,1,'SteppedDiscountLevel'),(17,_binary '','CouponSteppedDiscountAgreement',38,3,16,1,'CouponSteppedDiscountAgreement'),(18,_binary '','CouponSteppedDiscountLevel',39,3,16,1,'CouponSteppedDiscountLevel'),(19,_binary '','User',40,5,17,1,'User'),(20,_binary '','Currency',41,5,18,1,'Currency');
/*!40000 ALTER TABLE `crud_code_generation` ENABLE KEYS */;
UNLOCK TABLES;

--
-- Table structure for table `data_entity`
--

DROP TABLE IF EXISTS `data_entity`;
/*!40101 SET @saved_cs_client     = @@character_set_client */;
/*!50503 SET character_set_client = utf8mb4 */;
CREATE TABLE `data_entity` (
  `id` bigint(20) NOT NULL AUTO_INCREMENT,
  `description` varchar(255) NOT NULL,
  `fa_title` varchar(255) NOT NULL,
  `name` varchar(255) NOT NULL,
  `title` varchar(255) NOT NULL,
  `category` varchar(255) NOT NULL,
  PRIMARY KEY (`id`)
) ENGINE=InnoDB AUTO_INCREMENT=42 DEFAULT CHARSET=utf8;
/*!40101 SET character_set_client = @saved_cs_client */;

--
-- Dumping data for table `data_entity`
--

LOCK TABLES `data_entity` WRITE;
/*!40000 ALTER TABLE `data_entity` DISABLE KEYS */;
INSERT INTO `data_entity` VALUES (1,'The contract of sales agent','قرارداد نمایندگی فروش','SalesAgentContract','Sales agent contract','agency'),(2,'The sales agent','نمایندگی','SalesAgent','Sales agent','agency'),(3,'The deposit financial document','سند واریز به بانک','Deposit','Deposit','financial'),(4,'The cheque financial document','سند چک مالی','Cheque','Cheque','financial'),(5,'The draft invoice','پیش فاکتور','DraftInvoice','Draft invoice','financial'),(6,'The software','نرم افزار','Software','Software','project'),(7,'The software module','ماژول نرم افزاری','SoftwareModule','Software module','project'),(8,'The software feature','ویژگی نرم افزاری','SoftwareFeature','Software feature','project'),(9,'The software application panel','پنل نرم افزاری','SoftwareApplicationPanel','Software application panel','project'),(10,'The software role','نقش نرم افزاری','SoftwareRole','Software role','project'),(11,'The use case','مورد کاربری','UseCase','Use case','feature'),(12,'The use case data','داده مورد کاربری','UseCaseData','Use case data','feature'),(13,'The use case data attribute','صفت داده مورد کاربری','UseCaseDataAttribute','Use case data attribute','feature'),(14,'The Domain entity','موجودیت دامنه','DomainEntity','Domain entity','feature'),(15,'The Domain entity attribute','صفت موجودیت دامنه','DomainEntityAttribute','DomainEntityAttribute','feature'),(16,'The data entity','موجودیت دیتابیس','DataEntity','Data entity','data_model'),(17,'The data enum','موجودیت شمارشی','DataEnum','Data enum','data_model'),(18,'The data entity attribute','صفت موجودیت دیتابیس','DataEntityAttribute','Data entity attribute','data_model'),(19,'The crud code generation','تولید کُد چهار عمل اصلی','CrudCodeGeneration','Crud code generation','code_generation'),(20,'SampleA','نمونه یکم','SampleA','SampleA','sample'),(21,'SampleB','نمونه دوم','SampleB','SampleB','sample'),(22,'Country','کشور','Country','Country','address'),(23,'Province','استان','Province','Province','address'),(24,'City','شهر','City','City','address'),(25,'OnlinePaymentTransaction','تراکنش پرداخت آنلاین','OnlinePaymentTransaction','OnlinePaymentTransaction','online_payment'),(26,'SalesOrder','درخواست خرید','SalesOrder','SalesOrder','sales'),(27,'OnlinePaymentTransactionStep','گام تراکنش پرداخت آنلاین','OnlinePaymentTransactionStep','OnlinePaymentTransactionStep','online_payment'),(28,'GeneralKeysValues','کلید مقدار های عمومی','GeneralKeysValues','GeneralKeysValues','config'),(29,'SystemKeysValues','کلید مقدار های سیستمی','SystemKeysValues','SystemKeysValues','config'),(30,'ActivityField','زمینه فعالیت','ActivityField','ActivityField','agencyregistration'),(31,'AntivirusBrand','برند ضد ویروس','AntivirusBrand','AntivirusBrand','agencyregistration'),(32,'ProductDuration','بازه زمانی محصول','ProductDuration','ProductDuration','product'),(33,'ProductLicenceType','نوع لایسنس محصول','ProductLicenceType','ProductLicenceType','product'),(34,'ProductStationCount','بازه تعداد کاربر محصول','ProductStationCount','ProductStationCount','product'),(35,'ProductType','نوع محصول','ProductType','ProductType','product'),(36,'SteppedDiscountAgreement','تخفیف پلکانی','SteppedDiscountAgreement','SteppedDiscountAgreement','sales'),(37,'SteppedDiscountLevel','پله تخفیف پلکانی','SteppedDiscountLevel','SteppedDiscountLevel','sales'),(38,'CouponSteppedDiscountAgreement','تخفیف کوپن','CouponSteppedDiscountAgreement','CouponSteppedDiscountAgreement','coupon'),(39,'CouponSteppedDiscountLevel','پله تخفیف کوپن','CouponSteppedDiscountLevel','CouponSteppedDiscountLevel','coupon'),(40,'User','کاربر','User','User','security'),(41,'Currency','واحد پول','Currency','Currency','currency');
/*!40000 ALTER TABLE `data_entity` ENABLE KEYS */;
UNLOCK TABLES;

--
-- Table structure for table `data_entity_attribute`
--

DROP TABLE IF EXISTS `data_entity_attribute`;
/*!40101 SET @saved_cs_client     = @@character_set_client */;
/*!50503 SET character_set_client = utf8mb4 */;
CREATE TABLE `data_entity_attribute` (
  `id` bigint(20) NOT NULL AUTO_INCREMENT,
  `data_entity_id` bigint(20) NOT NULL,
  `name` varchar(255) NOT NULL,
  `title` varchar(255) NOT NULL,
  `fa_title` varchar(255) NOT NULL,
  `description` varchar(255) NOT NULL,
  `attribute_quantity` varchar(255) NOT NULL,
  `attribute_category` varchar(255) NOT NULL,
  `primitive_attribute_type` varchar(255) DEFAULT NULL,
  `data_enum_id` bigint(20) DEFAULT NULL,
  `data_entity_attribute_type_id` bigint(20) DEFAULT NULL,
  `data_entity_relationship_cardinality` varchar(255) DEFAULT NULL,
  `data_entity_relationship_type` varchar(255) DEFAULT NULL,
  `nullable` bit(1) NOT NULL,
  `required` bit(1) NOT NULL,
  `min` bigint(20) DEFAULT NULL,
  `max` bigint(20) DEFAULT NULL,
  `min_length` bigint(20) DEFAULT NULL,
  `max_length` bigint(20) DEFAULT NULL,
  `ui_row` bigint(20) NOT NULL,
  `ui_column` bigint(20) NOT NULL,
  `error_tip` varchar(255) DEFAULT NULL,
  `ui_grid_list_show` bit(1) NOT NULL,
  PRIMARY KEY (`id`),
  KEY `FK652rwapokx8uv6vmkmlm1pn7j` (`data_entity_id`),
  KEY `FKuu8j1g1olomxh6g3mm91wtfh` (`data_entity_attribute_type_id`),
  KEY `FKexgu55ceg9nwelioc8dyujg5g` (`data_enum_id`),
  CONSTRAINT `FK652rwapokx8uv6vmkmlm1pn7j` FOREIGN KEY (`data_entity_id`) REFERENCES `data_entity` (`id`),
  CONSTRAINT `FKexgu55ceg9nwelioc8dyujg5g` FOREIGN KEY (`data_enum_id`) REFERENCES `data_enum` (`id`),
  CONSTRAINT `FKuu8j1g1olomxh6g3mm91wtfh` FOREIGN KEY (`data_entity_attribute_type_id`) REFERENCES `data_entity` (`id`)
) ENGINE=InnoDB AUTO_INCREMENT=127 DEFAULT CHARSET=utf8;
/*!40101 SET character_set_client = @saved_cs_client */;

--
-- Dumping data for table `data_entity_attribute`
--

LOCK TABLES `data_entity_attribute` WRITE;
/*!40000 ALTER TABLE `data_entity_attribute` DISABLE KEYS */;
INSERT INTO `data_entity_attribute` VALUES (1,21,'Id','Id','شناسه','The sample B Id','Mono','Primitive','Long',NULL,NULL,NULL,NULL,_binary '\0',_binary '',1,100000000,1,100,1,1,'None.',_binary ''),(2,21,'Name','Name','عنوان','Name','Mono','Primitive','String',NULL,NULL,NULL,NULL,_binary '\0',_binary '',1,100000000,1,100,1,2,'Required.',_binary ''),(3,21,'Active','Active','فعال','Active','Mono','Primitive','Boolean',NULL,NULL,NULL,NULL,_binary '\0',_binary '',1,100000000,1,100,1,3,'Required.',_binary ''),(4,21,'CreateDate','CreateDate','تاریخ ایجاد','CreateDate','Mono','Primitive','JavaDate',NULL,NULL,NULL,NULL,_binary '\0',_binary '',1,100000000,1,100,2,1,'Required.',_binary ''),(5,21,'Value','Value','مقدار','Value','Mono','Primitive','Long',NULL,NULL,NULL,NULL,_binary '\0',_binary '',1,100000000,1,100,2,3,'Required.',_binary ''),(6,21,'SampleStatus','SampleStatus','وضعیت نمونه','SampleStatus','Mono','SelectEnum','Enum',9,NULL,NULL,NULL,_binary '\0',_binary '',1,100000000,1,100,3,1,'Required.',_binary ''),(7,21,'SampleA','SampleA','نمونه یکم','SampleA','Mono','SelectEntity','Entity',NULL,20,'ManyToOne','HasA',_binary '\0',_binary '',1,100000000,1,100,3,2,'Required.',_binary ''),(8,22,'Id','Id','شناسه','Id','Mono','Primitive','Long',NULL,NULL,NULL,NULL,_binary '\0',_binary '',1,100000000,1,100,1,1,'None.',_binary ''),(9,22,'EnTitle','EnTitle','عنوان انگلیسی','EnTitle','Mono','Primitive','String',NULL,NULL,NULL,NULL,_binary '\0',_binary '',1,100000000,1,100,1,2,'Required.',_binary ''),(10,22,'FaTitle','FaTitle','عنوان فارسی','FaTitle','Mono','Primitive','String',NULL,NULL,NULL,NULL,_binary '\0',_binary '',1,100000000,1,100,1,2,'Required.',_binary ''),(11,22,'Population','Population','جمعیت','Population','Mono','Primitive','Long',NULL,NULL,NULL,NULL,_binary '\0',_binary '',1,100000000,1,100,2,3,'Required.',_binary ''),(12,22,'Enabled','Enabled','فعال','Enabled','Mono','Primitive','Boolean',NULL,NULL,NULL,NULL,_binary '\0',_binary '',1,100000000,1,100,1,3,'Required.',_binary ''),(13,23,'Id','Id','شناسه','Id','Mono','Primitive','Long',NULL,NULL,NULL,NULL,_binary '\0',_binary '',1,100000000,1,100,1,1,'None.',_binary ''),(14,23,'EnTitle','EnTitle','عنوان انگلیسی','EnTitle','Mono','Primitive','String',NULL,NULL,NULL,NULL,_binary '\0',_binary '',1,100000000,1,100,1,2,'Required.',_binary ''),(15,23,'FaTitle','FaTitle','عنوان فارسی','FaTitle','Mono','Primitive','String',NULL,NULL,NULL,NULL,_binary '\0',_binary '',1,100000000,1,100,1,2,'Required.',_binary ''),(16,23,'Population','Population','جمعیت','Population','Mono','Primitive','Long',NULL,NULL,NULL,NULL,_binary '\0',_binary '',1,100000000,1,100,2,3,'Required.',_binary ''),(17,23,'Enabled','Enabled','فعال','Enabled','Mono','Primitive','Boolean',NULL,NULL,NULL,NULL,_binary '\0',_binary '',1,100000000,1,100,1,3,'Required.',_binary ''),(18,23,'Country','Country','کشور','Country','Mono','SelectEntity','Entity',NULL,22,'ManyToOne','HasA',_binary '\0',_binary '',1,100000000,1,100,3,2,'Required.',_binary ''),(19,24,'Id','Id','شناسه','Id','Mono','Primitive','Long',NULL,NULL,NULL,NULL,_binary '\0',_binary '',1,100000000,1,100,1,1,'None.',_binary ''),(20,24,'EnTitle','EnTitle','عنوان انگلیسی','EnTitle','Mono','Primitive','String',NULL,NULL,NULL,NULL,_binary '\0',_binary '',1,100000000,1,100,1,2,'Required.',_binary ''),(21,24,'FaTitle','FaTitle','عنوان فارسی','FaTitle','Mono','Primitive','String',NULL,NULL,NULL,NULL,_binary '\0',_binary '',1,100000000,1,100,1,2,'Required.',_binary ''),(22,24,'Population','Population','جمعیت','Population','Mono','Primitive','Long',NULL,NULL,NULL,NULL,_binary '\0',_binary '',1,100000000,1,100,2,3,'Required.',_binary ''),(23,24,'Enabled','Enabled','فعال','Enabled','Mono','Primitive','Boolean',NULL,NULL,NULL,NULL,_binary '\0',_binary '',1,100000000,1,100,1,3,'Required.',_binary ''),(24,24,'Province','Province','استان','Province','Mono','SelectEntity','Entity',NULL,23,'ManyToOne','HasA',_binary '\0',_binary '',1,100000000,1,100,3,2,'Required.',_binary ''),(25,24,'IsOther','Is other?','آیا سایر است؟','IsOther','Mono','Primitive','Boolean',NULL,NULL,NULL,NULL,_binary '\0',_binary '',1,100000000,1,100,1,3,'Required.',_binary ''),(26,25,'Id','Id','شناسه','Id','Mono','Primitive','Long',NULL,NULL,NULL,NULL,_binary '\0',_binary '',1,100000000,1,100,1,1,'None.',_binary ''),(27,25,'Status','Status','وضعیت تراکنش','Status','Mono','SelectEnum','Enum',10,NULL,NULL,NULL,_binary '\0',_binary '',1,100000000,1,100,3,1,'Required.',_binary ''),(28,25,'SalesOrder','SalesOrder','درخواست خرید','SalesOrder','Mono','SelectEntity','Entity',NULL,26,'ManyToOne','HasA',_binary '\0',_binary '',1,100000000,1,100,3,2,'Required.',_binary ''),(29,25,'MerchantId','MerchantId','شماره پذیرنده','MerchantId','Mono','Primitive','String',NULL,NULL,NULL,NULL,_binary '\0',_binary '',1,100000000,1,100,1,2,'Required.',_binary ''),(30,25,'RedirectUrl','RedirectUrl','آدرس بازگشت','RedirectUrl','Mono','Primitive','String',NULL,NULL,NULL,NULL,_binary '\0',_binary '',1,100000000,1,100,1,2,'Required.',_binary ''),(31,25,'TotalAmount','TotalAmount','مبلغ قابل پرداخت','TotalAmount','Mono','Primitive','Long',NULL,NULL,NULL,NULL,_binary '\0',_binary '',1,100000000,1,100,1,2,'Required.',_binary ''),(32,25,'RequestedToken','RequestedToken','توکن','RequestedToken','Mono','Primitive','String',NULL,NULL,NULL,NULL,_binary '\0',_binary '',1,100000000,1,100,1,2,'Required.',_binary ''),(33,25,'PaymentState','PaymentState','وضعیت تراکنش','PaymentState','Mono','Primitive','String',NULL,NULL,NULL,NULL,_binary '\0',_binary '',1,100000000,1,100,1,2,'Required.',_binary ''),(34,25,'PaymentStateCode','PaymentStateCode','کد وضعیت تراکنش','PaymentStateCode','Mono','Primitive','String',NULL,NULL,NULL,NULL,_binary '\0',_binary '',1,100000000,1,100,1,2,'Required.',_binary ''),(35,25,'PaymentResNum','PaymentResNum','شناسه خرید','PaymentResNum','Mono','Primitive','String',NULL,NULL,NULL,NULL,_binary '\0',_binary '',1,100000000,1,100,1,2,'Required.',_binary ''),(36,25,'PaymentMID','PaymentMID','کد پذیرنده','PaymentMID','Mono','Primitive','String',NULL,NULL,NULL,NULL,_binary '\0',_binary '',1,100000000,1,100,1,2,'Required.',_binary ''),(37,25,'PaymentRefNum','PaymentRefNum','کد ارجاع تراکنش','PaymentRefNum','Mono','Primitive','String',NULL,NULL,NULL,NULL,_binary '\0',_binary '',1,100000000,1,100,1,2,'Required.',_binary ''),(38,25,'PaymentCID','PaymentCID','شماره کارت خریدار','PaymentCID','Mono','Primitive','String',NULL,NULL,NULL,NULL,_binary '\0',_binary '',1,100000000,1,100,1,2,'Required.',_binary ''),(39,25,'PaymentTraceNo','PaymentTraceNo','شماره پیگیری','PaymentTraceNo','Mono','Primitive','String',NULL,NULL,NULL,NULL,_binary '\0',_binary '',1,100000000,1,100,1,2,'Required.',_binary ''),(40,25,'PaymentSecurePan','PaymentSecurePan','شماره کارت خریدار با الزامات شاپرک','PaymentSecurePan','Mono','Primitive','String',NULL,NULL,NULL,NULL,_binary '\0',_binary '',1,100000000,1,100,1,2,'Required.',_binary ''),(41,25,'TransactionVerificationResult','TransactionVerificationResult','نتیجه تایید تراکنش','TransactionVerificationResult','Mono','Primitive','String',NULL,NULL,NULL,NULL,_binary '\0',_binary '',1,100000000,1,100,1,2,'Required.',_binary ''),(42,25,'CreateDate','CreateDate','تاریخ ایجاد','CreateDate','Mono','Primitive','JavaDate',NULL,NULL,NULL,NULL,_binary '\0',_binary '',1,100000000,1,100,2,1,'Required.',_binary ''),(43,27,'Id','Id','شناسه','Id','Mono','Primitive','Long',NULL,NULL,NULL,NULL,_binary '\0',_binary '',1,100000000,1,100,1,1,'None.',_binary ''),(44,27,'StepType','Step type','نوع گام','StepType','Mono','SelectEnum','Enum',11,NULL,NULL,NULL,_binary '\0',_binary '',1,100000000,1,100,3,1,'Required.',_binary ''),(45,27,'StepDate','StepDate','تاریخ گام','StepDate','Mono','Primitive','JavaDate',NULL,NULL,NULL,NULL,_binary '\0',_binary '',1,100000000,1,100,2,1,'Required.',_binary ''),(46,27,'Details','Details','محتوا','Details','Mono','Primitive','String',NULL,NULL,NULL,NULL,_binary '\0',_binary '',1,100000000,1,100,1,2,'Required.',_binary ''),(47,27,'OnlinePaymentTransaction','OnlinePaymentTransaction','تراکنش','OnlinePaymentTransaction','Mono','SelectEntity','Entity',NULL,25,'ManyToOne','HasA',_binary '\0',_binary '',1,100000000,1,100,3,2,'Required.',_binary ''),(48,28,'Id','Id','شناسه','Id','Mono','Primitive','Long',NULL,NULL,NULL,NULL,_binary '\0',_binary '',1,100000000,1,100,1,1,'None.',_binary ''),(49,28,'Key','Key','کلید','Key','Mono','SelectEnum','Enum',14,NULL,NULL,NULL,_binary '\0',_binary '',1,100000000,1,100,1,2,'Required.',_binary ''),(50,28,'Value','Value','محتوا','Value','Mono','Primitive','String',NULL,NULL,NULL,NULL,_binary '\0',_binary '',1,100000000,1,100,1,2,'Required.',_binary ''),(51,28,'Enabled','Enabled','فعال','Enabled','Mono','Primitive','Boolean',NULL,NULL,NULL,NULL,_binary '\0',_binary '',1,100000000,1,100,1,3,'Required.',_binary ''),(52,29,'Id','Id','شناسه','Id','Mono','Primitive','Long',NULL,NULL,NULL,NULL,_binary '\0',_binary '',1,100000000,1,100,1,1,'None.',_binary ''),(53,29,'Key','Key','کلید','Key','Mono','SelectEnum','Enum',15,NULL,NULL,NULL,_binary '\0',_binary '',1,100000000,1,100,1,2,'Required.',_binary ''),(54,29,'Value','Value','محتوا','Value','Mono','Primitive','String',NULL,NULL,NULL,NULL,_binary '\0',_binary '',1,100000000,1,100,1,2,'Required.',_binary ''),(55,29,'Enabled','Enabled','فعال','Enabled','Mono','Primitive','Boolean',NULL,NULL,NULL,NULL,_binary '\0',_binary '',1,100000000,1,100,1,3,'Required.',_binary ''),(56,30,'Id','Id','شناسه','Id','Mono','Primitive','Long',NULL,NULL,NULL,NULL,_binary '\0',_binary '',1,100000000,1,100,1,1,'None.',_binary ''),(57,30,'EnTitle','EnTitle','عنوان انگلیسی','EnTitle','Mono','Primitive','String',NULL,NULL,NULL,NULL,_binary '\0',_binary '',1,100000000,1,100,1,2,'Required.',_binary ''),(58,30,'FaTitle','FaTitle','عنوان فارسی','FaTitle','Mono','Primitive','String',NULL,NULL,NULL,NULL,_binary '\0',_binary '',1,100000000,1,100,1,2,'Required.',_binary ''),(59,30,'IsOther','IsOther','فعال','IsOther','Mono','Primitive','Boolean',NULL,NULL,NULL,NULL,_binary '\0',_binary '',1,100000000,1,100,1,3,'Required.',_binary ''),(60,31,'Id','Id','شناسه','Id','Mono','Primitive','Long',NULL,NULL,NULL,NULL,_binary '\0',_binary '',1,100000000,1,100,1,1,'None.',_binary ''),(61,31,'Title','Title','عنوان','Title','Mono','Primitive','String',NULL,NULL,NULL,NULL,_binary '\0',_binary '',1,100000000,1,100,1,2,'Required.',_binary ''),(62,31,'IsOther','IsOther','فعال','IsOther','Mono','Primitive','Boolean',NULL,NULL,NULL,NULL,_binary '\0',_binary '',1,100000000,1,100,1,3,'Required.',_binary ''),(63,32,'Id','Id','شناسه','Id','Mono','Primitive','Long',NULL,NULL,NULL,NULL,_binary '\0',_binary '',1,100000000,1,100,1,1,'None.',_binary ''),(64,32,'Code','Code','کد','Code','Mono','Primitive','String',NULL,NULL,NULL,NULL,_binary '\0',_binary '',1,100000000,1,100,1,2,'Required.',_binary ''),(65,32,'EnTitle','EnTitle','عنوان انگلیسی','EnTitle','Mono','Primitive','String',NULL,NULL,NULL,NULL,_binary '\0',_binary '',1,100000000,1,100,1,2,'Required.',_binary ''),(66,32,'FaTitle','FaTitle','عنوان فارسی','FaTitle','Mono','Primitive','String',NULL,NULL,NULL,NULL,_binary '\0',_binary '',1,100000000,1,100,1,2,'Required.',_binary ''),(67,32,'Enabled','Enabled','فعال','Enabled','Mono','Primitive','Boolean',NULL,NULL,NULL,NULL,_binary '\0',_binary '',1,100000000,1,100,1,3,'Required.',_binary ''),(68,32,'Days','Days','تعداد روز','Days','Mono','Primitive','Long',NULL,NULL,NULL,NULL,_binary '\0',_binary '',1,100000000,1,100,1,1,'None.',_binary ''),(69,32,'SequenceIndex','SequenceIndex','ترتیب','SequenceIndex','Mono','Primitive','Long',NULL,NULL,NULL,NULL,_binary '\0',_binary '',1,100000000,1,100,1,1,'None.',_binary ''),(70,32,'SalesType','Sales type','نوع فروش','Sales type','Mono','SelectEnum','Enum',12,NULL,NULL,NULL,_binary '\0',_binary '',1,100000000,1,100,3,1,'Required.',_binary ''),(71,32,'EditionType','Edition type','نسخه','Edition type','Mono','SelectEnum','Enum',13,NULL,NULL,NULL,_binary '\0',_binary '',1,100000000,1,100,3,1,'Required.',_binary ''),(72,33,'Id','Id','شناسه','Id','Mono','Primitive','Long',NULL,NULL,NULL,NULL,_binary '\0',_binary '',1,100000000,1,100,1,1,'None.',_binary ''),(73,33,'Code','Code','کد','Code','Mono','Primitive','String',NULL,NULL,NULL,NULL,_binary '\0',_binary '',1,100000000,1,100,1,2,'Required.',_binary ''),(74,33,'EnTitle','EnTitle','عنوان انگلیسی','EnTitle','Mono','Primitive','String',NULL,NULL,NULL,NULL,_binary '\0',_binary '',1,100000000,1,100,1,2,'Required.',_binary ''),(75,33,'FaTitle','FaTitle','عنوان فارسی','FaTitle','Mono','Primitive','String',NULL,NULL,NULL,NULL,_binary '\0',_binary '',1,100000000,1,100,1,2,'Required.',_binary ''),(76,33,'Enabled','Enabled','فعال','Enabled','Mono','Primitive','Boolean',NULL,NULL,NULL,NULL,_binary '\0',_binary '',1,100000000,1,100,1,3,'Required.',_binary ''),(77,33,'SequenceIndex','SequenceIndex','ترتیب','SequenceIndex','Mono','Primitive','Long',NULL,NULL,NULL,NULL,_binary '\0',_binary '',1,100000000,1,100,1,1,'None.',_binary ''),(78,33,'SalesType','Sales type','نوع فروش','Sales type','Mono','SelectEnum','Enum',12,NULL,NULL,NULL,_binary '\0',_binary '',1,100000000,1,100,3,1,'Required.',_binary ''),(79,33,'EditionType','Edition type','نسخه','Edition type','Mono','SelectEnum','Enum',13,NULL,NULL,NULL,_binary '\0',_binary '',1,100000000,1,100,3,1,'Required.',_binary ''),(80,34,'Id','Id','شناسه','Id','Mono','Primitive','Long',NULL,NULL,NULL,NULL,_binary '\0',_binary '',1,100000000,1,100,1,1,'None.',_binary ''),(81,34,'Code','Code','کد','Code','Mono','Primitive','String',NULL,NULL,NULL,NULL,_binary '\0',_binary '',1,100000000,1,100,1,2,'Required.',_binary ''),(82,34,'EnTitle','EnTitle','عنوان انگلیسی','EnTitle','Mono','Primitive','String',NULL,NULL,NULL,NULL,_binary '\0',_binary '',1,100000000,1,100,1,2,'Required.',_binary ''),(83,34,'FaTitle','FaTitle','عنوان فارسی','FaTitle','Mono','Primitive','String',NULL,NULL,NULL,NULL,_binary '\0',_binary '',1,100000000,1,100,1,2,'Required.',_binary ''),(84,34,'Enabled','Enabled','فعال','Enabled','Mono','Primitive','Boolean',NULL,NULL,NULL,NULL,_binary '\0',_binary '',1,100000000,1,100,1,3,'Required.',_binary ''),(85,34,'LowerBound','LowerBound','کران پایین','LowerBound','Mono','Primitive','Long',NULL,NULL,NULL,NULL,_binary '\0',_binary '',1,100000000,1,100,1,1,'None.',_binary ''),(86,34,'UpperBound','UpperBound','کران بالا','UpperBound','Mono','Primitive','Long',NULL,NULL,NULL,NULL,_binary '\0',_binary '',1,100000000,1,100,1,1,'None.',_binary ''),(87,34,'SequenceIndex','SequenceIndex','ترتیب','SequenceIndex','Mono','Primitive','Long',NULL,NULL,NULL,NULL,_binary '\0',_binary '',1,100000000,1,100,1,1,'None.',_binary ''),(88,34,'SalesType','Sales type','نوع فروش','Sales type','Mono','SelectEnum','Enum',12,NULL,NULL,NULL,_binary '\0',_binary '',1,100000000,1,100,3,1,'Required.',_binary ''),(89,34,'EditionType','Edition type','نسخه','Edition type','Mono','SelectEnum','Enum',13,NULL,NULL,NULL,_binary '\0',_binary '',1,100000000,1,100,3,1,'Required.',_binary ''),(90,35,'Id','Id','شناسه','Id','Mono','Primitive','Long',NULL,NULL,NULL,NULL,_binary '\0',_binary '',1,100000000,1,100,1,1,'None.',_binary ''),(91,35,'EnTitle','EnTitle','عنوان انگلیسی','EnTitle','Mono','Primitive','String',NULL,NULL,NULL,NULL,_binary '\0',_binary '',1,100000000,1,100,1,2,'Required.',_binary ''),(92,35,'FaTitle','FaTitle','عنوان فارسی','FaTitle','Mono','Primitive','String',NULL,NULL,NULL,NULL,_binary '\0',_binary '',1,100000000,1,100,1,2,'Required.',_binary ''),(93,35,'PartNumber','PartNumber','شماره قطعه','PartNumber','Mono','Primitive','String',NULL,NULL,NULL,NULL,_binary '\0',_binary '',1,100000000,1,100,1,2,'Required.',_binary ''),(94,35,'Enabled','Enabled','فعال','Enabled','Mono','Primitive','Boolean',NULL,NULL,NULL,NULL,_binary '\0',_binary '',1,100000000,1,100,1,3,'Required.',_binary ''),(95,35,'InvoicePartNumber','InvoicePartNumber','شماره قطعه برای فاکتور','InvoicePartNumber','Mono','Primitive','String',NULL,NULL,NULL,NULL,_binary '\0',_binary '',1,100000000,1,100,1,2,'Required.',_binary ''),(96,36,'Id','Id','شناسه','Id','Mono','Primitive','Long',NULL,NULL,NULL,NULL,_binary '\0',_binary '',1,100000000,1,100,1,1,'None.',_binary ''),(97,36,'EnTitle','EnTitle','عنوان انگلیسی','EnTitle','Mono','Primitive','String',NULL,NULL,NULL,NULL,_binary '\0',_binary '',1,100000000,1,100,1,2,'Required.',_binary ''),(98,36,'FaTitle','FaTitle','عنوان فارسی','FaTitle','Mono','Primitive','String',NULL,NULL,NULL,NULL,_binary '\0',_binary '',1,100000000,1,100,1,2,'Required.',_binary ''),(99,36,'Enabled','Enabled','فعال','Enabled','Mono','Primitive','Boolean',NULL,NULL,NULL,NULL,_binary '\0',_binary '',1,100000000,1,100,1,3,'Required.',_binary ''),(100,37,'Id','Id','شناسه','Id','Mono','Primitive','Long',NULL,NULL,NULL,NULL,_binary '\0',_binary '',1,100000000,1,100,1,1,'None.',_binary ''),(101,37,'LowerBound','LowerBound','کران پایین','LowerBound','Mono','Primitive','Long',NULL,NULL,NULL,NULL,_binary '\0',_binary '',1,100000000,1,100,1,1,'None.',_binary ''),(102,37,'UpperBound','UpperBound','کران بالا','UpperBound','Mono','Primitive','Long',NULL,NULL,NULL,NULL,_binary '\0',_binary '',1,100000000,1,100,1,1,'None.',_binary ''),(103,37,'PercentageDiscount','PercentageDiscount','درصد تخفیف','PercentageDiscount','Mono','Primitive','Long',NULL,NULL,NULL,NULL,_binary '\0',_binary '',1,100000000,1,100,1,1,'None.',_binary ''),(104,37,'Enabled','Enabled','فعال','Enabled','Mono','Primitive','Boolean',NULL,NULL,NULL,NULL,_binary '\0',_binary '',1,100000000,1,100,1,3,'Required.',_binary ''),(105,37,'UiShow','UiShow','نمایش در واسط گرافیکی','UiShow','Mono','Primitive','Boolean',NULL,NULL,NULL,NULL,_binary '\0',_binary '',1,100000000,1,100,1,3,'Required.',_binary ''),(106,37,'SteppedDiscountAgreement','SteppedDiscountAgreement','تخفیف پلکانی','SteppedDiscountAgreement','Mono','SelectEntity','Entity',NULL,36,'ManyToOne','HasA',_binary '\0',_binary '',1,100000000,1,100,3,2,'Required.',_binary ''),(107,38,'Id','Id','شناسه','Id','Mono','Primitive','Long',NULL,NULL,NULL,NULL,_binary '\0',_binary '',1,100000000,1,100,1,1,'None.',_binary ''),(108,38,'EnTitle','EnTitle','عنوان انگلیسی','EnTitle','Mono','Primitive','String',NULL,NULL,NULL,NULL,_binary '\0',_binary '',1,100000000,1,100,1,2,'Required.',_binary ''),(109,38,'FaTitle','FaTitle','عنوان فارسی','FaTitle','Mono','Primitive','String',NULL,NULL,NULL,NULL,_binary '\0',_binary '',1,100000000,1,100,1,2,'Required.',_binary ''),(110,38,'Enabled','Enabled','فعال','Enabled','Mono','Primitive','Boolean',NULL,NULL,NULL,NULL,_binary '\0',_binary '',1,100000000,1,100,1,3,'Required.',_binary ''),(111,39,'Id','Id','شناسه','Id','Mono','Primitive','Long',NULL,NULL,NULL,NULL,_binary '\0',_binary '',1,100000000,1,100,1,1,'None.',_binary ''),(112,39,'LowerBound','LowerBound','کران پایین','LowerBound','Mono','Primitive','Long',NULL,NULL,NULL,NULL,_binary '\0',_binary '',1,100000000,1,100,1,1,'None.',_binary ''),(113,39,'UpperBound','UpperBound','کران بالا','UpperBound','Mono','Primitive','Long',NULL,NULL,NULL,NULL,_binary '\0',_binary '',1,100000000,1,100,1,1,'None.',_binary ''),(114,39,'PercentageDiscount','PercentageDiscount','درصد تخفیف','PercentageDiscount','Mono','Primitive','Long',NULL,NULL,NULL,NULL,_binary '\0',_binary '',1,100000000,1,100,1,1,'None.',_binary ''),(115,39,'Enabled','Enabled','فعال','Enabled','Mono','Primitive','Boolean',NULL,NULL,NULL,NULL,_binary '\0',_binary '',1,100000000,1,100,1,3,'Required.',_binary ''),(116,39,'CouponSteppedDiscountAgreement','CouponSteppedDiscountAgreement','تخفیف کوپن','CouponSteppedDiscountAgreement','Mono','SelectEntity','Entity',NULL,38,'ManyToOne','HasA',_binary '\0',_binary '',1,100000000,1,100,3,2,'Required.',_binary ''),(117,40,'Id','Id','شناسه','Id','Mono','Primitive','Long',NULL,NULL,NULL,NULL,_binary '\0',_binary '',1,100000000,1,100,1,1,'None.',_binary ''),(118,40,'FirstName','FirstName','نام انگلیسی','FirstName','Mono','Primitive','String',NULL,NULL,NULL,NULL,_binary '\0',_binary '',1,100000000,1,100,1,2,'Required.',_binary ''),(119,40,'LastName','LastName','نام خانوادگی انگلیسی','LastName','Mono','Primitive','String',NULL,NULL,NULL,NULL,_binary '\0',_binary '',1,100000000,1,100,1,2,'Required.',_binary ''),(120,40,'FaFirstName','FaFirstName','نام فارسی','FaFirstName','Mono','Primitive','String',NULL,NULL,NULL,NULL,_binary '\0',_binary '',1,100000000,1,100,1,2,'Required.',_binary ''),(121,40,'FaLastName','FaLastName','نام خانوادگی فارسی','FaLastName','Mono','Primitive','String',NULL,NULL,NULL,NULL,_binary '\0',_binary '',1,100000000,1,100,1,2,'Required.',_binary ''),(122,40,'Username','Username','نام کاربری','Username','Mono','Primitive','String',NULL,NULL,NULL,NULL,_binary '\0',_binary '',1,100000000,1,100,1,2,'Required.',_binary ''),(123,41,'Id','Id','شناسه','Id','Mono','Primitive','Long',NULL,NULL,NULL,NULL,_binary '\0',_binary '',1,100000000,1,100,1,1,'None.',_binary ''),(124,41,'Code','Code','کد','Code','Mono','Primitive','String',NULL,NULL,NULL,NULL,_binary '\0',_binary '',1,100000000,1,100,1,2,'Required.',_binary ''),(125,41,'EnTitle','EnTitle','عنوان انگلیسی','EnTitle','Mono','Primitive','String',NULL,NULL,NULL,NULL,_binary '\0',_binary '',1,100000000,1,100,1,2,'Required.',_binary ''),(126,41,'FaTitle','FaTitle','عنوان فارسی','FaTitle','Mono','Primitive','String',NULL,NULL,NULL,NULL,_binary '\0',_binary '',1,100000000,1,100,1,2,'Required.',_binary '');
/*!40000 ALTER TABLE `data_entity_attribute` ENABLE KEYS */;
UNLOCK TABLES;

--
-- Table structure for table `data_enum`
--

DROP TABLE IF EXISTS `data_enum`;
/*!40101 SET @saved_cs_client     = @@character_set_client */;
/*!50503 SET character_set_client = utf8mb4 */;
CREATE TABLE `data_enum` (
  `id` bigint(20) NOT NULL AUTO_INCREMENT,
  `category` varchar(255) NOT NULL,
  `name` varchar(255) NOT NULL,
  PRIMARY KEY (`id`)
) ENGINE=InnoDB AUTO_INCREMENT=16 DEFAULT CHARSET=utf8;
/*!40101 SET character_set_client = @saved_cs_client */;

--
-- Dumping data for table `data_enum`
--

LOCK TABLES `data_enum` WRITE;
/*!40000 ALTER TABLE `data_enum` DISABLE KEYS */;
INSERT INTO `data_enum` VALUES (1,'financial','ChequeStatusEnum'),(2,'financial','DraftInvoiceStatusEnum'),(3,'financial','DraftInvoiceFinalizeStatusEnum'),(4,'feature','UseCaseUsageEnum'),(5,'feature','EntityAttributeQuantityEnum'),(6,'feature','EntityAttributeCategoryEnum'),(7,'feature','PrimitiveAttributeTypeEnum'),(8,'feature','UserInterfaceTypeEnum'),(9,'sample','SampleStatusEnum'),(10,'online_payment','OnlinePaymentTransactionStatusEnum'),(11,'online_payment','OnlinePaymentTransactionStepTypeEnum'),(12,'product','ProductSalesType'),(13,'product','ProductEditionType'),(14,'config','GeneralKeyEnum'),(15,'config','SystemKeyEnum');
/*!40000 ALTER TABLE `data_enum` ENABLE KEYS */;
UNLOCK TABLES;

--
-- Table structure for table `domain_entity`
--

DROP TABLE IF EXISTS `domain_entity`;
/*!40101 SET @saved_cs_client     = @@character_set_client */;
/*!50503 SET character_set_client = utf8mb4 */;
CREATE TABLE `domain_entity` (
  `id` bigint(20) NOT NULL AUTO_INCREMENT,
  `generation_enable` bit(1) NOT NULL,
  `name` varchar(255) NOT NULL,
  `title` varchar(255) NOT NULL,
  `fa_title` varchar(255) NOT NULL,
  `description` varchar(255) NOT NULL,
  `software_feature_id` bigint(20) NOT NULL,
  `software_application_panel_id` bigint(20) NOT NULL,
  `crud_code_generation_id` bigint(20) DEFAULT NULL,
  PRIMARY KEY (`id`),
  KEY `FK2tneq4xirr2gxn742lhadvben` (`software_feature_id`),
  KEY `FKn5p2q49rcxqy5spyyic9oek78` (`software_application_panel_id`),
  KEY `FKseiyjbg7hx1dwdv3b3xnsjmw4` (`crud_code_generation_id`),
  CONSTRAINT `FK2tneq4xirr2gxn742lhadvben` FOREIGN KEY (`software_feature_id`) REFERENCES `software_feature` (`id`),
  CONSTRAINT `FKn5p2q49rcxqy5spyyic9oek78` FOREIGN KEY (`software_application_panel_id`) REFERENCES `software_application_panel` (`id`),
  CONSTRAINT `FKseiyjbg7hx1dwdv3b3xnsjmw4` FOREIGN KEY (`crud_code_generation_id`) REFERENCES `crud_code_generation` (`id`)
) ENGINE=InnoDB AUTO_INCREMENT=137 DEFAULT CHARSET=utf8;
/*!40101 SET character_set_client = @saved_cs_client */;

--
-- Dumping data for table `domain_entity`
--

LOCK TABLES `domain_entity` WRITE;
/*!40000 ALTER TABLE `domain_entity` DISABLE KEYS */;
INSERT INTO `domain_entity` VALUES (1,_binary '','SalesAgentContract4SalesChannelDepartment','Sales agent contract for sales channel department','قرارداد عامل فروش برای واحد کانال فروش','The Sales agent contract for sales channel department',1,1,NULL),(2,_binary '','Deposit4SalesChannelDepartment','Deposit for sales channel department','واریزی عامل فروش برای واحد کانال فروش','The Deposit for sales channel department',2,1,NULL),(3,_binary '','Cheque4SalesChannelDepartment','Cheque for sales channel department','چک دریافتی عامل فروش برای واحد کانال فروش','The Cheque for sales channel department',3,1,NULL),(4,_binary '\0','DraftInvoice4SalesChannelDepartment','Draft invoice for sales channel department','پیش فاکتور عامل فروش برای واحد کانال فروش','The Draft invoice for sales channel department',4,1,NULL),(5,_binary '','Software4ProjectManager','Software for project manager','نرم افزار برای مدیر پروژه','The Software for project manager',5,3,NULL),(6,_binary '','UseCaseDataAttribute4ProjectManager','Use case data attribute for project manager','صفت داده مورد کاربری برای مدیر پروژه','The Use case data attribute for project manager',7,3,NULL),(7,_binary '\0','UseCase4ProjectManager','Use case for project manager','مورد کاربری برای مدیر پروژه','The use case for project manager',8,3,NULL),(117,_binary '','SampleB4ProjectManager','SampleB for Project Manager','نمونه دوم برای مدیریت پروژه','',9,3,1),(118,_binary '','Country4SalesChannelDepartment','Country for Sales Channel Department','کشور برای واحد فروش','',10,1,2),(119,_binary '','Province4SalesChannelDepartment','Province for Sales Channel Department','استان برای واحد فروش','',10,1,3),(120,_binary '','City4SalesChannelDepartment','City for Sales Channel Department','شهر برای واحد فروش','',10,1,4),(121,_binary '\0','OnlinePaymentTransaction4SalesChannelDepartment','OnlinePaymentTransaction for Sales Channel Department','تراکنش پرداخت آنلاین برای واحد فروش','',11,1,5),(122,_binary '','OnlinePaymentTransactionStep4SalesChannelDepartment','OnlinePaymentTransactionStep for Sales Channel Department','گام تراکنش پرداخت آنلاین برای واحد فروش','',11,1,6),(123,_binary '','GeneralKeysValues4Administrator','GeneralKeysValues for Administrator','کلید مقدار های عمومی برای مدیر نرم افزار','',12,1,7),(124,_binary '','SystemKeysValues4Administrator','SystemKeysValues for Administrator','کلید مقدار های سیستمی برای مدیر نرم افزار','',12,1,8),(125,_binary '','ActivityField4SalesChannelDepartment','ActivityField for Sales Channel Department','زمینه فعالیت برای واحد فروش','',13,1,9),(126,_binary '','AntivirusBrand4SalesChannelDepartment','AntivirusBrand for Sales Channel Department','برند ضد ویروس برای واحد فروش','',13,1,10),(127,_binary '','ProductDuration4SalesChannelDepartment','ProductDuration for Sales Channel Department','بازه زمانی محصول برای واحد فروش','',14,1,11),(128,_binary '','ProductLicenceType4SalesChannelDepartment','ProductLicenceType for Sales Channel Department','نوع لایسنس محصول برای واحد فروش','',14,1,12),(129,_binary '','ProductStationCount4SalesChannelDepartment','ProductStationCount for Sales Channel Department','بازه تعداد کاربر محصول برای واحد فروش','',14,1,13),(130,_binary '','ProductType4SalesChannelDepartment','ProductType for Sales Channel Department','نوع محصول برای واحد فروش','',14,1,14),(131,_binary '','SteppedDiscountAgreement4SalesChannelDepartment','SteppedDiscountAgreement for Sales Channel Department','تخفیف پلکانی برای واحد فروش','',15,1,15),(132,_binary '','SteppedDiscountLevel4SalesChannelDepartment','SteppedDiscountLevel for Sales Channel Department','پله تخفیف پلکانی برای واحد فروش','',15,1,16),(133,_binary '','CouponSteppedDiscountAgreement4SalesChannelDepartment','CouponSteppedDiscountAgreement for Sales Channel Department','تخفیف کوپن برای واحد فروش','',16,1,17),(134,_binary '','CouponSteppedDiscountLevel4SalesChannelDepartment','CouponSteppedDiscountLevel for Sales Channel Department','پله تخفیف کوپن برای واحد فروش','',16,1,18),(135,_binary '','User4Administrator','User for Administrator','کاربر برای مدیر نرم افزار','',17,1,19),(136,_binary '','Currency4Administrator','Currency for Administrator','واحد پول برای مدیر نرم افزار','',18,1,20);
/*!40000 ALTER TABLE `domain_entity` ENABLE KEYS */;
UNLOCK TABLES;

--
-- Table structure for table `domain_entity_attribute`
--

DROP TABLE IF EXISTS `domain_entity_attribute`;
/*!40101 SET @saved_cs_client     = @@character_set_client */;
/*!50503 SET character_set_client = utf8mb4 */;
CREATE TABLE `domain_entity_attribute` (
  `id` bigint(20) NOT NULL AUTO_INCREMENT,
  `attribute_category` varchar(255) NOT NULL,
  `attribute_quantity` varchar(255) NOT NULL,
  `description` varchar(255) NOT NULL,
  `name` varchar(255) NOT NULL,
  `primitive_attribute_type` varchar(255) DEFAULT NULL,
  `title` varchar(255) NOT NULL,
  `domain_entity_id` bigint(20) NOT NULL,
  `domain_entity_attribute_type_id` bigint(20) DEFAULT NULL,
  `map_path` varchar(255) DEFAULT NULL,
  `map_path_attribute_type` varchar(255) DEFAULT NULL,
  `fa_title` varchar(255) NOT NULL,
  `ui_column` bigint(20) NOT NULL,
  `ui_row` bigint(20) NOT NULL,
  `ui_grid_list_show` bit(1) NOT NULL,
  PRIMARY KEY (`id`),
  KEY `FK241saoex3hl4rnryp2oj8edyg` (`domain_entity_id`),
  KEY `FKt48x5seipvl4mrl133m2d63pe` (`domain_entity_attribute_type_id`),
  CONSTRAINT `FK241saoex3hl4rnryp2oj8edyg` FOREIGN KEY (`domain_entity_id`) REFERENCES `domain_entity` (`id`),
  CONSTRAINT `FKt48x5seipvl4mrl133m2d63pe` FOREIGN KEY (`domain_entity_attribute_type_id`) REFERENCES `domain_entity` (`id`)
) ENGINE=InnoDB AUTO_INCREMENT=918 DEFAULT CHARSET=utf8;
/*!40101 SET character_set_client = @saved_cs_client */;

--
-- Dumping data for table `domain_entity_attribute`
--

LOCK TABLES `domain_entity_attribute` WRITE;
/*!40000 ALTER TABLE `domain_entity_attribute` DISABLE KEYS */;
INSERT INTO `domain_entity_attribute` VALUES (1,'Primitive','Mono','The id of contract','Id','Long','Contract Id',1,NULL,'Id','Long','شناسه',0,0,_binary ''),(2,'Primitive','Mono','The sales agent title','SalesAgentTitle','String','Sales Agent Title',1,NULL,'SalesAgent.Customer.FaTitle','String','نمایندگی',0,0,_binary ''),(3,'Primitive','Mono','The status of contract','ContractStatus','String','Contract Status',1,NULL,'ContractStatus','Enum','وضعیت',0,0,_binary ''),(4,'Primitive','Mono','The start date of contract','StartDate','String','Start Date',1,NULL,'StartDate','JavaDate','شروع',0,0,_binary ''),(5,'Primitive','Mono','The finish date of contract','FinishDate','String','Finish Date',1,NULL,'FinishDate','JavaDate','پایان',0,0,_binary ''),(10,'Primitive','Mono','The financial document number of deposit','FinancialDocumentNumber','Long','FinancialDocumentNumber ',2,NULL,'FinancialDocument.FinancialDocumentNumber','Long','شماره سند',0,0,_binary ''),(11,'Primitive','Mono','The sales agent title','SalesAgentTitle','String','Sales agent title',2,NULL,'FinancialDocument.SalesAgent.Customer.FaTitle','String','نمایندگی',0,0,_binary ''),(12,'Primitive','Mono','The deposit date','DepositDate','String','Deposit date',2,NULL,'DepositDate','JavaDate','تاریخ واریز',0,0,_binary ''),(13,'Primitive','Mono','The amount of financial document','FinancialDocumentAmount','Long','Financial document amount',2,NULL,'FinancialDocument.Amount','Long','مبلغ سند',0,0,_binary ''),(14,'Primitive','Mono','The name of bank','BankName','String','Bank name',2,NULL,'BankName','String','بانک',0,0,_binary ''),(15,'Primitive','Mono','The name of bank branch','BankBranchName','String','Bank branch name',2,NULL,'BankBranchName','String','شعبه بانک',0,0,_binary ''),(16,'Primitive','Mono','The bank account number','BankAccountNumber','String','Bank account number',2,NULL,'BankAccountNumber','String','شماره حساب',0,0,_binary ''),(17,'Primitive','Mono','The id of deposit','Id','Long','Deposit Id',2,NULL,'Id','Long','شناسه',0,0,_binary ''),(18,'Primitive','Mono','The id of cheque','Id','Long','Cheque Id',3,NULL,'Id','Long','شناسه',0,0,_binary ''),(19,'Primitive','Mono','The financial document number of cheque','FinancialDocumentNumber','Long','Financial document number ',3,NULL,'FinancialDocument.FinancialDocumentNumber','Long','شماره سند',0,0,_binary ''),(20,'Primitive','Mono','The sales agent title','SalesAgentTitle','String','Sales agent title',3,NULL,'FinancialDocument.SalesAgent.Customer.FaTitle','String','نمایندگی',0,0,_binary ''),(21,'Primitive','Mono','The cheque receive date','ReceiveDate','String','Cheque receive Date',3,NULL,'ReceiveDate','JavaDate','تاریخ دریافت',0,0,_binary ''),(22,'Primitive','Mono','The amount of financial document','FinancialDocumentAmount','Long','Financial document amount',3,NULL,'FinancialDocument.Amount','Long','مبلغ چک',0,0,_binary ''),(23,'Primitive','Mono','The name of bank','BankName','String','Bank name',3,NULL,'BankName','String','بانک',0,0,_binary ''),(24,'Primitive','Mono','The name of bank branch','BankBranchName','String','Bank branch name',3,NULL,'BankBranchName','String','شعبه بانک',0,0,_binary ''),(25,'Primitive','Mono','The status od cheque','Status','String','Bank account number',3,NULL,'Status','Enum','وضعیت',0,0,_binary ''),(26,'Primitive','Mono','The due date of cheque','DueDate','String','Cheque due date',3,NULL,'DueDate','JavaDate','سررسید چک',0,0,_binary ''),(27,'Primitive','Mono','The Minimum number of activated serials','MinimumNumberOfActivatedSerials','Long','Minimum number of activated serials',1,NULL,'MinimumNumberOfActivatedSerials','Long','حداقل سریال فعالسازی شده',0,0,_binary ''),(28,'Primitive','Mono','The Maximum payment amount per sales order','MaximumPaymentAmount','Long','Maximum payment amount',1,NULL,'MaximumPaymentAmount','Long','حداکثر مبلغ خرید',0,0,_binary ''),(29,'Primitive','Mono','The id of draft invoice','Id','Long','Draft invoice Id',4,NULL,'Id','Long','شناسه پیش فاکتور',0,0,_binary ''),(30,'Primitive','Mono','The sales agent title','SalesAgentTitle','String','Sales agent title',4,NULL,'SalesAgent.Customer.FaTitle','String','نمایندگی',0,0,_binary ''),(31,'Primitive','Mono','The draft invoice number','DraftInvoiceNumber','Long','Draft invoice number',4,NULL,'DraftInvoiceNumber','Long','شماره پیش فاکتور',0,0,_binary ''),(32,'Primitive','Mono','The draft invoice date','DraftInvoiceDate','String','Draft invoice date',4,NULL,'DraftInvoiceDate','JavaDate','تاریخ پیش فاکتور',0,0,_binary ''),(33,'Primitive','Mono','The status','Status','String','Status',4,NULL,'Status','Enum','وضعیت',0,0,_binary ''),(34,'Primitive','Mono','The finalize status','FinalizeStatus','String','Finalize Status',4,NULL,'FinalizeStatus','Enum','وضعیت پیش فاکتور',0,0,_binary ''),(35,'Primitive','Mono','The create date','CreateDate','String','Create date',4,NULL,'CreateDate','JavaDate','تاریخ ثبت پیش فاکتور',0,0,_binary ''),(36,'Primitive','Mono','The product amount','ProductAmount','Long','Product amount',4,NULL,'ProductAmount','Long','مبلغ محصولات',0,0,_binary ''),(37,'Primitive','Mono','The discount amount','DiscountAmount','Long','Discount amount',4,NULL,'DiscountAmount','Long','مبلغ تخفیف',0,0,_binary ''),(38,'Primitive','Mono','The final amount','FinalAmount','Long','Final amount',4,NULL,'FinalAmount','Long','مبلغ نهایی',0,0,_binary ''),(39,'Primitive','Mono','The final payable amount','FinalAmountPayable','Long','Final amount payable',4,NULL,'FinalAmountPayable','Long','مبلغ نهایی پرداختنی',0,0,_binary ''),(40,'Primitive','Mono','The id of software','Id','Long','Software Id',5,NULL,'Id','Long','شناسه نرم افزار',0,0,_binary ''),(41,'Primitive','Mono','The name of software','Name','String','Software name',5,NULL,'Name','String','نام فنی نرم افزار',0,0,_binary ''),(42,'Primitive','Mono','The title of software','Title','String','Software title',5,NULL,'Title','String','عنوان نرم افزار',0,0,_binary ''),(43,'Primitive','Mono','The id of use case data attribute','Id','Long','Use case data attribute Id',6,NULL,'Id','Long','شناسه',0,0,_binary ''),(44,'Primitive','Mono','The name of use case','UseCaseName','String','Name of use case',6,NULL,'UseCaseData.UseCase.Name','String','مورد کاربری',0,0,_binary ''),(45,'Primitive','Mono','The name of use case data','UseCaseDataName','String','Title of use case data',6,NULL,'UseCaseData.Name','String','داده مورد کاربری',0,0,_binary ''),(46,'Primitive','Mono','The name of use case data attribute','Name','String','Name of use case data attribute',6,NULL,'Name','String','نام فنی',0,0,_binary ''),(47,'Primitive','Mono','The title of use case data attribute','Title','String','Title of use case data attribute',6,NULL,'Title','String','عنوان',0,0,_binary '\0'),(48,'Primitive','Mono','The farsi title of use case data attribute','FaTitle','String','Farsi title of use case data attribute',6,NULL,'FaTitle','String','نام فارسی',0,0,_binary '\0'),(49,'Primitive','Mono','The description of use case data attribute','Description','String','Description of use case data attribute',6,NULL,'Description','String','شرح',0,0,_binary '\0'),(50,'Primitive','Mono','The use case usage','UseCaseUsageEnum','String','Use case usage',6,NULL,'UseCaseUsageEnum','Enum','کاربرد در مورد کاربری',0,0,_binary ''),(51,'Primitive','Mono','The attribute quantity','AttributeQuantity','String','Attribute quantity',6,NULL,'AttributeQuantity','Enum','نوع شمارشی',0,0,_binary '\0'),(52,'Primitive','Mono','The attribute category','AttributeCategory','String','Attribute category',6,NULL,'AttributeCategory','Enum','دسته بندی',0,0,_binary ''),(53,'Primitive','Mono','The primitive attribute','PrimitiveAttributeType','String','Primitive attribute type',6,NULL,'PrimitiveAttributeType','Enum','نوع پایه',0,0,_binary '\0'),(54,'Primitive','Mono','The setter of update path','SetterOfUpdatePath','String','Setter of update path',6,NULL,'SetterOfUpdatePath','String','مسیر setter',0,0,_binary '\0'),(55,'Primitive','Mono','The getter of update path','GetterOfUpdatePath','String','Getter of update path',6,NULL,'GetterOfUpdatePath','String','مسیر getter',0,0,_binary '\0'),(58,'Primitive','Mono','The domain entity attribute type','DomainEntityAttributeType','String','Domain entity attribute type',6,NULL,'DomainEntityAttributeType','Entity','موجودیت دامنه',0,0,_binary '\0'),(59,'Primitive','Mono','The data entity attribute type','DataEntityAttributeType','String','Data entity attribute type',6,NULL,'DataEntityAttributeType','Entity','موجودیت دیتابیس',0,0,_binary '\0'),(60,'Primitive','Mono','The use case data','UseCaseData','String','Use case data',6,NULL,'UseCaseData','Entity','داده مورد کاربری',0,0,_binary '\0'),(61,'Primitive','Mono','The fruit seeds attribute','FruitSeedsAttribute','String','Fruit seeds attribute',6,NULL,'FruitSeedsAttribute','Entity','صفت تامین کننده',0,0,_binary '\0'),(62,'Primitive','Mono','The data enum','DataEnum','String','Data enum',6,NULL,'DataEnum','Entity','موجودیت شمارشی',0,0,_binary '\0'),(63,'Primitive','Mono','nullable','Nullable','Boolean','Nullable',6,NULL,'Nullable','Boolean','آیا null پذیر است؟',0,0,_binary '\0'),(64,'Primitive','Mono','required','Required','Boolean','Required',6,NULL,'Required','Boolean','آیا الزامی است؟',0,0,_binary '\0'),(65,'Primitive','Mono','minLength','MinLength','Long','MinLength',6,NULL,'MinLength','Long','کمترین طول',0,0,_binary '\0'),(66,'Primitive','Mono','maxLength','MaxLength','Long','MaxLength',6,NULL,'MaxLength','Long','بیشترین طول',0,0,_binary '\0'),(67,'Primitive','Mono','min','Min','Long','Min',6,NULL,'Min','Long','مقدار کمینه',0,0,_binary '\0'),(68,'Primitive','Mono','max','Max','Long','Max',6,NULL,'Max','Long','مقدار بیشینه',0,0,_binary '\0'),(69,'Primitive','Mono','errorTip','ErrorTip','String','ErrorTip',6,NULL,'ErrorTip','String','پیام خطا',0,0,_binary '\0'),(72,'Primitive','Mono','The id of use case','Id','Long','Use case Id',7,NULL,'Id','Long','شناسه',0,0,_binary ''),(73,'Primitive','Mono','The name of use case','UseCaseName','String','Name of use case',7,NULL,'Name','String','عنوان فنی',0,0,_binary ''),(74,'Primitive','Mono','The title of use case','Title','String','Title of use case',7,NULL,'Title','String','عنوان',0,0,_binary '\0'),(75,'Primitive','Mono','The farsi title of use case','FaTitle','String','Farsi title of use case',7,NULL,'FaTitle','String','نام فارسی',0,0,_binary '\0'),(76,'Primitive','Mono','The description of use case','Description','String','Description of use case',7,NULL,'Description','String','شرح',0,0,_binary '\0'),(77,'Primitive','Mono','The user interface type','UserInterfaceType','String','User interface type',7,NULL,'UserInterfaceType','Enum','کاربرد در واسط گرافیکی',0,0,_binary ''),(78,'Primitive','Mono','The software name','SoftwareName','String','Software feature name',7,NULL,'SoftwareFeature.SoftwareModule.Software','Entity','نرم افزار',0,0,_binary ''),(79,'Primitive','Mono','The software module name','SoftwareModuleName','String','Software module name',7,NULL,'SoftwareFeature.SoftwareModule','Entity','ماژول نرم افزاری',0,0,_binary ''),(80,'Primitive','Mono','The software feature name','SoftwareFeatureName','String','Software feature name',7,NULL,'SoftwareFeature','Entity','ويژگی نرم افزاری',0,0,_binary ''),(81,'Primitive','Mono','The software application panel','SoftwareApplicationPanelName','String','Software application panel',7,NULL,'SoftwareApplicationPanel','Entity','پنل نرم افزاری',0,0,_binary '\0'),(82,'Primitive','Mono','The software role','SoftwareRole','String','Software role',7,NULL,'SoftwareRole','Entity','نقش کاربری',0,0,_binary ''),(83,'Primitive','Mono','The data entity','DataEntity','String','Data entity',7,NULL,'DataEntity','Entity','موجودیت دیتابیسی',0,0,_binary '\0'),(84,'Primitive','Mono','The generation enable','GenerationEnable','Boolean','Generation enable',7,NULL,'GenerationEnable','Boolean','آیا تولید شود؟',0,0,_binary ''),(792,'Primitive','Mono','The sample B Id','Id','Long','Id',117,NULL,'Id','Long','شناسه',1,1,_binary ''),(793,'Primitive','Mono','Name','Name','String','Name',117,NULL,'Name','String','عنوان',2,1,_binary ''),(794,'Primitive','Mono','Active','Active','Boolean','Active',117,NULL,'Active','Boolean','فعال',3,1,_binary ''),(795,'Primitive','Mono','CreateDate','CreateDate','String','CreateDate',117,NULL,'CreateDate','JavaDate','تاریخ ایجاد',1,2,_binary ''),(796,'Primitive','Mono','Value','Value','Long','Value',117,NULL,'Value','Long','مقدار',3,2,_binary ''),(797,'SelectEnum','Mono','SampleStatus','SampleStatus','String','SampleStatus',117,NULL,'SampleStatus','Enum','وضعیت نمونه',1,3,_binary ''),(798,'SelectEntity','Mono','SampleA','SampleA','String','SampleA',117,NULL,'SampleA','Entity','نمونه یکم',2,3,_binary ''),(799,'Primitive','Mono','Id','Id','Long','Id',118,NULL,'Id','Long','شناسه',1,1,_binary ''),(800,'Primitive','Mono','EnTitle','EnTitle','String','EnTitle',118,NULL,'EnTitle','String','عنوان انگلیسی',2,1,_binary ''),(801,'Primitive','Mono','FaTitle','FaTitle','String','FaTitle',118,NULL,'FaTitle','String','عنوان فارسی',2,1,_binary ''),(802,'Primitive','Mono','Population','Population','Long','Population',118,NULL,'Population','Long','جمعیت',3,2,_binary ''),(803,'Primitive','Mono','Enabled','Enabled','Boolean','Enabled',118,NULL,'Enabled','Boolean','فعال',3,1,_binary ''),(804,'Primitive','Mono','Id','Id','Long','Id',119,NULL,'Id','Long','شناسه',1,1,_binary ''),(805,'Primitive','Mono','EnTitle','EnTitle','String','EnTitle',119,NULL,'EnTitle','String','عنوان انگلیسی',2,1,_binary ''),(806,'Primitive','Mono','FaTitle','FaTitle','String','FaTitle',119,NULL,'FaTitle','String','عنوان فارسی',2,1,_binary ''),(807,'Primitive','Mono','Population','Population','Long','Population',119,NULL,'Population','Long','جمعیت',3,2,_binary ''),(808,'Primitive','Mono','Enabled','Enabled','Boolean','Enabled',119,NULL,'Enabled','Boolean','فعال',3,1,_binary ''),(809,'SelectEntity','Mono','Country','Country','String','Country',119,NULL,'Country','Entity','کشور',2,3,_binary ''),(810,'Primitive','Mono','Id','Id','Long','Id',120,NULL,'Id','Long','شناسه',1,1,_binary ''),(811,'Primitive','Mono','EnTitle','EnTitle','String','EnTitle',120,NULL,'EnTitle','String','عنوان انگلیسی',2,1,_binary ''),(812,'Primitive','Mono','FaTitle','FaTitle','String','FaTitle',120,NULL,'FaTitle','String','عنوان فارسی',2,1,_binary ''),(813,'Primitive','Mono','Population','Population','Long','Population',120,NULL,'Population','Long','جمعیت',3,2,_binary ''),(814,'Primitive','Mono','Enabled','Enabled','Boolean','Enabled',120,NULL,'Enabled','Boolean','فعال',3,1,_binary ''),(815,'SelectEntity','Mono','Province','Province','String','Province',120,NULL,'Province','Entity','استان',2,3,_binary ''),(816,'Primitive','Mono','IsOther','IsOther','Boolean','Is other?',120,NULL,'IsOther','Boolean','آیا سایر است؟',3,1,_binary ''),(817,'Primitive','Mono','Id','Id','Long','Id',121,NULL,'Id','Long','شناسه',1,1,_binary ''),(818,'SelectEnum','Mono','Status','Status','String','Status',121,NULL,'Status','Enum','وضعیت تراکنش',1,3,_binary ''),(819,'SelectEntity','Mono','SalesOrder','SalesOrder','String','SalesOrder',121,NULL,'SalesOrder','Entity','درخواست خرید',2,3,_binary ''),(820,'Primitive','Mono','MerchantId','MerchantId','String','MerchantId',121,NULL,'MerchantId','String','شماره پذیرنده',2,1,_binary ''),(821,'Primitive','Mono','RedirectUrl','RedirectUrl','String','RedirectUrl',121,NULL,'RedirectUrl','String','آدرس بازگشت',2,1,_binary ''),(822,'Primitive','Mono','TotalAmount','TotalAmount','Long','TotalAmount',121,NULL,'TotalAmount','Long','مبلغ قابل پرداخت',2,1,_binary ''),(823,'Primitive','Mono','RequestedToken','RequestedToken','String','RequestedToken',121,NULL,'RequestedToken','String','توکن',2,1,_binary ''),(824,'Primitive','Mono','PaymentState','PaymentState','String','PaymentState',121,NULL,'PaymentState','String','وضعیت تراکنش',2,1,_binary ''),(825,'Primitive','Mono','PaymentStateCode','PaymentStateCode','String','PaymentStateCode',121,NULL,'PaymentStateCode','String','کد وضعیت تراکنش',2,1,_binary ''),(826,'Primitive','Mono','PaymentResNum','PaymentResNum','String','PaymentResNum',121,NULL,'PaymentResNum','String','شناسه خرید',2,1,_binary ''),(827,'Primitive','Mono','PaymentMID','PaymentMID','String','PaymentMID',121,NULL,'PaymentMID','String','کد پذیرنده',2,1,_binary ''),(828,'Primitive','Mono','PaymentRefNum','PaymentRefNum','String','PaymentRefNum',121,NULL,'PaymentRefNum','String','کد ارجاع تراکنش',2,1,_binary ''),(829,'Primitive','Mono','PaymentCID','PaymentCID','String','PaymentCID',121,NULL,'PaymentCID','String','شماره کارت خریدار',2,1,_binary ''),(830,'Primitive','Mono','PaymentTraceNo','PaymentTraceNo','String','PaymentTraceNo',121,NULL,'PaymentTraceNo','String','شماره پیگیری',2,1,_binary ''),(831,'Primitive','Mono','PaymentSecurePan','PaymentSecurePan','String','PaymentSecurePan',121,NULL,'PaymentSecurePan','String','شماره کارت خریدار با الزامات شاپرک',2,1,_binary ''),(832,'Primitive','Mono','TransactionVerificationResult','TransactionVerificationResult','String','TransactionVerificationResult',121,NULL,'TransactionVerificationResult','String','نتیجه تایید تراکنش',2,1,_binary ''),(833,'Primitive','Mono','CreateDate','CreateDate','String','CreateDate',121,NULL,'CreateDate','JavaDate','تاریخ ایجاد',1,2,_binary ''),(834,'Primitive','Mono','Id','Id','Long','Id',122,NULL,'Id','Long','شناسه',1,1,_binary ''),(835,'SelectEnum','Mono','StepType','StepType','String','Step type',122,NULL,'StepType','Enum','نوع گام',1,3,_binary ''),(836,'Primitive','Mono','StepDate','StepDate','String','StepDate',122,NULL,'StepDate','JavaDate','تاریخ گام',1,2,_binary ''),(837,'Primitive','Mono','Details','Details','String','Details',122,NULL,'Details','String','محتوا',2,1,_binary ''),(838,'SelectEntity','Mono','OnlinePaymentTransaction','OnlinePaymentTransaction','String','OnlinePaymentTransaction',122,NULL,'OnlinePaymentTransaction','Entity','تراکنش',2,3,_binary ''),(839,'Primitive','Mono','Id','Id','Long','Id',123,NULL,'Id','Long','شناسه',1,1,_binary ''),(840,'SelectEnum','Mono','Key','Key','String','Key',123,NULL,'Key','Enum','کلید',2,1,_binary ''),(841,'Primitive','Mono','Value','Value','String','Value',123,NULL,'Value','String','محتوا',2,1,_binary ''),(842,'Primitive','Mono','Enabled','Enabled','Boolean','Enabled',123,NULL,'Enabled','Boolean','فعال',3,1,_binary ''),(843,'Primitive','Mono','Id','Id','Long','Id',124,NULL,'Id','Long','شناسه',1,1,_binary ''),(844,'SelectEnum','Mono','Key','Key','String','Key',124,NULL,'Key','Enum','کلید',2,1,_binary ''),(845,'Primitive','Mono','Value','Value','String','Value',124,NULL,'Value','String','محتوا',2,1,_binary ''),(846,'Primitive','Mono','Enabled','Enabled','Boolean','Enabled',124,NULL,'Enabled','Boolean','فعال',3,1,_binary ''),(847,'Primitive','Mono','Id','Id','Long','Id',125,NULL,'Id','Long','شناسه',1,1,_binary ''),(848,'Primitive','Mono','EnTitle','EnTitle','String','EnTitle',125,NULL,'EnTitle','String','عنوان انگلیسی',2,1,_binary ''),(849,'Primitive','Mono','FaTitle','FaTitle','String','FaTitle',125,NULL,'FaTitle','String','عنوان فارسی',2,1,_binary ''),(850,'Primitive','Mono','IsOther','IsOther','Boolean','IsOther',125,NULL,'IsOther','Boolean','فعال',3,1,_binary ''),(851,'Primitive','Mono','Id','Id','Long','Id',126,NULL,'Id','Long','شناسه',1,1,_binary ''),(852,'Primitive','Mono','Title','Title','String','Title',126,NULL,'Title','String','عنوان',2,1,_binary ''),(853,'Primitive','Mono','IsOther','IsOther','Boolean','IsOther',126,NULL,'IsOther','Boolean','فعال',3,1,_binary ''),(854,'Primitive','Mono','Id','Id','Long','Id',127,NULL,'Id','Long','شناسه',1,1,_binary ''),(855,'Primitive','Mono','Code','Code','String','Code',127,NULL,'Code','String','کد',2,1,_binary ''),(856,'Primitive','Mono','EnTitle','EnTitle','String','EnTitle',127,NULL,'EnTitle','String','عنوان انگلیسی',2,1,_binary ''),(857,'Primitive','Mono','FaTitle','FaTitle','String','FaTitle',127,NULL,'FaTitle','String','عنوان فارسی',2,1,_binary ''),(858,'Primitive','Mono','Enabled','Enabled','Boolean','Enabled',127,NULL,'Enabled','Boolean','فعال',3,1,_binary ''),(859,'Primitive','Mono','Days','Days','Long','Days',127,NULL,'Days','Long','تعداد روز',1,1,_binary ''),(860,'Primitive','Mono','SequenceIndex','SequenceIndex','Long','SequenceIndex',127,NULL,'SequenceIndex','Long','ترتیب',1,1,_binary ''),(861,'SelectEnum','Mono','Sales type','SalesType','String','Sales type',127,NULL,'SalesType','Enum','نوع فروش',1,3,_binary ''),(862,'SelectEnum','Mono','Edition type','EditionType','String','Edition type',127,NULL,'EditionType','Enum','نسخه',1,3,_binary ''),(863,'Primitive','Mono','Id','Id','Long','Id',128,NULL,'Id','Long','شناسه',1,1,_binary ''),(864,'Primitive','Mono','Code','Code','String','Code',128,NULL,'Code','String','کد',2,1,_binary ''),(865,'Primitive','Mono','EnTitle','EnTitle','String','EnTitle',128,NULL,'EnTitle','String','عنوان انگلیسی',2,1,_binary ''),(866,'Primitive','Mono','FaTitle','FaTitle','String','FaTitle',128,NULL,'FaTitle','String','عنوان فارسی',2,1,_binary ''),(867,'Primitive','Mono','Enabled','Enabled','Boolean','Enabled',128,NULL,'Enabled','Boolean','فعال',3,1,_binary ''),(868,'Primitive','Mono','SequenceIndex','SequenceIndex','Long','SequenceIndex',128,NULL,'SequenceIndex','Long','ترتیب',1,1,_binary ''),(869,'SelectEnum','Mono','Sales type','SalesType','String','Sales type',128,NULL,'SalesType','Enum','نوع فروش',1,3,_binary ''),(870,'SelectEnum','Mono','Edition type','EditionType','String','Edition type',128,NULL,'EditionType','Enum','نسخه',1,3,_binary ''),(871,'Primitive','Mono','Id','Id','Long','Id',129,NULL,'Id','Long','شناسه',1,1,_binary ''),(872,'Primitive','Mono','Code','Code','String','Code',129,NULL,'Code','String','کد',2,1,_binary ''),(873,'Primitive','Mono','EnTitle','EnTitle','String','EnTitle',129,NULL,'EnTitle','String','عنوان انگلیسی',2,1,_binary ''),(874,'Primitive','Mono','FaTitle','FaTitle','String','FaTitle',129,NULL,'FaTitle','String','عنوان فارسی',2,1,_binary ''),(875,'Primitive','Mono','Enabled','Enabled','Boolean','Enabled',129,NULL,'Enabled','Boolean','فعال',3,1,_binary ''),(876,'Primitive','Mono','LowerBound','LowerBound','Long','LowerBound',129,NULL,'LowerBound','Long','کران پایین',1,1,_binary ''),(877,'Primitive','Mono','UpperBound','UpperBound','Long','UpperBound',129,NULL,'UpperBound','Long','کران بالا',1,1,_binary ''),(878,'Primitive','Mono','SequenceIndex','SequenceIndex','Long','SequenceIndex',129,NULL,'SequenceIndex','Long','ترتیب',1,1,_binary ''),(879,'SelectEnum','Mono','Sales type','SalesType','String','Sales type',129,NULL,'SalesType','Enum','نوع فروش',1,3,_binary ''),(880,'SelectEnum','Mono','Edition type','EditionType','String','Edition type',129,NULL,'EditionType','Enum','نسخه',1,3,_binary ''),(881,'Primitive','Mono','Id','Id','Long','Id',130,NULL,'Id','Long','شناسه',1,1,_binary ''),(882,'Primitive','Mono','EnTitle','EnTitle','String','EnTitle',130,NULL,'EnTitle','String','عنوان انگلیسی',2,1,_binary ''),(883,'Primitive','Mono','FaTitle','FaTitle','String','FaTitle',130,NULL,'FaTitle','String','عنوان فارسی',2,1,_binary ''),(884,'Primitive','Mono','PartNumber','PartNumber','String','PartNumber',130,NULL,'PartNumber','String','شماره قطعه',2,1,_binary ''),(885,'Primitive','Mono','Enabled','Enabled','Boolean','Enabled',130,NULL,'Enabled','Boolean','فعال',3,1,_binary ''),(886,'Primitive','Mono','InvoicePartNumber','InvoicePartNumber','String','InvoicePartNumber',130,NULL,'InvoicePartNumber','String','شماره قطعه برای فاکتور',2,1,_binary ''),(887,'Primitive','Mono','Id','Id','Long','Id',131,NULL,'Id','Long','شناسه',1,1,_binary ''),(888,'Primitive','Mono','EnTitle','EnTitle','String','EnTitle',131,NULL,'EnTitle','String','عنوان انگلیسی',2,1,_binary ''),(889,'Primitive','Mono','FaTitle','FaTitle','String','FaTitle',131,NULL,'FaTitle','String','عنوان فارسی',2,1,_binary ''),(890,'Primitive','Mono','Enabled','Enabled','Boolean','Enabled',131,NULL,'Enabled','Boolean','فعال',3,1,_binary ''),(891,'Primitive','Mono','Id','Id','Long','Id',132,NULL,'Id','Long','شناسه',1,1,_binary ''),(892,'Primitive','Mono','LowerBound','LowerBound','Long','LowerBound',132,NULL,'LowerBound','Long','کران پایین',1,1,_binary ''),(893,'Primitive','Mono','UpperBound','UpperBound','Long','UpperBound',132,NULL,'UpperBound','Long','کران بالا',1,1,_binary ''),(894,'Primitive','Mono','PercentageDiscount','PercentageDiscount','Long','PercentageDiscount',132,NULL,'PercentageDiscount','Long','درصد تخفیف',1,1,_binary ''),(895,'Primitive','Mono','Enabled','Enabled','Boolean','Enabled',132,NULL,'Enabled','Boolean','فعال',3,1,_binary ''),(896,'Primitive','Mono','UiShow','UiShow','Boolean','UiShow',132,NULL,'UiShow','Boolean','نمایش در واسط گرافیکی',3,1,_binary ''),(897,'SelectEntity','Mono','SteppedDiscountAgreement','SteppedDiscountAgreement','String','SteppedDiscountAgreement',132,NULL,'SteppedDiscountAgreement','Entity','تخفیف پلکانی',2,3,_binary ''),(898,'Primitive','Mono','Id','Id','Long','Id',133,NULL,'Id','Long','شناسه',1,1,_binary ''),(899,'Primitive','Mono','EnTitle','EnTitle','String','EnTitle',133,NULL,'EnTitle','String','عنوان انگلیسی',2,1,_binary ''),(900,'Primitive','Mono','FaTitle','FaTitle','String','FaTitle',133,NULL,'FaTitle','String','عنوان فارسی',2,1,_binary ''),(901,'Primitive','Mono','Enabled','Enabled','Boolean','Enabled',133,NULL,'Enabled','Boolean','فعال',3,1,_binary ''),(902,'Primitive','Mono','Id','Id','Long','Id',134,NULL,'Id','Long','شناسه',1,1,_binary ''),(903,'Primitive','Mono','LowerBound','LowerBound','Long','LowerBound',134,NULL,'LowerBound','Long','کران پایین',1,1,_binary ''),(904,'Primitive','Mono','UpperBound','UpperBound','Long','UpperBound',134,NULL,'UpperBound','Long','کران بالا',1,1,_binary ''),(905,'Primitive','Mono','PercentageDiscount','PercentageDiscount','Long','PercentageDiscount',134,NULL,'PercentageDiscount','Long','درصد تخفیف',1,1,_binary ''),(906,'Primitive','Mono','Enabled','Enabled','Boolean','Enabled',134,NULL,'Enabled','Boolean','فعال',3,1,_binary ''),(907,'SelectEntity','Mono','CouponSteppedDiscountAgreement','CouponSteppedDiscountAgreement','String','CouponSteppedDiscountAgreement',134,NULL,'CouponSteppedDiscountAgreement','Entity','تخفیف کوپن',2,3,_binary ''),(908,'Primitive','Mono','Id','Id','Long','Id',135,NULL,'Id','Long','شناسه',1,1,_binary ''),(909,'Primitive','Mono','FirstName','FirstName','String','FirstName',135,NULL,'FirstName','String','نام انگلیسی',2,1,_binary ''),(910,'Primitive','Mono','LastName','LastName','String','LastName',135,NULL,'LastName','String','نام خانوادگی انگلیسی',2,1,_binary ''),(911,'Primitive','Mono','FaFirstName','FaFirstName','String','FaFirstName',135,NULL,'FaFirstName','String','نام فارسی',2,1,_binary ''),(912,'Primitive','Mono','FaLastName','FaLastName','String','FaLastName',135,NULL,'FaLastName','String','نام خانوادگی فارسی',2,1,_binary ''),(913,'Primitive','Mono','Username','Username','String','Username',135,NULL,'Username','String','نام کاربری',2,1,_binary ''),(914,'Primitive','Mono','Id','Id','Long','Id',136,NULL,'Id','Long','شناسه',1,1,_binary ''),(915,'Primitive','Mono','Code','Code','String','Code',136,NULL,'Code','String','کد',2,1,_binary ''),(916,'Primitive','Mono','EnTitle','EnTitle','String','EnTitle',136,NULL,'EnTitle','String','عنوان انگلیسی',2,1,_binary ''),(917,'Primitive','Mono','FaTitle','FaTitle','String','FaTitle',136,NULL,'FaTitle','String','عنوان فارسی',2,1,_binary '');
/*!40000 ALTER TABLE `domain_entity_attribute` ENABLE KEYS */;
UNLOCK TABLES;

--
-- Table structure for table `privilege`
--

DROP TABLE IF EXISTS `privilege`;
/*!40101 SET @saved_cs_client     = @@character_set_client */;
/*!50503 SET character_set_client = utf8mb4 */;
CREATE TABLE `privilege` (
  `id` bigint(20) NOT NULL AUTO_INCREMENT,
  `name` varchar(255) NOT NULL,
  PRIMARY KEY (`id`)
) ENGINE=InnoDB DEFAULT CHARSET=utf8;
/*!40101 SET character_set_client = @saved_cs_client */;

--
-- Dumping data for table `privilege`
--

LOCK TABLES `privilege` WRITE;
/*!40000 ALTER TABLE `privilege` DISABLE KEYS */;
/*!40000 ALTER TABLE `privilege` ENABLE KEYS */;
UNLOCK TABLES;

--
-- Table structure for table `role`
--

DROP TABLE IF EXISTS `role`;
/*!40101 SET @saved_cs_client     = @@character_set_client */;
/*!50503 SET character_set_client = utf8mb4 */;
CREATE TABLE `role` (
  `id` bigint(20) NOT NULL AUTO_INCREMENT,
  `name` varchar(255) NOT NULL,
  `user_role_name_enum` varchar(255) NOT NULL,
  PRIMARY KEY (`id`)
) ENGINE=InnoDB AUTO_INCREMENT=2 DEFAULT CHARSET=utf8;
/*!40101 SET character_set_client = @saved_cs_client */;

--
-- Dumping data for table `role`
--

LOCK TABLES `role` WRITE;
/*!40000 ALTER TABLE `role` DISABLE KEYS */;
INSERT INTO `role` VALUES (1,'ProjectManager','ProjectManager');
/*!40000 ALTER TABLE `role` ENABLE KEYS */;
UNLOCK TABLES;

--
-- Table structure for table `role_privilege`
--

DROP TABLE IF EXISTS `role_privilege`;
/*!40101 SET @saved_cs_client     = @@character_set_client */;
/*!50503 SET character_set_client = utf8mb4 */;
CREATE TABLE `role_privilege` (
  `role_id` bigint(20) NOT NULL,
  `privilege_id` bigint(20) NOT NULL,
  KEY `FKdkwbrwb5r8h74m1v7dqmhp99c` (`privilege_id`),
  KEY `FKsykrtrdngu5iexmbti7lu9xa` (`role_id`),
  CONSTRAINT `FKdkwbrwb5r8h74m1v7dqmhp99c` FOREIGN KEY (`privilege_id`) REFERENCES `privilege` (`id`),
  CONSTRAINT `FKsykrtrdngu5iexmbti7lu9xa` FOREIGN KEY (`role_id`) REFERENCES `role` (`id`)
) ENGINE=InnoDB DEFAULT CHARSET=utf8;
/*!40101 SET character_set_client = @saved_cs_client */;

--
-- Dumping data for table `role_privilege`
--

LOCK TABLES `role_privilege` WRITE;
/*!40000 ALTER TABLE `role_privilege` DISABLE KEYS */;
/*!40000 ALTER TABLE `role_privilege` ENABLE KEYS */;
UNLOCK TABLES;

--
-- Table structure for table `samplea`
--

DROP TABLE IF EXISTS `samplea`;
/*!40101 SET @saved_cs_client     = @@character_set_client */;
/*!50503 SET character_set_client = utf8mb4 */;
CREATE TABLE `samplea` (
  `id` bigint(20) NOT NULL AUTO_INCREMENT,
  `name` varchar(255) NOT NULL,
  PRIMARY KEY (`id`)
) ENGINE=InnoDB AUTO_INCREMENT=4 DEFAULT CHARSET=utf8;
/*!40101 SET character_set_client = @saved_cs_client */;

--
-- Dumping data for table `samplea`
--

LOCK TABLES `samplea` WRITE;
/*!40000 ALTER TABLE `samplea` DISABLE KEYS */;
INSERT INTO `samplea` VALUES (1,'دریا'),(2,'کوه'),(3,'جنگل');
/*!40000 ALTER TABLE `samplea` ENABLE KEYS */;
UNLOCK TABLES;

--
-- Table structure for table `sampleb`
--

DROP TABLE IF EXISTS `sampleb`;
/*!40101 SET @saved_cs_client     = @@character_set_client */;
/*!50503 SET character_set_client = utf8mb4 */;
CREATE TABLE `sampleb` (
  `id` bigint(20) NOT NULL AUTO_INCREMENT,
  `active` bit(1) NOT NULL,
  `create_date` datetime(6) NOT NULL,
  `name` varchar(255) NOT NULL,
  `sample_status` varchar(255) NOT NULL,
  `value` bigint(20) NOT NULL,
  `samplea_id` bigint(20) NOT NULL,
  PRIMARY KEY (`id`),
  KEY `FKslqhag3oul36iogj3nviosm3y` (`samplea_id`),
  CONSTRAINT `FKslqhag3oul36iogj3nviosm3y` FOREIGN KEY (`samplea_id`) REFERENCES `samplea` (`id`)
) ENGINE=InnoDB AUTO_INCREMENT=2 DEFAULT CHARSET=utf8;
/*!40101 SET character_set_client = @saved_cs_client */;

--
-- Dumping data for table `sampleb`
--

LOCK TABLES `sampleb` WRITE;
/*!40000 ALTER TABLE `sampleb` DISABLE KEYS */;
INSERT INTO `sampleb` VALUES (1,_binary '','2020-09-20 15:13:48.447000','ماهی','Created',32,1);
/*!40000 ALTER TABLE `sampleb` ENABLE KEYS */;
UNLOCK TABLES;

--
-- Table structure for table `software`
--

DROP TABLE IF EXISTS `software`;
/*!40101 SET @saved_cs_client     = @@character_set_client */;
/*!50503 SET character_set_client = utf8mb4 */;
CREATE TABLE `software` (
  `id` bigint(20) NOT NULL AUTO_INCREMENT,
  `name` varchar(255) NOT NULL,
  `spring_boot_project_path` varchar(255) NOT NULL,
  `title` varchar(255) NOT NULL,
  `spring_boot_project_main_package` varchar(255) NOT NULL,
  `spring_boot_java_src_path` varchar(255) NOT NULL,
  `fa_title` varchar(255) NOT NULL,
  PRIMARY KEY (`id`)
) ENGINE=InnoDB AUTO_INCREMENT=3 DEFAULT CHARSET=utf8;
/*!40101 SET character_set_client = @saved_cs_client */;

--
-- Dumping data for table `software`
--

LOCK TABLES `software` WRITE;
/*!40000 ALTER TABLE `software` DISABLE KEYS */;
INSERT INTO `software` VALUES (1,'AvShop','D:\\Projects\\idea-projects-2020\\AvShop-1.0.0','Padvish Antivirus Shop','ir\\amnpardaz\\enterprise\\avshop','src\\main\\java','فروشگاه پادویش'),(2,'RealHope','D:\\Projects\\idea-projects-2020\\real-hope','Real Hope','ir\\afarinesh\\realhope','src\\main\\java','امید راستین');
/*!40000 ALTER TABLE `software` ENABLE KEYS */;
UNLOCK TABLES;

--
-- Table structure for table `software_application_panel`
--

DROP TABLE IF EXISTS `software_application_panel`;
/*!40101 SET @saved_cs_client     = @@character_set_client */;
/*!50503 SET character_set_client = utf8mb4 */;
CREATE TABLE `software_application_panel` (
  `id` bigint(20) NOT NULL AUTO_INCREMENT,
  `name` varchar(255) NOT NULL,
  `title` varchar(255) NOT NULL,
  `software_id` bigint(20) NOT NULL,
  `angular_project_path` varchar(255) NOT NULL,
  `angular_src_path` varchar(255) NOT NULL,
  `fa_title` varchar(255) NOT NULL,
  PRIMARY KEY (`id`),
  KEY `FK14yc55w1jgs0d6ko8xy82ee2p` (`software_id`),
  CONSTRAINT `FK14yc55w1jgs0d6ko8xy82ee2p` FOREIGN KEY (`software_id`) REFERENCES `software` (`id`)
) ENGINE=InnoDB AUTO_INCREMENT=4 DEFAULT CHARSET=utf8;
/*!40101 SET character_set_client = @saved_cs_client */;

--
-- Dumping data for table `software_application_panel`
--

LOCK TABLES `software_application_panel` WRITE;
/*!40000 ALTER TABLE `software_application_panel` DISABLE KEYS */;
INSERT INTO `software_application_panel` VALUES (1,'Admin','راهبری',1,'D:\\Projects\\idea-projects-2020\\AvShopAdmin-ng\\','src','راهبری'),(2,'Agency','نمایندگی',1,'D:\\Projects\\idea-projects-2020\\AvshopAgency-ng\\','src','نمایندگی'),(3,'Admin','مدیریت پروژه',2,'D:\\Projects\\idea-projects-2020\\real-hope-ng\\','src','مدیریت پروژه');
/*!40000 ALTER TABLE `software_application_panel` ENABLE KEYS */;
UNLOCK TABLES;

--
-- Table structure for table `software_feature`
--

DROP TABLE IF EXISTS `software_feature`;
/*!40101 SET @saved_cs_client     = @@character_set_client */;
/*!50503 SET character_set_client = utf8mb4 */;
CREATE TABLE `software_feature` (
  `id` bigint(20) NOT NULL AUTO_INCREMENT,
  `description` varchar(255) NOT NULL,
  `name` varchar(255) NOT NULL,
  `title` varchar(255) NOT NULL,
  `software_module_id` bigint(20) NOT NULL,
  `fa_title` varchar(255) NOT NULL,
  PRIMARY KEY (`id`),
  KEY `FKf030hbqnenj302mg7x01pbs7m` (`software_module_id`),
  CONSTRAINT `FKf030hbqnenj302mg7x01pbs7m` FOREIGN KEY (`software_module_id`) REFERENCES `software_module` (`id`)
) ENGINE=InnoDB AUTO_INCREMENT=19 DEFAULT CHARSET=utf8;
/*!40101 SET character_set_client = @saved_cs_client */;

--
-- Dumping data for table `software_feature`
--

LOCK TABLES `software_feature` WRITE;
/*!40000 ALTER TABLE `software_feature` DISABLE KEYS */;
INSERT INTO `software_feature` VALUES (1,'Contract management','Contract','Contract',1,'قرارداد'),(2,'Deposit management','Deposit','Deposit',2,'واریز نقدی'),(3,'Cheque management','Cheque','Cheque',2,'چک دریافتی'),(4,'Invoice management','DraftInvoice','DraftInvoice',2,'پیش فاکتور'),(5,'Software management','Software','Software',3,'نرم افزار'),(6,'Use case management','UseCase','UseCase',3,'مورد کاربری'),(7,'Use case data attribute management','UseCaseDataAttribute','UseCaseDataAttribute',3,'صفت داده مورد کاربری'),(8,'Use case management','UseCase','Use case',3,'مورد کاربری'),(9,'Sample management','SampleB','Sample B',4,'نمونه دوم'),(10,'Location','Location','Location',5,'مکان ها'),(11,'OnlinePayment','OnlinePayment','OnlinePayment',5,'تراکنش پرداخت آنلاین'),(12,'Settings','Settings','Settings',5,'تنظیمات'),(13,'Agency','Agency','Agency',5,'نمایندگان'),(14,'Product','Product','Product',5,'محصول'),(15,'SteppedDiscount','SteppedDiscount','SteppedDiscount',5,'تخفیف پلکانی'),(16,'CouponSteppedDiscount','CouponSteppedDiscount','CouponSteppedDiscount',5,'تخفیف کوپن'),(17,'UserManagement','UserManagement','UserManagement',5,'مدیریت کاربران'),(18,'Currency','Currency','Currency',5,'واحد پول');
/*!40000 ALTER TABLE `software_feature` ENABLE KEYS */;
UNLOCK TABLES;

--
-- Table structure for table `software_module`
--

DROP TABLE IF EXISTS `software_module`;
/*!40101 SET @saved_cs_client     = @@character_set_client */;
/*!50503 SET character_set_client = utf8mb4 */;
CREATE TABLE `software_module` (
  `id` bigint(20) NOT NULL AUTO_INCREMENT,
  `description` varchar(255) NOT NULL,
  `name` varchar(255) NOT NULL,
  `title` varchar(255) NOT NULL,
  `software_id` bigint(20) NOT NULL,
  `fa_title` varchar(255) NOT NULL,
  PRIMARY KEY (`id`),
  KEY `FKfp1vd8n52fqi53y7sjfi8yqju` (`software_id`),
  CONSTRAINT `FKfp1vd8n52fqi53y7sjfi8yqju` FOREIGN KEY (`software_id`) REFERENCES `software` (`id`)
) ENGINE=InnoDB AUTO_INCREMENT=6 DEFAULT CHARSET=utf8;
/*!40101 SET character_set_client = @saved_cs_client */;

--
-- Dumping data for table `software_module`
--

LOCK TABLES `software_module` WRITE;
/*!40000 ALTER TABLE `software_module` DISABLE KEYS */;
INSERT INTO `software_module` VALUES (1,'Agency Management','Agency','Agency',1,'مدیریت نمایندگان'),(2,'Financial document','Financial','Financial',1,'مدیریت مالی'),(3,'Software design','SoftwareDesign','Software design',2,'طراحی نرم افزار'),(4,'Sample','Sample','Sample',2,'نمونه'),(5,'Administration','Administration','Administration',1,'مدیریت نرم افزار');
/*!40000 ALTER TABLE `software_module` ENABLE KEYS */;
UNLOCK TABLES;

--
-- Table structure for table `software_role`
--

DROP TABLE IF EXISTS `software_role`;
/*!40101 SET @saved_cs_client     = @@character_set_client */;
/*!50503 SET character_set_client = utf8mb4 */;
CREATE TABLE `software_role` (
  `id` bigint(20) NOT NULL AUTO_INCREMENT,
  `name` varchar(255) NOT NULL,
  `title` varchar(255) NOT NULL,
  `software_id` bigint(20) NOT NULL,
  `fa_title` varchar(255) NOT NULL,
  PRIMARY KEY (`id`),
  KEY `FKfpyuld63nqdu6k5ktve95d9og` (`software_id`),
  CONSTRAINT `FKfpyuld63nqdu6k5ktve95d9og` FOREIGN KEY (`software_id`) REFERENCES `software` (`id`)
) ENGINE=InnoDB AUTO_INCREMENT=6 DEFAULT CHARSET=utf8;
/*!40101 SET character_set_client = @saved_cs_client */;

--
-- Dumping data for table `software_role`
--

LOCK TABLES `software_role` WRITE;
/*!40000 ALTER TABLE `software_role` DISABLE KEYS */;
INSERT INTO `software_role` VALUES (1,'SalesChannelManager','Sales Channel Manager',1,'مدیر فروش'),(2,'SalesChannelSupervisor','Sales Channel Supervisor',1,'کارشناس فروش'),(3,'SalesChannelDepartment','Sales Channel Department',1,'واحد فروش'),(4,'ProjectManager','Project Manager',2,'مدیریت پروژه'),(5,'Administrator','Administrator',1,'مدیر نرم افزار');
/*!40000 ALTER TABLE `software_role` ENABLE KEYS */;
UNLOCK TABLES;

--
-- Table structure for table `use_case`
--

DROP TABLE IF EXISTS `use_case`;
/*!40101 SET @saved_cs_client     = @@character_set_client */;
/*!50503 SET character_set_client = utf8mb4 */;
CREATE TABLE `use_case` (
  `id` bigint(20) NOT NULL AUTO_INCREMENT,
  `generation_enable` bit(1) NOT NULL,
  `user_interface_type` varchar(255) NOT NULL,
  `name` varchar(255) NOT NULL,
  `title` varchar(255) NOT NULL,
  `description` varchar(255) NOT NULL,
  `software_feature_id` bigint(20) NOT NULL,
  `software_application_panel_id` bigint(20) NOT NULL,
  `software_role_id` bigint(20) NOT NULL,
  `data_entity_id` bigint(20) NOT NULL,
  `fa_title` varchar(255) NOT NULL,
  `crud_code_generation_id` bigint(20) DEFAULT NULL,
  PRIMARY KEY (`id`),
  KEY `FK66ng24jsqmyr0dyfm5r8xqj6l` (`software_feature_id`),
  KEY `FKngu8i26awm3x9bmdxdqn5ovlo` (`software_application_panel_id`),
  KEY `FKlhfrn1hyda8us27jbtc9gxv3d` (`software_role_id`),
  KEY `FK1dm62qfuu2o3sw101usp31yg2` (`data_entity_id`),
  KEY `FKkn0rl50t850g2iqsaylmp79wl` (`crud_code_generation_id`),
  CONSTRAINT `FK1dm62qfuu2o3sw101usp31yg2` FOREIGN KEY (`data_entity_id`) REFERENCES `data_entity` (`id`),
  CONSTRAINT `FK66ng24jsqmyr0dyfm5r8xqj6l` FOREIGN KEY (`software_feature_id`) REFERENCES `software_feature` (`id`),
  CONSTRAINT `FKkn0rl50t850g2iqsaylmp79wl` FOREIGN KEY (`crud_code_generation_id`) REFERENCES `crud_code_generation` (`id`),
  CONSTRAINT `FKlhfrn1hyda8us27jbtc9gxv3d` FOREIGN KEY (`software_role_id`) REFERENCES `software_role` (`id`),
  CONSTRAINT `FKngu8i26awm3x9bmdxdqn5ovlo` FOREIGN KEY (`software_application_panel_id`) REFERENCES `software_application_panel` (`id`)
) ENGINE=InnoDB AUTO_INCREMENT=660 DEFAULT CHARSET=utf8;
/*!40101 SET character_set_client = @saved_cs_client */;

--
-- Dumping data for table `use_case`
--

LOCK TABLES `use_case` WRITE;
/*!40000 ALTER TABLE `use_case` DISABLE KEYS */;
INSERT INTO `use_case` VALUES (1,_binary '\0','GridList','ListContracts','List contracts by sales department ','List contracts by sales department ',1,1,3,1,'فهرست قراردهای نمایندگان',NULL),(2,_binary '\0','View','ViewContract','View contract by sales department','View contract by sales department',1,1,3,1,'نمایش قرارداد',NULL),(3,_binary '\0','Update','UpdateContract','Update contract by sales department','Update contract by sales department',1,1,3,1,'ویرایش قرارداد',NULL),(4,_binary '\0','GridList','ListDeposit','List deposit by sales department','List deposits by sales department',2,1,3,3,'فهرست سندهای واریزی',NULL),(5,_binary '\0','View','ViewDeposit','View deposit by sales department','View the deposit by sales department',2,1,3,3,'نمایش سند واریزی',NULL),(6,_binary '\0','Update','UpdateDeposit','Update deposit by sales department','Update the deposit by sales department',2,1,3,3,'ویرایش سند واریزی',NULL),(7,_binary '\0','AddNew','AddNewDeposit','Add new deposit by sales department','Add a new deposit by sales department',2,1,3,3,'ثبت سند واریزی',NULL),(8,_binary '\0','Delete','DeleteDeposit','delete deposit by sales department','delete the deposit by sales department',2,1,3,3,'حذف سند واریزی',NULL),(9,_binary '\0','GridList','ListCheque','List cheque by sales department','List cheques by sales department',3,1,3,4,'فهرست سند های چک دریافتی',NULL),(10,_binary '\0','View','ViewCheque','View cheque by sales department','View the cheque by sales department',3,1,3,4,'نمایش سند چک دریافتی',NULL),(11,_binary '\0','Update','UpdateCheque','Update cheque by sales department','Update the cheque by sales department',3,1,3,4,'ویرایش سند چک دریافتی',NULL),(12,_binary '\0','AddNew','AddNewCheque','Add new cheque by sales department','Add a new cheque by sales department',3,1,3,4,'ثبت سند چک دریافتی',NULL),(13,_binary '\0','Delete','DeleteCheque','delete cheque by sales department','delete the cheque by sales department',3,1,3,4,'حذف سند چک دریافتی',NULL),(15,_binary '\0','GridList','ListDraftInvoice','List draft invoices by sales department','List the draft invoices by sales department',4,1,3,5,'فهرست پیش فاکتورها',NULL),(16,_binary '\0','View','ViewDraftInvoice','View draft invoice by sales department','View the draft invoice by sales department',4,1,3,5,'نمایش پیش فاکتور',NULL),(17,_binary '\0','Update','UpdateDraftInvoice','Update draft invoice by sales department','Update the draft invoice by sales department',4,1,3,5,'ویرایش پیش فاکتور',NULL),(18,_binary '\0','AddNew','AddNewDraftInvoice','Add a new draft invoice by sales department','Add a new draft invoice by sales department',4,1,3,5,'ثبت پیش فاکتور',NULL),(19,_binary '\0','Delete','DeleteDraftInvoice','delete the draft invoice by sales department','delete the draft invoice by sales department',4,1,3,5,'حذف پیش فاکتور',NULL),(20,_binary '\0','GridList','ListSoftware','List the software by project manager','List the software by project manager',5,3,4,6,'فهرست نرم افزارها',NULL),(21,_binary '\0','View','ViewSoftware','View the software by project manager','View the software by project manager',5,3,4,6,'نمایش نرم افزار',NULL),(22,_binary '\0','Update','UpdateSoftware','Update the software by project manager','Update the software by project manager',5,3,4,6,'ویرایش نرم افزار',NULL),(23,_binary '\0','AddNew','AddNewSoftware','Add a new software by project manager','Add a new software by project manager',5,3,4,6,'ثبت نرم افزار',NULL),(24,_binary '\0','Delete','DeleteSoftware','Delete the software by project manager','Delete the software by project manager',5,3,4,6,'حذف نرم افزار',NULL),(25,_binary '\0','GridList','ListUseCaseDataAttribute','List the use case data attribute by project manager','List the use case data attributeby project manager',7,3,4,13,'فهرست صفت های داده مورد کاربری',NULL),(26,_binary '\0','View','ViewUseCaseDataAttribute','View the use case data attribute by project manager','View the use case data attribute by project manager',7,3,4,13,'نمایش صفت های داده مورد کاربری',NULL),(27,_binary '\0','Update','UpdateUseCaseDataAttribute','Update the use case data attribute by project manager','Update the use case data attribute by project manager',7,3,4,13,'ویرایش صفت های داده مورد کاربری',NULL),(28,_binary '\0','AddNew','AddNewUseCaseDataAttribute','Add a new use case data attribute by project manager','Add a new use case data attribute by project manager',7,3,4,13,'افزودن صفت های داده مورد کاربری',NULL),(29,_binary '\0','GridList','ListUseCase','List the use case by project manager','List the use case by project manager',8,3,4,11,'فهرست موردهای کاربری',NULL),(30,_binary '\0','View','ViewUseCase','View the use case by project manager','View the use case by project manager',8,3,4,11,'نمایش مورد کاربری',NULL),(31,_binary '\0','AddNew','AddNewUseCase','Add a new use case by project manager','Add a new use case by project manager',8,3,4,11,'افزودن مورد کاربری',NULL),(32,_binary '\0','Update','UpdateUseCase','Update the use case by project manager','Update the use case by project manager',8,3,4,11,'ویرایش مورد کاربری',NULL),(33,_binary '\0','Delete','DeleteUseCase','Delete the new use case by project manager','Delete the use case by project manager',8,3,4,11,'حذف مورد کاربری',NULL),(560,_binary '','GridList','GridListSampleB','GridListSampleB by Project Manager','',9,3,4,21,'فهرست نمونه دوم به دست مدیریت پروژه',1),(561,_binary '','View','ViewSampleB','ViewSampleB by Project Manager','',9,3,4,21,'نمایش نمونه دوم به دست مدیریت پروژه',1),(562,_binary '','Update','UpdateSampleB','UpdateSampleB by Project Manager','',9,3,4,21,'ویرایش نمونه دوم به دست مدیریت پروژه',1),(563,_binary '','AddNew','AddNewSampleB','AddNewSampleB by Project Manager','',9,3,4,21,'افزودن نمونه دوم به دست مدیریت پروژه',1),(564,_binary '','Delete','DeleteSampleB','DeleteSampleB by Project Manager','',9,3,4,21,'حذف نمونه دوم به دست مدیریت پروژه',1),(565,_binary '','GridList','GridListCountry','GridListCountry by Sales Channel Department','',10,1,3,22,'فهرست کشور به دست واحد فروش',2),(566,_binary '','View','ViewCountry','ViewCountry by Sales Channel Department','',10,1,3,22,'نمایش کشور به دست واحد فروش',2),(567,_binary '','Update','UpdateCountry','UpdateCountry by Sales Channel Department','',10,1,3,22,'ویرایش کشور به دست واحد فروش',2),(568,_binary '','AddNew','AddNewCountry','AddNewCountry by Sales Channel Department','',10,1,3,22,'افزودن کشور به دست واحد فروش',2),(569,_binary '','Delete','DeleteCountry','DeleteCountry by Sales Channel Department','',10,1,3,22,'حذف کشور به دست واحد فروش',2),(570,_binary '','GridList','GridListProvince','GridListProvince by Sales Channel Department','',10,1,3,23,'فهرست استان به دست واحد فروش',3),(571,_binary '','View','ViewProvince','ViewProvince by Sales Channel Department','',10,1,3,23,'نمایش استان به دست واحد فروش',3),(572,_binary '','Update','UpdateProvince','UpdateProvince by Sales Channel Department','',10,1,3,23,'ویرایش استان به دست واحد فروش',3),(573,_binary '','AddNew','AddNewProvince','AddNewProvince by Sales Channel Department','',10,1,3,23,'افزودن استان به دست واحد فروش',3),(574,_binary '','Delete','DeleteProvince','DeleteProvince by Sales Channel Department','',10,1,3,23,'حذف استان به دست واحد فروش',3),(575,_binary '','GridList','GridListCity','GridListCity by Sales Channel Department','',10,1,3,24,'فهرست شهر به دست واحد فروش',4),(576,_binary '','View','ViewCity','ViewCity by Sales Channel Department','',10,1,3,24,'نمایش شهر به دست واحد فروش',4),(577,_binary '','Update','UpdateCity','UpdateCity by Sales Channel Department','',10,1,3,24,'ویرایش شهر به دست واحد فروش',4),(578,_binary '','AddNew','AddNewCity','AddNewCity by Sales Channel Department','',10,1,3,24,'افزودن شهر به دست واحد فروش',4),(579,_binary '','Delete','DeleteCity','DeleteCity by Sales Channel Department','',10,1,3,24,'حذف شهر به دست واحد فروش',4),(580,_binary '','GridList','GridListOnlinePaymentTransaction','GridListOnlinePaymentTransaction by Sales Channel Department','',11,1,3,25,'فهرست تراکنش پرداخت آنلاین به دست واحد فروش',5),(581,_binary '\0','View','ViewOnlinePaymentTransaction','ViewOnlinePaymentTransaction by Sales Channel Department','',11,1,3,25,'نمایش تراکنش پرداخت آنلاین به دست واحد فروش',5),(582,_binary '','Update','UpdateOnlinePaymentTransaction','UpdateOnlinePaymentTransaction by Sales Channel Department','',11,1,3,25,'ویرایش تراکنش پرداخت آنلاین به دست واحد فروش',5),(583,_binary '','AddNew','AddNewOnlinePaymentTransaction','AddNewOnlinePaymentTransaction by Sales Channel Department','',11,1,3,25,'افزودن تراکنش پرداخت آنلاین به دست واحد فروش',5),(584,_binary '','Delete','DeleteOnlinePaymentTransaction','DeleteOnlinePaymentTransaction by Sales Channel Department','',11,1,3,25,'حذف تراکنش پرداخت آنلاین به دست واحد فروش',5),(585,_binary '','GridList','GridListOnlinePaymentTransactionStep','GridListOnlinePaymentTransactionStep by Sales Channel Department','',11,1,3,27,'فهرست گام تراکنش پرداخت آنلاین به دست واحد فروش',6),(586,_binary '','View','ViewOnlinePaymentTransactionStep','ViewOnlinePaymentTransactionStep by Sales Channel Department','',11,1,3,27,'نمایش گام تراکنش پرداخت آنلاین به دست واحد فروش',6),(587,_binary '','Update','UpdateOnlinePaymentTransactionStep','UpdateOnlinePaymentTransactionStep by Sales Channel Department','',11,1,3,27,'ویرایش گام تراکنش پرداخت آنلاین به دست واحد فروش',6),(588,_binary '','AddNew','AddNewOnlinePaymentTransactionStep','AddNewOnlinePaymentTransactionStep by Sales Channel Department','',11,1,3,27,'افزودن گام تراکنش پرداخت آنلاین به دست واحد فروش',6),(589,_binary '','Delete','DeleteOnlinePaymentTransactionStep','DeleteOnlinePaymentTransactionStep by Sales Channel Department','',11,1,3,27,'حذف گام تراکنش پرداخت آنلاین به دست واحد فروش',6),(590,_binary '','GridList','GridListGeneralKeysValues','GridListGeneralKeysValues by Administrator','',12,1,5,28,'فهرست کلید مقدار های عمومی به دست مدیر نرم افزار',7),(591,_binary '','View','ViewGeneralKeysValues','ViewGeneralKeysValues by Administrator','',12,1,5,28,'نمایش کلید مقدار های عمومی به دست مدیر نرم افزار',7),(592,_binary '','Update','UpdateGeneralKeysValues','UpdateGeneralKeysValues by Administrator','',12,1,5,28,'ویرایش کلید مقدار های عمومی به دست مدیر نرم افزار',7),(593,_binary '','AddNew','AddNewGeneralKeysValues','AddNewGeneralKeysValues by Administrator','',12,1,5,28,'افزودن کلید مقدار های عمومی به دست مدیر نرم افزار',7),(594,_binary '','Delete','DeleteGeneralKeysValues','DeleteGeneralKeysValues by Administrator','',12,1,5,28,'حذف کلید مقدار های عمومی به دست مدیر نرم افزار',7),(595,_binary '','GridList','GridListSystemKeysValues','GridListSystemKeysValues by Administrator','',12,1,5,29,'فهرست کلید مقدار های سیستمی به دست مدیر نرم افزار',8),(596,_binary '','View','ViewSystemKeysValues','ViewSystemKeysValues by Administrator','',12,1,5,29,'نمایش کلید مقدار های سیستمی به دست مدیر نرم افزار',8),(597,_binary '','Update','UpdateSystemKeysValues','UpdateSystemKeysValues by Administrator','',12,1,5,29,'ویرایش کلید مقدار های سیستمی به دست مدیر نرم افزار',8),(598,_binary '','AddNew','AddNewSystemKeysValues','AddNewSystemKeysValues by Administrator','',12,1,5,29,'افزودن کلید مقدار های سیستمی به دست مدیر نرم افزار',8),(599,_binary '','Delete','DeleteSystemKeysValues','DeleteSystemKeysValues by Administrator','',12,1,5,29,'حذف کلید مقدار های سیستمی به دست مدیر نرم افزار',8),(600,_binary '','GridList','GridListActivityField','GridListActivityField by Sales Channel Department','',13,1,3,30,'فهرست زمینه فعالیت به دست واحد فروش',9),(601,_binary '','View','ViewActivityField','ViewActivityField by Sales Channel Department','',13,1,3,30,'نمایش زمینه فعالیت به دست واحد فروش',9),(602,_binary '','Update','UpdateActivityField','UpdateActivityField by Sales Channel Department','',13,1,3,30,'ویرایش زمینه فعالیت به دست واحد فروش',9),(603,_binary '','AddNew','AddNewActivityField','AddNewActivityField by Sales Channel Department','',13,1,3,30,'افزودن زمینه فعالیت به دست واحد فروش',9),(604,_binary '','Delete','DeleteActivityField','DeleteActivityField by Sales Channel Department','',13,1,3,30,'حذف زمینه فعالیت به دست واحد فروش',9),(605,_binary '','GridList','GridListAntivirusBrand','GridListAntivirusBrand by Sales Channel Department','',13,1,3,31,'فهرست برند ضد ویروس به دست واحد فروش',10),(606,_binary '','View','ViewAntivirusBrand','ViewAntivirusBrand by Sales Channel Department','',13,1,3,31,'نمایش برند ضد ویروس به دست واحد فروش',10),(607,_binary '','Update','UpdateAntivirusBrand','UpdateAntivirusBrand by Sales Channel Department','',13,1,3,31,'ویرایش برند ضد ویروس به دست واحد فروش',10),(608,_binary '','AddNew','AddNewAntivirusBrand','AddNewAntivirusBrand by Sales Channel Department','',13,1,3,31,'افزودن برند ضد ویروس به دست واحد فروش',10),(609,_binary '','Delete','DeleteAntivirusBrand','DeleteAntivirusBrand by Sales Channel Department','',13,1,3,31,'حذف برند ضد ویروس به دست واحد فروش',10),(610,_binary '','GridList','GridListProductDuration','GridListProductDuration by Sales Channel Department','',14,1,3,32,'فهرست بازه زمانی محصول به دست واحد فروش',11),(611,_binary '','View','ViewProductDuration','ViewProductDuration by Sales Channel Department','',14,1,3,32,'نمایش بازه زمانی محصول به دست واحد فروش',11),(612,_binary '','Update','UpdateProductDuration','UpdateProductDuration by Sales Channel Department','',14,1,3,32,'ویرایش بازه زمانی محصول به دست واحد فروش',11),(613,_binary '','AddNew','AddNewProductDuration','AddNewProductDuration by Sales Channel Department','',14,1,3,32,'افزودن بازه زمانی محصول به دست واحد فروش',11),(614,_binary '','Delete','DeleteProductDuration','DeleteProductDuration by Sales Channel Department','',14,1,3,32,'حذف بازه زمانی محصول به دست واحد فروش',11),(615,_binary '','GridList','GridListProductLicenceType','GridListProductLicenceType by Sales Channel Department','',14,1,3,33,'فهرست نوع لایسنس محصول به دست واحد فروش',12),(616,_binary '','View','ViewProductLicenceType','ViewProductLicenceType by Sales Channel Department','',14,1,3,33,'نمایش نوع لایسنس محصول به دست واحد فروش',12),(617,_binary '','Update','UpdateProductLicenceType','UpdateProductLicenceType by Sales Channel Department','',14,1,3,33,'ویرایش نوع لایسنس محصول به دست واحد فروش',12),(618,_binary '','AddNew','AddNewProductLicenceType','AddNewProductLicenceType by Sales Channel Department','',14,1,3,33,'افزودن نوع لایسنس محصول به دست واحد فروش',12),(619,_binary '','Delete','DeleteProductLicenceType','DeleteProductLicenceType by Sales Channel Department','',14,1,3,33,'حذف نوع لایسنس محصول به دست واحد فروش',12),(620,_binary '','GridList','GridListProductStationCount','GridListProductStationCount by Sales Channel Department','',14,1,3,34,'فهرست بازه تعداد کاربر محصول به دست واحد فروش',13),(621,_binary '','View','ViewProductStationCount','ViewProductStationCount by Sales Channel Department','',14,1,3,34,'نمایش بازه تعداد کاربر محصول به دست واحد فروش',13),(622,_binary '','Update','UpdateProductStationCount','UpdateProductStationCount by Sales Channel Department','',14,1,3,34,'ویرایش بازه تعداد کاربر محصول به دست واحد فروش',13),(623,_binary '','AddNew','AddNewProductStationCount','AddNewProductStationCount by Sales Channel Department','',14,1,3,34,'افزودن بازه تعداد کاربر محصول به دست واحد فروش',13),(624,_binary '','Delete','DeleteProductStationCount','DeleteProductStationCount by Sales Channel Department','',14,1,3,34,'حذف بازه تعداد کاربر محصول به دست واحد فروش',13),(625,_binary '','GridList','GridListProductType','GridListProductType by Sales Channel Department','',14,1,3,35,'فهرست نوع محصول به دست واحد فروش',14),(626,_binary '','View','ViewProductType','ViewProductType by Sales Channel Department','',14,1,3,35,'نمایش نوع محصول به دست واحد فروش',14),(627,_binary '','Update','UpdateProductType','UpdateProductType by Sales Channel Department','',14,1,3,35,'ویرایش نوع محصول به دست واحد فروش',14),(628,_binary '','AddNew','AddNewProductType','AddNewProductType by Sales Channel Department','',14,1,3,35,'افزودن نوع محصول به دست واحد فروش',14),(629,_binary '','Delete','DeleteProductType','DeleteProductType by Sales Channel Department','',14,1,3,35,'حذف نوع محصول به دست واحد فروش',14),(630,_binary '','GridList','GridListSteppedDiscountAgreement','GridListSteppedDiscountAgreement by Sales Channel Department','',15,1,3,36,'فهرست تخفیف پلکانی به دست واحد فروش',15),(631,_binary '','View','ViewSteppedDiscountAgreement','ViewSteppedDiscountAgreement by Sales Channel Department','',15,1,3,36,'نمایش تخفیف پلکانی به دست واحد فروش',15),(632,_binary '','Update','UpdateSteppedDiscountAgreement','UpdateSteppedDiscountAgreement by Sales Channel Department','',15,1,3,36,'ویرایش تخفیف پلکانی به دست واحد فروش',15),(633,_binary '','AddNew','AddNewSteppedDiscountAgreement','AddNewSteppedDiscountAgreement by Sales Channel Department','',15,1,3,36,'افزودن تخفیف پلکانی به دست واحد فروش',15),(634,_binary '','Delete','DeleteSteppedDiscountAgreement','DeleteSteppedDiscountAgreement by Sales Channel Department','',15,1,3,36,'حذف تخفیف پلکانی به دست واحد فروش',15),(635,_binary '','GridList','GridListSteppedDiscountLevel','GridListSteppedDiscountLevel by Sales Channel Department','',15,1,3,37,'فهرست پله تخفیف پلکانی به دست واحد فروش',16),(636,_binary '','View','ViewSteppedDiscountLevel','ViewSteppedDiscountLevel by Sales Channel Department','',15,1,3,37,'نمایش پله تخفیف پلکانی به دست واحد فروش',16),(637,_binary '','Update','UpdateSteppedDiscountLevel','UpdateSteppedDiscountLevel by Sales Channel Department','',15,1,3,37,'ویرایش پله تخفیف پلکانی به دست واحد فروش',16),(638,_binary '','AddNew','AddNewSteppedDiscountLevel','AddNewSteppedDiscountLevel by Sales Channel Department','',15,1,3,37,'افزودن پله تخفیف پلکانی به دست واحد فروش',16),(639,_binary '','Delete','DeleteSteppedDiscountLevel','DeleteSteppedDiscountLevel by Sales Channel Department','',15,1,3,37,'حذف پله تخفیف پلکانی به دست واحد فروش',16),(640,_binary '','GridList','GridListCouponSteppedDiscountAgreement','GridListCouponSteppedDiscountAgreement by Sales Channel Department','',16,1,3,38,'فهرست تخفیف کوپن به دست واحد فروش',17),(641,_binary '','View','ViewCouponSteppedDiscountAgreement','ViewCouponSteppedDiscountAgreement by Sales Channel Department','',16,1,3,38,'نمایش تخفیف کوپن به دست واحد فروش',17),(642,_binary '','Update','UpdateCouponSteppedDiscountAgreement','UpdateCouponSteppedDiscountAgreement by Sales Channel Department','',16,1,3,38,'ویرایش تخفیف کوپن به دست واحد فروش',17),(643,_binary '','AddNew','AddNewCouponSteppedDiscountAgreement','AddNewCouponSteppedDiscountAgreement by Sales Channel Department','',16,1,3,38,'افزودن تخفیف کوپن به دست واحد فروش',17),(644,_binary '','Delete','DeleteCouponSteppedDiscountAgreement','DeleteCouponSteppedDiscountAgreement by Sales Channel Department','',16,1,3,38,'حذف تخفیف کوپن به دست واحد فروش',17),(645,_binary '','GridList','GridListCouponSteppedDiscountLevel','GridListCouponSteppedDiscountLevel by Sales Channel Department','',16,1,3,39,'فهرست پله تخفیف کوپن به دست واحد فروش',18),(646,_binary '','View','ViewCouponSteppedDiscountLevel','ViewCouponSteppedDiscountLevel by Sales Channel Department','',16,1,3,39,'نمایش پله تخفیف کوپن به دست واحد فروش',18),(647,_binary '','Update','UpdateCouponSteppedDiscountLevel','UpdateCouponSteppedDiscountLevel by Sales Channel Department','',16,1,3,39,'ویرایش پله تخفیف کوپن به دست واحد فروش',18),(648,_binary '','AddNew','AddNewCouponSteppedDiscountLevel','AddNewCouponSteppedDiscountLevel by Sales Channel Department','',16,1,3,39,'افزودن پله تخفیف کوپن به دست واحد فروش',18),(649,_binary '','Delete','DeleteCouponSteppedDiscountLevel','DeleteCouponSteppedDiscountLevel by Sales Channel Department','',16,1,3,39,'حذف پله تخفیف کوپن به دست واحد فروش',18),(650,_binary '','GridList','GridListUser','GridListUser by Administrator','',17,1,5,40,'فهرست کاربر به دست مدیر نرم افزار',19),(651,_binary '','View','ViewUser','ViewUser by Administrator','',17,1,5,40,'نمایش کاربر به دست مدیر نرم افزار',19),(652,_binary '','Update','UpdateUser','UpdateUser by Administrator','',17,1,5,40,'ویرایش کاربر به دست مدیر نرم افزار',19),(653,_binary '','AddNew','AddNewUser','AddNewUser by Administrator','',17,1,5,40,'افزودن کاربر به دست مدیر نرم افزار',19),(654,_binary '','Delete','DeleteUser','DeleteUser by Administrator','',17,1,5,40,'حذف کاربر به دست مدیر نرم افزار',19),(655,_binary '','GridList','GridListCurrency','GridListCurrency by Administrator','',18,1,5,41,'فهرست واحد پول به دست مدیر نرم افزار',20),(656,_binary '','View','ViewCurrency','ViewCurrency by Administrator','',18,1,5,41,'نمایش واحد پول به دست مدیر نرم افزار',20),(657,_binary '','Update','UpdateCurrency','UpdateCurrency by Administrator','',18,1,5,41,'ویرایش واحد پول به دست مدیر نرم افزار',20),(658,_binary '','AddNew','AddNewCurrency','AddNewCurrency by Administrator','',18,1,5,41,'افزودن واحد پول به دست مدیر نرم افزار',20),(659,_binary '','Delete','DeleteCurrency','DeleteCurrency by Administrator','',18,1,5,41,'حذف واحد پول به دست مدیر نرم افزار',20);
/*!40000 ALTER TABLE `use_case` ENABLE KEYS */;
UNLOCK TABLES;

--
-- Table structure for table `use_case_data`
--

DROP TABLE IF EXISTS `use_case_data`;
/*!40101 SET @saved_cs_client     = @@character_set_client */;
/*!50503 SET character_set_client = utf8mb4 */;
CREATE TABLE `use_case_data` (
  `id` bigint(20) NOT NULL AUTO_INCREMENT,
  `description` varchar(255) NOT NULL,
  `name` varchar(255) NOT NULL,
  `use_case_data_type` varchar(255) NOT NULL,
  `use_case_id` bigint(20) NOT NULL,
  PRIMARY KEY (`id`),
  KEY `FKlb32l8op7p377frsk9jbtiiuw` (`use_case_id`),
  CONSTRAINT `FKlb32l8op7p377frsk9jbtiiuw` FOREIGN KEY (`use_case_id`) REFERENCES `use_case` (`id`)
) ENGINE=InnoDB AUTO_INCREMENT=2633 DEFAULT CHARSET=utf8;
/*!40101 SET character_set_client = @saved_cs_client */;

--
-- Dumping data for table `use_case_data`
--

LOCK TABLES `use_case_data` WRITE;
/*!40000 ALTER TABLE `use_case_data` DISABLE KEYS */;
INSERT INTO `use_case_data` VALUES (1,'Description','Plant','Plant',1),(2,'Description','Fruit','Fruit',1),(3,'Description','FruitSeeds','FruitSeeds',1),(4,'Description','SeedsCommand','SeedsCommand',1),(5,'Description','Plant','Plant',2),(6,'Description','Fruit','Fruit',2),(7,'Description','FruitSeeds','FruitSeeds',2),(8,'Description','SeedsCommand','SeedsCommand',2),(9,'Description','Plant','Plant',3),(10,'Description','Fruit','Fruit',3),(11,'Description','FruitSeeds','FruitSeeds',3),(12,'Description','SeedsCommand','SeedsCommand',3),(13,'List deposit','Plant','Plant',4),(14,'List deposit','Fruit','Fruit',4),(15,'List deposit','FruitSeeds','FruitSeeds',4),(16,'List deposit','SeedsCommand','SeedsCommand',4),(17,'View deposit','Plant','Plant',5),(18,'View deposit','Fruit','Fruit',5),(19,'View deposit','FruitSeeds','FruitSeeds',5),(20,'View deposit','SeedsCommand','SeedsCommand',5),(21,'Update deposit','Plant','Plant',6),(22,'Update deposit','Fruit','Fruit',6),(23,'Update deposit','SeedsCommand','SeedsCommand',6),(24,'Update deposit','FruitSeeds','FruitSeeds',6),(25,'Add new deposit','Plant','Plant',7),(26,'Add new deposit','Fruit','Fruit',7),(27,'Add new deposit','SeedsCommand','SeedsCommand',7),(28,'Add new deposit','FruitSeeds','FruitSeeds',7),(29,'Delete deposit','Plant','Plant',8),(30,'Delete deposit','Fruit','Fruit',8),(31,'Delete deposit','SeedsCommand','SeedsCommand',8),(32,'Delete deposit','FruitSeeds','FruitSeeds',8),(33,'List cheque','Plant','Plant',9),(34,'List cheque','Fruit','Fruit',9),(35,'List cheque','SeedsCommand','SeedsCommand',9),(36,'List cheque','FruitSeeds','FruitSeeds',9),(37,'View cheque','Plant','Plant',10),(38,'View cheque','Fruit','Fruit',10),(39,'View cheque','SeedsCommand','SeedsCommand',10),(40,'View cheque','FruitSeeds','FruitSeeds',10),(41,'Update cheque','Plant','Plant',11),(42,'Update cheque','Fruit','Fruit',11),(43,'Update cheque','SeedsCommand','SeedsCommand',11),(44,'Update cheque','FruitSeeds','FruitSeeds',11),(45,'Add new cheque','Plant','Plant',12),(46,'Add new cheque','Fruit','Fruit',12),(47,'Add new cheque','SeedsCommand','SeedsCommand',12),(48,'Add new cheque','FruitSeeds','FruitSeeds',12),(49,'Delete cheque','Plant','Plant',13),(50,'Delete cheque','Fruit','Fruit',13),(51,'Delete cheque','SeedsCommand','SeedsCommand',13),(52,'Delete cheque','FruitSeeds','FruitSeeds',13),(53,'List draft invoices','Plant','Plant',15),(54,'List draft invoices','Fruit','Fruit',15),(55,'List draft invoices','SeedsCommand','SeedsCommand',15),(56,'List draft invoices','FruitSeeds','FruitSeeds',15),(57,'View draft invoices','Plant','Plant',16),(58,'View draft invoices','Fruit','Fruit',16),(59,'View draft invoices','SeedsCommand','SeedsCommand',16),(60,'View draft invoices','FruitSeeds','FruitSeeds',16),(61,'Update draft invoices','Plant','Plant',17),(62,'Update draft invoices','Fruit','Fruit',17),(63,'Update draft invoices','SeedsCommand','SeedsCommand',17),(64,'Update draft invoices','FruitSeeds','FruitSeeds',17),(69,'Delete draft invoices','Plant','Plant',19),(70,'Delete draft invoices','Fruit','Fruit',19),(71,'Delete draft invoices','SeedsCommand','SeedsCommand',19),(72,'Delete draft invoices','FruitSeeds','FruitSeeds',19),(73,'List software','Plant','Plant',20),(74,'List software','Fruit','Fruit',20),(75,'List software','SeedsCommand','SeedsCommand',20),(76,'List software','FruitSeeds','FruitSeeds',20),(77,'View software','Plant','Plant',21),(78,'View software','Fruit','Fruit',21),(79,'View software','SeedsCommand','SeedsCommand',21),(80,'View software','FruitSeeds','FruitSeeds',21),(81,'Update software','Plant','Plant',22),(82,'Update software','Fruit','Fruit',22),(83,'Update software','SeedsCommand','SeedsCommand',22),(84,'Update software','FruitSeeds','FruitSeeds',22),(85,'Add new software','Plant','Plant',23),(86,'Add new software','Fruit','Fruit',23),(87,'Add new software','SeedsCommand','SeedsCommand',23),(88,'Add new software','FruitSeeds','FruitSeeds',23),(89,'Delete software','Plant','Plant',24),(90,'Delete software','Fruit','Fruit',24),(91,'Delete software','SeedsCommand','SeedsCommand',24),(92,'Delete software','FruitSeeds','FruitSeeds',24),(93,'List use case data attribute','Plant','Plant',25),(94,'List use case data attribute','Fruit','Fruit',25),(95,'List use case data attribute','SeedsCommand','SeedsCommand',25),(96,'List use case data attribute','FruitSeeds','FruitSeeds',25),(97,'View use case data attribute','Plant','Plant',26),(98,'View use case data attribute','Fruit','Fruit',26),(99,'View use case data attribute','SeedsCommand','SeedsCommand',26),(100,'View use case data attribute','FruitSeeds','FruitSeeds',26),(101,'Update use case data attribute','Plant','Plant',27),(102,'Update use case data attribute','Fruit','Fruit',27),(103,'Update use case data attribute','SeedsCommand','SeedsCommand',27),(104,'Update use case data attribute','FruitSeeds','FruitSeeds',27),(105,'Add new use case data attribute','Plant','Plant',28),(106,'Add new use case data attribute','Fruit','Fruit',28),(107,'Add new use case data attribute','SeedsCommand','SeedsCommand',28),(108,'Add new use case data attribute','FruitSeeds','FruitSeeds',28),(109,'List use case plant','Plant','Plant',29),(110,'List use case fruit','Fruit','Fruit',29),(111,'List use case seeds command','SeedsCommand','SeedsCommand',29),(112,'List use case fruit seeds','FruitSeeds','FruitSeeds',29),(113,'View use case plant','Plant','Plant',30),(114,'View use case fruit','Fruit','Fruit',30),(115,'View use case seeds command','SeedsCommand','SeedsCommand',30),(116,'View use case fruit seeds','FruitSeeds','FruitSeeds',30),(117,'Add new use case plant','Plant','Plant',31),(118,'Add new use case fruit','Fruit','Fruit',31),(119,'Add new use case seeds command','SeedsCommand','SeedsCommand',31),(120,'Add new use case fruit seeds','FruitSeeds','FruitSeeds',31),(121,'Update use case plant','Plant','Plant',32),(122,'Update use case fruit','Fruit','Fruit',32),(123,'Update use case seeds command','SeedsCommand','SeedsCommand',32),(124,'Update use case fruit seeds','FruitSeeds','FruitSeeds',32),(125,'Delete use case plant','Plant','Plant',33),(126,'Delete use case fruit','Fruit','Fruit',33),(127,'Delete use case seeds command','SeedsCommand','SeedsCommand',33),(128,'Delete use case fruit seeds','FruitSeeds','FruitSeeds',33),(2233,'GridListSampleB.Plant','Plant','Plant',560),(2234,'GridListSampleB.Fruit','Fruit','Fruit',560),(2235,'GridListSampleB.SeedsCommand','SeedsCommand','SeedsCommand',560),(2236,'GridListSampleB.FruitSeeds','FruitSeeds','FruitSeeds',560),(2237,'ViewSampleB.Plant','Plant','Plant',561),(2238,'ViewSampleB.Fruit','Fruit','Fruit',561),(2239,'ViewSampleB.SeedsCommand','SeedsCommand','SeedsCommand',561),(2240,'ViewSampleB.FruitSeeds','FruitSeeds','FruitSeeds',561),(2241,'UpdateSampleB.Plant','Plant','Plant',562),(2242,'UpdateSampleB.Fruit','Fruit','Fruit',562),(2243,'UpdateSampleB.SeedsCommand','SeedsCommand','SeedsCommand',562),(2244,'UpdateSampleB.FruitSeeds','FruitSeeds','FruitSeeds',562),(2245,'AddNewSampleB.Plant','Plant','Plant',563),(2246,'AddNewSampleB.Fruit','Fruit','Fruit',563),(2247,'AddNewSampleB.SeedsCommand','SeedsCommand','SeedsCommand',563),(2248,'AddNewSampleB.FruitSeeds','FruitSeeds','FruitSeeds',563),(2249,'DeleteSampleB.Plant','Plant','Plant',564),(2250,'DeleteSampleB.Fruit','Fruit','Fruit',564),(2251,'DeleteSampleB.SeedsCommand','SeedsCommand','SeedsCommand',564),(2252,'DeleteSampleB.FruitSeeds','FruitSeeds','FruitSeeds',564),(2253,'GridListCountry.Plant','Plant','Plant',565),(2254,'GridListCountry.Fruit','Fruit','Fruit',565),(2255,'GridListCountry.SeedsCommand','SeedsCommand','SeedsCommand',565),(2256,'GridListCountry.FruitSeeds','FruitSeeds','FruitSeeds',565),(2257,'ViewCountry.Plant','Plant','Plant',566),(2258,'ViewCountry.Fruit','Fruit','Fruit',566),(2259,'ViewCountry.SeedsCommand','SeedsCommand','SeedsCommand',566),(2260,'ViewCountry.FruitSeeds','FruitSeeds','FruitSeeds',566),(2261,'UpdateCountry.Plant','Plant','Plant',567),(2262,'UpdateCountry.Fruit','Fruit','Fruit',567),(2263,'UpdateCountry.SeedsCommand','SeedsCommand','SeedsCommand',567),(2264,'UpdateCountry.FruitSeeds','FruitSeeds','FruitSeeds',567),(2265,'AddNewCountry.Plant','Plant','Plant',568),(2266,'AddNewCountry.Fruit','Fruit','Fruit',568),(2267,'AddNewCountry.SeedsCommand','SeedsCommand','SeedsCommand',568),(2268,'AddNewCountry.FruitSeeds','FruitSeeds','FruitSeeds',568),(2269,'DeleteCountry.Plant','Plant','Plant',569),(2270,'DeleteCountry.Fruit','Fruit','Fruit',569),(2271,'DeleteCountry.SeedsCommand','SeedsCommand','SeedsCommand',569),(2272,'DeleteCountry.FruitSeeds','FruitSeeds','FruitSeeds',569),(2273,'GridListProvince.Plant','Plant','Plant',570),(2274,'GridListProvince.Fruit','Fruit','Fruit',570),(2275,'GridListProvince.SeedsCommand','SeedsCommand','SeedsCommand',570),(2276,'GridListProvince.FruitSeeds','FruitSeeds','FruitSeeds',570),(2277,'ViewProvince.Plant','Plant','Plant',571),(2278,'ViewProvince.Fruit','Fruit','Fruit',571),(2279,'ViewProvince.SeedsCommand','SeedsCommand','SeedsCommand',571),(2280,'ViewProvince.FruitSeeds','FruitSeeds','FruitSeeds',571),(2281,'UpdateProvince.Plant','Plant','Plant',572),(2282,'UpdateProvince.Fruit','Fruit','Fruit',572),(2283,'UpdateProvince.SeedsCommand','SeedsCommand','SeedsCommand',572),(2284,'UpdateProvince.FruitSeeds','FruitSeeds','FruitSeeds',572),(2285,'AddNewProvince.Plant','Plant','Plant',573),(2286,'AddNewProvince.Fruit','Fruit','Fruit',573),(2287,'AddNewProvince.SeedsCommand','SeedsCommand','SeedsCommand',573),(2288,'AddNewProvince.FruitSeeds','FruitSeeds','FruitSeeds',573),(2289,'DeleteProvince.Plant','Plant','Plant',574),(2290,'DeleteProvince.Fruit','Fruit','Fruit',574),(2291,'DeleteProvince.SeedsCommand','SeedsCommand','SeedsCommand',574),(2292,'DeleteProvince.FruitSeeds','FruitSeeds','FruitSeeds',574),(2293,'GridListCity.Plant','Plant','Plant',575),(2294,'GridListCity.Fruit','Fruit','Fruit',575),(2295,'GridListCity.SeedsCommand','SeedsCommand','SeedsCommand',575),(2296,'GridListCity.FruitSeeds','FruitSeeds','FruitSeeds',575),(2297,'ViewCity.Plant','Plant','Plant',576),(2298,'ViewCity.Fruit','Fruit','Fruit',576),(2299,'ViewCity.SeedsCommand','SeedsCommand','SeedsCommand',576),(2300,'ViewCity.FruitSeeds','FruitSeeds','FruitSeeds',576),(2301,'UpdateCity.Plant','Plant','Plant',577),(2302,'UpdateCity.Fruit','Fruit','Fruit',577),(2303,'UpdateCity.SeedsCommand','SeedsCommand','SeedsCommand',577),(2304,'UpdateCity.FruitSeeds','FruitSeeds','FruitSeeds',577),(2305,'AddNewCity.Plant','Plant','Plant',578),(2306,'AddNewCity.Fruit','Fruit','Fruit',578),(2307,'AddNewCity.SeedsCommand','SeedsCommand','SeedsCommand',578),(2308,'AddNewCity.FruitSeeds','FruitSeeds','FruitSeeds',578),(2309,'DeleteCity.Plant','Plant','Plant',579),(2310,'DeleteCity.Fruit','Fruit','Fruit',579),(2311,'DeleteCity.SeedsCommand','SeedsCommand','SeedsCommand',579),(2312,'DeleteCity.FruitSeeds','FruitSeeds','FruitSeeds',579),(2313,'GridListOnlinePaymentTransaction.Plant','Plant','Plant',580),(2314,'GridListOnlinePaymentTransaction.Fruit','Fruit','Fruit',580),(2315,'GridListOnlinePaymentTransaction.SeedsCommand','SeedsCommand','SeedsCommand',580),(2316,'GridListOnlinePaymentTransaction.FruitSeeds','FruitSeeds','FruitSeeds',580),(2317,'ViewOnlinePaymentTransaction.Plant','Plant','Plant',581),(2318,'ViewOnlinePaymentTransaction.Fruit','Fruit','Fruit',581),(2319,'ViewOnlinePaymentTransaction.SeedsCommand','SeedsCommand','SeedsCommand',581),(2320,'ViewOnlinePaymentTransaction.FruitSeeds','FruitSeeds','FruitSeeds',581),(2321,'UpdateOnlinePaymentTransaction.Plant','Plant','Plant',582),(2322,'UpdateOnlinePaymentTransaction.Fruit','Fruit','Fruit',582),(2323,'UpdateOnlinePaymentTransaction.SeedsCommand','SeedsCommand','SeedsCommand',582),(2324,'UpdateOnlinePaymentTransaction.FruitSeeds','FruitSeeds','FruitSeeds',582),(2325,'AddNewOnlinePaymentTransaction.Plant','Plant','Plant',583),(2326,'AddNewOnlinePaymentTransaction.Fruit','Fruit','Fruit',583),(2327,'AddNewOnlinePaymentTransaction.SeedsCommand','SeedsCommand','SeedsCommand',583),(2328,'AddNewOnlinePaymentTransaction.FruitSeeds','FruitSeeds','FruitSeeds',583),(2329,'DeleteOnlinePaymentTransaction.Plant','Plant','Plant',584),(2330,'DeleteOnlinePaymentTransaction.Fruit','Fruit','Fruit',584),(2331,'DeleteOnlinePaymentTransaction.SeedsCommand','SeedsCommand','SeedsCommand',584),(2332,'DeleteOnlinePaymentTransaction.FruitSeeds','FruitSeeds','FruitSeeds',584),(2333,'GridListOnlinePaymentTransactionStep.Plant','Plant','Plant',585),(2334,'GridListOnlinePaymentTransactionStep.Fruit','Fruit','Fruit',585),(2335,'GridListOnlinePaymentTransactionStep.SeedsCommand','SeedsCommand','SeedsCommand',585),(2336,'GridListOnlinePaymentTransactionStep.FruitSeeds','FruitSeeds','FruitSeeds',585),(2337,'ViewOnlinePaymentTransactionStep.Plant','Plant','Plant',586),(2338,'ViewOnlinePaymentTransactionStep.Fruit','Fruit','Fruit',586),(2339,'ViewOnlinePaymentTransactionStep.SeedsCommand','SeedsCommand','SeedsCommand',586),(2340,'ViewOnlinePaymentTransactionStep.FruitSeeds','FruitSeeds','FruitSeeds',586),(2341,'UpdateOnlinePaymentTransactionStep.Plant','Plant','Plant',587),(2342,'UpdateOnlinePaymentTransactionStep.Fruit','Fruit','Fruit',587),(2343,'UpdateOnlinePaymentTransactionStep.SeedsCommand','SeedsCommand','SeedsCommand',587),(2344,'UpdateOnlinePaymentTransactionStep.FruitSeeds','FruitSeeds','FruitSeeds',587),(2345,'AddNewOnlinePaymentTransactionStep.Plant','Plant','Plant',588),(2346,'AddNewOnlinePaymentTransactionStep.Fruit','Fruit','Fruit',588),(2347,'AddNewOnlinePaymentTransactionStep.SeedsCommand','SeedsCommand','SeedsCommand',588),(2348,'AddNewOnlinePaymentTransactionStep.FruitSeeds','FruitSeeds','FruitSeeds',588),(2349,'DeleteOnlinePaymentTransactionStep.Plant','Plant','Plant',589),(2350,'DeleteOnlinePaymentTransactionStep.Fruit','Fruit','Fruit',589),(2351,'DeleteOnlinePaymentTransactionStep.SeedsCommand','SeedsCommand','SeedsCommand',589),(2352,'DeleteOnlinePaymentTransactionStep.FruitSeeds','FruitSeeds','FruitSeeds',589),(2353,'GridListGeneralKeysValues.Plant','Plant','Plant',590),(2354,'GridListGeneralKeysValues.Fruit','Fruit','Fruit',590),(2355,'GridListGeneralKeysValues.SeedsCommand','SeedsCommand','SeedsCommand',590),(2356,'GridListGeneralKeysValues.FruitSeeds','FruitSeeds','FruitSeeds',590),(2357,'ViewGeneralKeysValues.Plant','Plant','Plant',591),(2358,'ViewGeneralKeysValues.Fruit','Fruit','Fruit',591),(2359,'ViewGeneralKeysValues.SeedsCommand','SeedsCommand','SeedsCommand',591),(2360,'ViewGeneralKeysValues.FruitSeeds','FruitSeeds','FruitSeeds',591),(2361,'UpdateGeneralKeysValues.Plant','Plant','Plant',592),(2362,'UpdateGeneralKeysValues.Fruit','Fruit','Fruit',592),(2363,'UpdateGeneralKeysValues.SeedsCommand','SeedsCommand','SeedsCommand',592),(2364,'UpdateGeneralKeysValues.FruitSeeds','FruitSeeds','FruitSeeds',592),(2365,'AddNewGeneralKeysValues.Plant','Plant','Plant',593),(2366,'AddNewGeneralKeysValues.Fruit','Fruit','Fruit',593),(2367,'AddNewGeneralKeysValues.SeedsCommand','SeedsCommand','SeedsCommand',593),(2368,'AddNewGeneralKeysValues.FruitSeeds','FruitSeeds','FruitSeeds',593),(2369,'DeleteGeneralKeysValues.Plant','Plant','Plant',594),(2370,'DeleteGeneralKeysValues.Fruit','Fruit','Fruit',594),(2371,'DeleteGeneralKeysValues.SeedsCommand','SeedsCommand','SeedsCommand',594),(2372,'DeleteGeneralKeysValues.FruitSeeds','FruitSeeds','FruitSeeds',594),(2373,'GridListSystemKeysValues.Plant','Plant','Plant',595),(2374,'GridListSystemKeysValues.Fruit','Fruit','Fruit',595),(2375,'GridListSystemKeysValues.SeedsCommand','SeedsCommand','SeedsCommand',595),(2376,'GridListSystemKeysValues.FruitSeeds','FruitSeeds','FruitSeeds',595),(2377,'ViewSystemKeysValues.Plant','Plant','Plant',596),(2378,'ViewSystemKeysValues.Fruit','Fruit','Fruit',596),(2379,'ViewSystemKeysValues.SeedsCommand','SeedsCommand','SeedsCommand',596),(2380,'ViewSystemKeysValues.FruitSeeds','FruitSeeds','FruitSeeds',596),(2381,'UpdateSystemKeysValues.Plant','Plant','Plant',597),(2382,'UpdateSystemKeysValues.Fruit','Fruit','Fruit',597),(2383,'UpdateSystemKeysValues.SeedsCommand','SeedsCommand','SeedsCommand',597),(2384,'UpdateSystemKeysValues.FruitSeeds','FruitSeeds','FruitSeeds',597),(2385,'AddNewSystemKeysValues.Plant','Plant','Plant',598),(2386,'AddNewSystemKeysValues.Fruit','Fruit','Fruit',598),(2387,'AddNewSystemKeysValues.SeedsCommand','SeedsCommand','SeedsCommand',598),(2388,'AddNewSystemKeysValues.FruitSeeds','FruitSeeds','FruitSeeds',598),(2389,'DeleteSystemKeysValues.Plant','Plant','Plant',599),(2390,'DeleteSystemKeysValues.Fruit','Fruit','Fruit',599),(2391,'DeleteSystemKeysValues.SeedsCommand','SeedsCommand','SeedsCommand',599),(2392,'DeleteSystemKeysValues.FruitSeeds','FruitSeeds','FruitSeeds',599),(2393,'GridListActivityField.Plant','Plant','Plant',600),(2394,'GridListActivityField.Fruit','Fruit','Fruit',600),(2395,'GridListActivityField.SeedsCommand','SeedsCommand','SeedsCommand',600),(2396,'GridListActivityField.FruitSeeds','FruitSeeds','FruitSeeds',600),(2397,'ViewActivityField.Plant','Plant','Plant',601),(2398,'ViewActivityField.Fruit','Fruit','Fruit',601),(2399,'ViewActivityField.SeedsCommand','SeedsCommand','SeedsCommand',601),(2400,'ViewActivityField.FruitSeeds','FruitSeeds','FruitSeeds',601),(2401,'UpdateActivityField.Plant','Plant','Plant',602),(2402,'UpdateActivityField.Fruit','Fruit','Fruit',602),(2403,'UpdateActivityField.SeedsCommand','SeedsCommand','SeedsCommand',602),(2404,'UpdateActivityField.FruitSeeds','FruitSeeds','FruitSeeds',602),(2405,'AddNewActivityField.Plant','Plant','Plant',603),(2406,'AddNewActivityField.Fruit','Fruit','Fruit',603),(2407,'AddNewActivityField.SeedsCommand','SeedsCommand','SeedsCommand',603),(2408,'AddNewActivityField.FruitSeeds','FruitSeeds','FruitSeeds',603),(2409,'DeleteActivityField.Plant','Plant','Plant',604),(2410,'DeleteActivityField.Fruit','Fruit','Fruit',604),(2411,'DeleteActivityField.SeedsCommand','SeedsCommand','SeedsCommand',604),(2412,'DeleteActivityField.FruitSeeds','FruitSeeds','FruitSeeds',604),(2413,'GridListAntivirusBrand.Plant','Plant','Plant',605),(2414,'GridListAntivirusBrand.Fruit','Fruit','Fruit',605),(2415,'GridListAntivirusBrand.SeedsCommand','SeedsCommand','SeedsCommand',605),(2416,'GridListAntivirusBrand.FruitSeeds','FruitSeeds','FruitSeeds',605),(2417,'ViewAntivirusBrand.Plant','Plant','Plant',606),(2418,'ViewAntivirusBrand.Fruit','Fruit','Fruit',606),(2419,'ViewAntivirusBrand.SeedsCommand','SeedsCommand','SeedsCommand',606),(2420,'ViewAntivirusBrand.FruitSeeds','FruitSeeds','FruitSeeds',606),(2421,'UpdateAntivirusBrand.Plant','Plant','Plant',607),(2422,'UpdateAntivirusBrand.Fruit','Fruit','Fruit',607),(2423,'UpdateAntivirusBrand.SeedsCommand','SeedsCommand','SeedsCommand',607),(2424,'UpdateAntivirusBrand.FruitSeeds','FruitSeeds','FruitSeeds',607),(2425,'AddNewAntivirusBrand.Plant','Plant','Plant',608),(2426,'AddNewAntivirusBrand.Fruit','Fruit','Fruit',608),(2427,'AddNewAntivirusBrand.SeedsCommand','SeedsCommand','SeedsCommand',608),(2428,'AddNewAntivirusBrand.FruitSeeds','FruitSeeds','FruitSeeds',608),(2429,'DeleteAntivirusBrand.Plant','Plant','Plant',609),(2430,'DeleteAntivirusBrand.Fruit','Fruit','Fruit',609),(2431,'DeleteAntivirusBrand.SeedsCommand','SeedsCommand','SeedsCommand',609),(2432,'DeleteAntivirusBrand.FruitSeeds','FruitSeeds','FruitSeeds',609),(2433,'GridListProductDuration.Plant','Plant','Plant',610),(2434,'GridListProductDuration.Fruit','Fruit','Fruit',610),(2435,'GridListProductDuration.SeedsCommand','SeedsCommand','SeedsCommand',610),(2436,'GridListProductDuration.FruitSeeds','FruitSeeds','FruitSeeds',610),(2437,'ViewProductDuration.Plant','Plant','Plant',611),(2438,'ViewProductDuration.Fruit','Fruit','Fruit',611),(2439,'ViewProductDuration.SeedsCommand','SeedsCommand','SeedsCommand',611),(2440,'ViewProductDuration.FruitSeeds','FruitSeeds','FruitSeeds',611),(2441,'UpdateProductDuration.Plant','Plant','Plant',612),(2442,'UpdateProductDuration.Fruit','Fruit','Fruit',612),(2443,'UpdateProductDuration.SeedsCommand','SeedsCommand','SeedsCommand',612),(2444,'UpdateProductDuration.FruitSeeds','FruitSeeds','FruitSeeds',612),(2445,'AddNewProductDuration.Plant','Plant','Plant',613),(2446,'AddNewProductDuration.Fruit','Fruit','Fruit',613),(2447,'AddNewProductDuration.SeedsCommand','SeedsCommand','SeedsCommand',613),(2448,'AddNewProductDuration.FruitSeeds','FruitSeeds','FruitSeeds',613),(2449,'DeleteProductDuration.Plant','Plant','Plant',614),(2450,'DeleteProductDuration.Fruit','Fruit','Fruit',614),(2451,'DeleteProductDuration.SeedsCommand','SeedsCommand','SeedsCommand',614),(2452,'DeleteProductDuration.FruitSeeds','FruitSeeds','FruitSeeds',614),(2453,'GridListProductLicenceType.Plant','Plant','Plant',615),(2454,'GridListProductLicenceType.Fruit','Fruit','Fruit',615),(2455,'GridListProductLicenceType.SeedsCommand','SeedsCommand','SeedsCommand',615),(2456,'GridListProductLicenceType.FruitSeeds','FruitSeeds','FruitSeeds',615),(2457,'ViewProductLicenceType.Plant','Plant','Plant',616),(2458,'ViewProductLicenceType.Fruit','Fruit','Fruit',616),(2459,'ViewProductLicenceType.SeedsCommand','SeedsCommand','SeedsCommand',616),(2460,'ViewProductLicenceType.FruitSeeds','FruitSeeds','FruitSeeds',616),(2461,'UpdateProductLicenceType.Plant','Plant','Plant',617),(2462,'UpdateProductLicenceType.Fruit','Fruit','Fruit',617),(2463,'UpdateProductLicenceType.SeedsCommand','SeedsCommand','SeedsCommand',617),(2464,'UpdateProductLicenceType.FruitSeeds','FruitSeeds','FruitSeeds',617),(2465,'AddNewProductLicenceType.Plant','Plant','Plant',618),(2466,'AddNewProductLicenceType.Fruit','Fruit','Fruit',618),(2467,'AddNewProductLicenceType.SeedsCommand','SeedsCommand','SeedsCommand',618),(2468,'AddNewProductLicenceType.FruitSeeds','FruitSeeds','FruitSeeds',618),(2469,'DeleteProductLicenceType.Plant','Plant','Plant',619),(2470,'DeleteProductLicenceType.Fruit','Fruit','Fruit',619),(2471,'DeleteProductLicenceType.SeedsCommand','SeedsCommand','SeedsCommand',619),(2472,'DeleteProductLicenceType.FruitSeeds','FruitSeeds','FruitSeeds',619),(2473,'GridListProductStationCount.Plant','Plant','Plant',620),(2474,'GridListProductStationCount.Fruit','Fruit','Fruit',620),(2475,'GridListProductStationCount.SeedsCommand','SeedsCommand','SeedsCommand',620),(2476,'GridListProductStationCount.FruitSeeds','FruitSeeds','FruitSeeds',620),(2477,'ViewProductStationCount.Plant','Plant','Plant',621),(2478,'ViewProductStationCount.Fruit','Fruit','Fruit',621),(2479,'ViewProductStationCount.SeedsCommand','SeedsCommand','SeedsCommand',621),(2480,'ViewProductStationCount.FruitSeeds','FruitSeeds','FruitSeeds',621),(2481,'UpdateProductStationCount.Plant','Plant','Plant',622),(2482,'UpdateProductStationCount.Fruit','Fruit','Fruit',622),(2483,'UpdateProductStationCount.SeedsCommand','SeedsCommand','SeedsCommand',622),(2484,'UpdateProductStationCount.FruitSeeds','FruitSeeds','FruitSeeds',622),(2485,'AddNewProductStationCount.Plant','Plant','Plant',623),(2486,'AddNewProductStationCount.Fruit','Fruit','Fruit',623),(2487,'AddNewProductStationCount.SeedsCommand','SeedsCommand','SeedsCommand',623),(2488,'AddNewProductStationCount.FruitSeeds','FruitSeeds','FruitSeeds',623),(2489,'DeleteProductStationCount.Plant','Plant','Plant',624),(2490,'DeleteProductStationCount.Fruit','Fruit','Fruit',624),(2491,'DeleteProductStationCount.SeedsCommand','SeedsCommand','SeedsCommand',624),(2492,'DeleteProductStationCount.FruitSeeds','FruitSeeds','FruitSeeds',624),(2493,'GridListProductType.Plant','Plant','Plant',625),(2494,'GridListProductType.Fruit','Fruit','Fruit',625),(2495,'GridListProductType.SeedsCommand','SeedsCommand','SeedsCommand',625),(2496,'GridListProductType.FruitSeeds','FruitSeeds','FruitSeeds',625),(2497,'ViewProductType.Plant','Plant','Plant',626),(2498,'ViewProductType.Fruit','Fruit','Fruit',626),(2499,'ViewProductType.SeedsCommand','SeedsCommand','SeedsCommand',626),(2500,'ViewProductType.FruitSeeds','FruitSeeds','FruitSeeds',626),(2501,'UpdateProductType.Plant','Plant','Plant',627),(2502,'UpdateProductType.Fruit','Fruit','Fruit',627),(2503,'UpdateProductType.SeedsCommand','SeedsCommand','SeedsCommand',627),(2504,'UpdateProductType.FruitSeeds','FruitSeeds','FruitSeeds',627),(2505,'AddNewProductType.Plant','Plant','Plant',628),(2506,'AddNewProductType.Fruit','Fruit','Fruit',628),(2507,'AddNewProductType.SeedsCommand','SeedsCommand','SeedsCommand',628),(2508,'AddNewProductType.FruitSeeds','FruitSeeds','FruitSeeds',628),(2509,'DeleteProductType.Plant','Plant','Plant',629),(2510,'DeleteProductType.Fruit','Fruit','Fruit',629),(2511,'DeleteProductType.SeedsCommand','SeedsCommand','SeedsCommand',629),(2512,'DeleteProductType.FruitSeeds','FruitSeeds','FruitSeeds',629),(2513,'GridListSteppedDiscountAgreement.Plant','Plant','Plant',630),(2514,'GridListSteppedDiscountAgreement.Fruit','Fruit','Fruit',630),(2515,'GridListSteppedDiscountAgreement.SeedsCommand','SeedsCommand','SeedsCommand',630),(2516,'GridListSteppedDiscountAgreement.FruitSeeds','FruitSeeds','FruitSeeds',630),(2517,'ViewSteppedDiscountAgreement.Plant','Plant','Plant',631),(2518,'ViewSteppedDiscountAgreement.Fruit','Fruit','Fruit',631),(2519,'ViewSteppedDiscountAgreement.SeedsCommand','SeedsCommand','SeedsCommand',631),(2520,'ViewSteppedDiscountAgreement.FruitSeeds','FruitSeeds','FruitSeeds',631),(2521,'UpdateSteppedDiscountAgreement.Plant','Plant','Plant',632),(2522,'UpdateSteppedDiscountAgreement.Fruit','Fruit','Fruit',632),(2523,'UpdateSteppedDiscountAgreement.SeedsCommand','SeedsCommand','SeedsCommand',632),(2524,'UpdateSteppedDiscountAgreement.FruitSeeds','FruitSeeds','FruitSeeds',632),(2525,'AddNewSteppedDiscountAgreement.Plant','Plant','Plant',633),(2526,'AddNewSteppedDiscountAgreement.Fruit','Fruit','Fruit',633),(2527,'AddNewSteppedDiscountAgreement.SeedsCommand','SeedsCommand','SeedsCommand',633),(2528,'AddNewSteppedDiscountAgreement.FruitSeeds','FruitSeeds','FruitSeeds',633),(2529,'DeleteSteppedDiscountAgreement.Plant','Plant','Plant',634),(2530,'DeleteSteppedDiscountAgreement.Fruit','Fruit','Fruit',634),(2531,'DeleteSteppedDiscountAgreement.SeedsCommand','SeedsCommand','SeedsCommand',634),(2532,'DeleteSteppedDiscountAgreement.FruitSeeds','FruitSeeds','FruitSeeds',634),(2533,'GridListSteppedDiscountLevel.Plant','Plant','Plant',635),(2534,'GridListSteppedDiscountLevel.Fruit','Fruit','Fruit',635),(2535,'GridListSteppedDiscountLevel.SeedsCommand','SeedsCommand','SeedsCommand',635),(2536,'GridListSteppedDiscountLevel.FruitSeeds','FruitSeeds','FruitSeeds',635),(2537,'ViewSteppedDiscountLevel.Plant','Plant','Plant',636),(2538,'ViewSteppedDiscountLevel.Fruit','Fruit','Fruit',636),(2539,'ViewSteppedDiscountLevel.SeedsCommand','SeedsCommand','SeedsCommand',636),(2540,'ViewSteppedDiscountLevel.FruitSeeds','FruitSeeds','FruitSeeds',636),(2541,'UpdateSteppedDiscountLevel.Plant','Plant','Plant',637),(2542,'UpdateSteppedDiscountLevel.Fruit','Fruit','Fruit',637),(2543,'UpdateSteppedDiscountLevel.SeedsCommand','SeedsCommand','SeedsCommand',637),(2544,'UpdateSteppedDiscountLevel.FruitSeeds','FruitSeeds','FruitSeeds',637),(2545,'AddNewSteppedDiscountLevel.Plant','Plant','Plant',638),(2546,'AddNewSteppedDiscountLevel.Fruit','Fruit','Fruit',638),(2547,'AddNewSteppedDiscountLevel.SeedsCommand','SeedsCommand','SeedsCommand',638),(2548,'AddNewSteppedDiscountLevel.FruitSeeds','FruitSeeds','FruitSeeds',638),(2549,'DeleteSteppedDiscountLevel.Plant','Plant','Plant',639),(2550,'DeleteSteppedDiscountLevel.Fruit','Fruit','Fruit',639),(2551,'DeleteSteppedDiscountLevel.SeedsCommand','SeedsCommand','SeedsCommand',639),(2552,'DeleteSteppedDiscountLevel.FruitSeeds','FruitSeeds','FruitSeeds',639),(2553,'GridListCouponSteppedDiscountAgreement.Plant','Plant','Plant',640),(2554,'GridListCouponSteppedDiscountAgreement.Fruit','Fruit','Fruit',640),(2555,'GridListCouponSteppedDiscountAgreement.SeedsCommand','SeedsCommand','SeedsCommand',640),(2556,'GridListCouponSteppedDiscountAgreement.FruitSeeds','FruitSeeds','FruitSeeds',640),(2557,'ViewCouponSteppedDiscountAgreement.Plant','Plant','Plant',641),(2558,'ViewCouponSteppedDiscountAgreement.Fruit','Fruit','Fruit',641),(2559,'ViewCouponSteppedDiscountAgreement.SeedsCommand','SeedsCommand','SeedsCommand',641),(2560,'ViewCouponSteppedDiscountAgreement.FruitSeeds','FruitSeeds','FruitSeeds',641),(2561,'UpdateCouponSteppedDiscountAgreement.Plant','Plant','Plant',642),(2562,'UpdateCouponSteppedDiscountAgreement.Fruit','Fruit','Fruit',642),(2563,'UpdateCouponSteppedDiscountAgreement.SeedsCommand','SeedsCommand','SeedsCommand',642),(2564,'UpdateCouponSteppedDiscountAgreement.FruitSeeds','FruitSeeds','FruitSeeds',642),(2565,'AddNewCouponSteppedDiscountAgreement.Plant','Plant','Plant',643),(2566,'AddNewCouponSteppedDiscountAgreement.Fruit','Fruit','Fruit',643),(2567,'AddNewCouponSteppedDiscountAgreement.SeedsCommand','SeedsCommand','SeedsCommand',643),(2568,'AddNewCouponSteppedDiscountAgreement.FruitSeeds','FruitSeeds','FruitSeeds',643),(2569,'DeleteCouponSteppedDiscountAgreement.Plant','Plant','Plant',644),(2570,'DeleteCouponSteppedDiscountAgreement.Fruit','Fruit','Fruit',644),(2571,'DeleteCouponSteppedDiscountAgreement.SeedsCommand','SeedsCommand','SeedsCommand',644),(2572,'DeleteCouponSteppedDiscountAgreement.FruitSeeds','FruitSeeds','FruitSeeds',644),(2573,'GridListCouponSteppedDiscountLevel.Plant','Plant','Plant',645),(2574,'GridListCouponSteppedDiscountLevel.Fruit','Fruit','Fruit',645),(2575,'GridListCouponSteppedDiscountLevel.SeedsCommand','SeedsCommand','SeedsCommand',645),(2576,'GridListCouponSteppedDiscountLevel.FruitSeeds','FruitSeeds','FruitSeeds',645),(2577,'ViewCouponSteppedDiscountLevel.Plant','Plant','Plant',646),(2578,'ViewCouponSteppedDiscountLevel.Fruit','Fruit','Fruit',646),(2579,'ViewCouponSteppedDiscountLevel.SeedsCommand','SeedsCommand','SeedsCommand',646),(2580,'ViewCouponSteppedDiscountLevel.FruitSeeds','FruitSeeds','FruitSeeds',646),(2581,'UpdateCouponSteppedDiscountLevel.Plant','Plant','Plant',647),(2582,'UpdateCouponSteppedDiscountLevel.Fruit','Fruit','Fruit',647),(2583,'UpdateCouponSteppedDiscountLevel.SeedsCommand','SeedsCommand','SeedsCommand',647),(2584,'UpdateCouponSteppedDiscountLevel.FruitSeeds','FruitSeeds','FruitSeeds',647),(2585,'AddNewCouponSteppedDiscountLevel.Plant','Plant','Plant',648),(2586,'AddNewCouponSteppedDiscountLevel.Fruit','Fruit','Fruit',648),(2587,'AddNewCouponSteppedDiscountLevel.SeedsCommand','SeedsCommand','SeedsCommand',648),(2588,'AddNewCouponSteppedDiscountLevel.FruitSeeds','FruitSeeds','FruitSeeds',648),(2589,'DeleteCouponSteppedDiscountLevel.Plant','Plant','Plant',649),(2590,'DeleteCouponSteppedDiscountLevel.Fruit','Fruit','Fruit',649),(2591,'DeleteCouponSteppedDiscountLevel.SeedsCommand','SeedsCommand','SeedsCommand',649),(2592,'DeleteCouponSteppedDiscountLevel.FruitSeeds','FruitSeeds','FruitSeeds',649),(2593,'GridListUser.Plant','Plant','Plant',650),(2594,'GridListUser.Fruit','Fruit','Fruit',650),(2595,'GridListUser.SeedsCommand','SeedsCommand','SeedsCommand',650),(2596,'GridListUser.FruitSeeds','FruitSeeds','FruitSeeds',650),(2597,'ViewUser.Plant','Plant','Plant',651),(2598,'ViewUser.Fruit','Fruit','Fruit',651),(2599,'ViewUser.SeedsCommand','SeedsCommand','SeedsCommand',651),(2600,'ViewUser.FruitSeeds','FruitSeeds','FruitSeeds',651),(2601,'UpdateUser.Plant','Plant','Plant',652),(2602,'UpdateUser.Fruit','Fruit','Fruit',652),(2603,'UpdateUser.SeedsCommand','SeedsCommand','SeedsCommand',652),(2604,'UpdateUser.FruitSeeds','FruitSeeds','FruitSeeds',652),(2605,'AddNewUser.Plant','Plant','Plant',653),(2606,'AddNewUser.Fruit','Fruit','Fruit',653),(2607,'AddNewUser.SeedsCommand','SeedsCommand','SeedsCommand',653),(2608,'AddNewUser.FruitSeeds','FruitSeeds','FruitSeeds',653),(2609,'DeleteUser.Plant','Plant','Plant',654),(2610,'DeleteUser.Fruit','Fruit','Fruit',654),(2611,'DeleteUser.SeedsCommand','SeedsCommand','SeedsCommand',654),(2612,'DeleteUser.FruitSeeds','FruitSeeds','FruitSeeds',654),(2613,'GridListCurrency.Plant','Plant','Plant',655),(2614,'GridListCurrency.Fruit','Fruit','Fruit',655),(2615,'GridListCurrency.SeedsCommand','SeedsCommand','SeedsCommand',655),(2616,'GridListCurrency.FruitSeeds','FruitSeeds','FruitSeeds',655),(2617,'ViewCurrency.Plant','Plant','Plant',656),(2618,'ViewCurrency.Fruit','Fruit','Fruit',656),(2619,'ViewCurrency.SeedsCommand','SeedsCommand','SeedsCommand',656),(2620,'ViewCurrency.FruitSeeds','FruitSeeds','FruitSeeds',656),(2621,'UpdateCurrency.Plant','Plant','Plant',657),(2622,'UpdateCurrency.Fruit','Fruit','Fruit',657),(2623,'UpdateCurrency.SeedsCommand','SeedsCommand','SeedsCommand',657),(2624,'UpdateCurrency.FruitSeeds','FruitSeeds','FruitSeeds',657),(2625,'AddNewCurrency.Plant','Plant','Plant',658),(2626,'AddNewCurrency.Fruit','Fruit','Fruit',658),(2627,'AddNewCurrency.SeedsCommand','SeedsCommand','SeedsCommand',658),(2628,'AddNewCurrency.FruitSeeds','FruitSeeds','FruitSeeds',658),(2629,'DeleteCurrency.Plant','Plant','Plant',659),(2630,'DeleteCurrency.Fruit','Fruit','Fruit',659),(2631,'DeleteCurrency.SeedsCommand','SeedsCommand','SeedsCommand',659),(2632,'DeleteCurrency.FruitSeeds','FruitSeeds','FruitSeeds',659);
/*!40000 ALTER TABLE `use_case_data` ENABLE KEYS */;
UNLOCK TABLES;

--
-- Table structure for table `use_case_data_attribute`
--

DROP TABLE IF EXISTS `use_case_data_attribute`;
/*!40101 SET @saved_cs_client     = @@character_set_client */;
/*!50503 SET character_set_client = utf8mb4 */;
CREATE TABLE `use_case_data_attribute` (
  `id` bigint(20) NOT NULL AUTO_INCREMENT,
  `use_case_usage_enum` varchar(255) NOT NULL,
  `use_case_data_id` bigint(20) NOT NULL,
  `attribute_category` varchar(255) NOT NULL,
  `attribute_quantity` varchar(255) NOT NULL,
  `description` varchar(255) NOT NULL,
  `name` varchar(255) NOT NULL,
  `primitive_attribute_type` varchar(255) DEFAULT NULL,
  `title` varchar(255) NOT NULL,
  `domain_entity_attribute_type_id` bigint(20) DEFAULT NULL,
  `fa_title` varchar(255) NOT NULL,
  `fruit_seeds_attribute_id` bigint(20) DEFAULT NULL,
  `getter_of_update_path` varchar(255) DEFAULT NULL,
  `setter_of_update_path` varchar(255) DEFAULT NULL,
  `data_entity_attribute_type_id` bigint(20) DEFAULT NULL,
  `ui_column` bigint(20) NOT NULL,
  `ui_row` bigint(20) NOT NULL,
  `data_enum_id` bigint(20) DEFAULT NULL,
  `error_tip` varchar(255) DEFAULT NULL,
  `max` bigint(20) DEFAULT NULL,
  `max_length` bigint(20) DEFAULT NULL,
  `min` bigint(20) DEFAULT NULL,
  `min_length` bigint(20) DEFAULT NULL,
  `nullable` bit(1) NOT NULL,
  `required` bit(1) NOT NULL,
  `data_entity_attribute_id` bigint(20) DEFAULT NULL,
  `related_data_entity_attribute_id` bigint(20) DEFAULT NULL,
  PRIMARY KEY (`id`),
  KEY `FKexgnika71ywxkjf1jqtmi4l6y` (`domain_entity_attribute_type_id`),
  KEY `FKfphxipoaj2swpaj2ctp9353fh` (`use_case_data_id`),
  KEY `FKsmotou867oymqvyi6u5o23wba` (`fruit_seeds_attribute_id`),
  KEY `FK9jp120cgdulycusqn8xiop2x9` (`data_entity_attribute_type_id`),
  KEY `FK9u7pjnpe73fa4qy4huix4wrok` (`data_enum_id`),
  KEY `FKhmy4ngonf447jthc5kgh4kvo5` (`data_entity_attribute_id`),
  KEY `FK551efu3xbr37abuaxtbs1853d` (`related_data_entity_attribute_id`),
  CONSTRAINT `FK551efu3xbr37abuaxtbs1853d` FOREIGN KEY (`related_data_entity_attribute_id`) REFERENCES `data_entity_attribute` (`id`),
  CONSTRAINT `FK9jp120cgdulycusqn8xiop2x9` FOREIGN KEY (`data_entity_attribute_type_id`) REFERENCES `data_entity` (`id`),
  CONSTRAINT `FK9u7pjnpe73fa4qy4huix4wrok` FOREIGN KEY (`data_enum_id`) REFERENCES `data_enum` (`id`),
  CONSTRAINT `FKexgnika71ywxkjf1jqtmi4l6y` FOREIGN KEY (`domain_entity_attribute_type_id`) REFERENCES `domain_entity` (`id`),
  CONSTRAINT `FKfphxipoaj2swpaj2ctp9353fh` FOREIGN KEY (`use_case_data_id`) REFERENCES `use_case_data` (`id`),
  CONSTRAINT `FKhmy4ngonf447jthc5kgh4kvo5` FOREIGN KEY (`data_entity_attribute_id`) REFERENCES `data_entity_attribute` (`id`),
  CONSTRAINT `FKsmotou867oymqvyi6u5o23wba` FOREIGN KEY (`fruit_seeds_attribute_id`) REFERENCES `use_case_data_attribute` (`id`)
) ENGINE=InnoDB AUTO_INCREMENT=5495 DEFAULT CHARSET=utf8;
/*!40101 SET character_set_client = @saved_cs_client */;

--
-- Dumping data for table `use_case_data_attribute`
--

LOCK TABLES `use_case_data_attribute` WRITE;
/*!40000 ALTER TABLE `use_case_data_attribute` DISABLE KEYS */;
INSERT INTO `use_case_data_attribute` VALUES (5,'GridListEntity',2,'DomainEntity','List','The list of contracts for sales channel department','DataArray','Entity','Sales agent contract for sales channel department list',1,'فهرست قرارداد',NULL,'','',NULL,0,0,NULL,NULL,NULL,NULL,NULL,NULL,_binary '',_binary '\0',NULL,NULL),(6,'GridListSearchField',1,'Primitive','Mono','Search sales agent title of contract','SalesAgentTitle','String','Sales Agent Title',NULL,'عنوان نمایندگی',NULL,'','',NULL,1,1,NULL,NULL,NULL,NULL,NULL,NULL,_binary '',_binary '\0',NULL,NULL),(7,'GridListSearchField',1,'Primitive','Mono','Search id of contract','ContractId','Long','Contract Id',NULL,'شناسه قرارداد',NULL,'','',NULL,2,1,NULL,NULL,NULL,NULL,NULL,NULL,_binary '',_binary '\0',NULL,NULL),(8,'ViewId',5,'Primitive','Mono','contract id to find','Id','Long','Contract Id',NULL,'شناسه قرارداد',NULL,'','',NULL,0,0,NULL,NULL,NULL,NULL,NULL,NULL,_binary '',_binary '\0',NULL,NULL),(9,'ViewEntity',6,'DomainEntity','Mono','The contract for sales channel department','Entity','Entity','Sales Agent Contract For Sales Channel Department',1,'قرارداد',NULL,'','',NULL,0,0,NULL,NULL,NULL,NULL,NULL,NULL,_binary '',_binary '\0',NULL,NULL),(10,'UpdateId',9,'Primitive','Mono','The contract id','Id','Long','Contract Id',NULL,'شناسه',17,'','',NULL,0,0,NULL,'شناسه مشخص نشده است.',NULL,NULL,NULL,NULL,_binary '\0',_binary '',NULL,NULL),(12,'UpdateField',9,'Primitive','Mono','The contract start date','StartDate','JavaDate','Contract Start Date',NULL,'تاریخ شروع قرارداد',19,'','',NULL,0,0,NULL,'تاریخ شروع قرارداد مشخص نشده است.',NULL,NULL,NULL,NULL,_binary '\0',_binary '',NULL,NULL),(13,'UpdateField',9,'Primitive','Mono','The contract finish date','FinishDate','JavaDate','Contract Finish Date',NULL,'تاریخ پایان قرارداد',20,'','',NULL,0,0,NULL,'تاریخ پایان قرارداد مشخص نشده است.',NULL,NULL,NULL,NULL,_binary '\0',_binary '',NULL,NULL),(15,'UpdateResult',10,'Primitive','Mono','Is update successful','IsSuccessful','Boolean','Is Update Successful',NULL,'آیا ویرایش موفق بود',NULL,'','',NULL,0,0,NULL,NULL,NULL,NULL,NULL,NULL,_binary '',_binary '\0',NULL,NULL),(16,'UpdateId',12,'Primitive','Mono','The id of contract','id','Long','Contract Id',NULL,'شناسه قرارداد',NULL,'','',NULL,0,0,NULL,'شناسه قرارداد مشخص نشده است.',NULL,NULL,NULL,NULL,_binary '\0',_binary '',NULL,NULL),(17,'UpdateId',11,'Primitive','Mono','The contract id','Id','Long','Contract Id',NULL,'شناسه',NULL,'Id','',NULL,0,0,NULL,'شناسه مشخص نشده است.',NULL,NULL,NULL,NULL,_binary '\0',_binary '',NULL,NULL),(19,'UpdateField',11,'Primitive','Mono','The contract start date','StartDate','JavaDate','Contract Start Date',NULL,'تاریخ شروع قرارداد',NULL,'StartDate','',NULL,0,0,NULL,'تاریخ شروع قرارداد مشخص نشده است.',NULL,NULL,NULL,NULL,_binary '\0',_binary '',NULL,NULL),(20,'UpdateField',11,'Primitive','Mono','The contract finish date','FinishDate','JavaDate','Contract Finish Date',NULL,'تاریخ پایان قرارداد',NULL,'FinishDate','',NULL,0,0,NULL,'تاریخ پایان قرارداد مشخص نشده است.',NULL,NULL,NULL,NULL,_binary '\0',_binary '',NULL,NULL),(22,'UpdateField',11,'SelectEnum','Mono','The status of contract','Status','Enum','Status',NULL,'وضعیت قرارداد',NULL,'ContractStatus','',NULL,0,0,NULL,'وضعیت قرارداد مشخص نشده است.',NULL,NULL,NULL,NULL,_binary '\0',_binary '',NULL,NULL),(23,'UpdateField',9,'SelectEnum','Mono','The status of contract','Status','Enum','Status',NULL,'وضعیت قرارداد',22,'','',NULL,0,0,NULL,'وضعیت قرارداد مشخص نشده است.',NULL,NULL,NULL,NULL,_binary '\0',_binary '',NULL,NULL),(26,'UpdateField',11,'SelectEntity','Mono','The sales agent of contract','SalesAgent','Entity','Sales Agent',NULL,'نماینده',NULL,'SalesAgent','',2,0,0,NULL,'نماینده مشخص نشده است.',NULL,NULL,NULL,NULL,_binary '\0',_binary '',NULL,NULL),(27,'UpdateField',9,'SelectEntity','Mono','The sales agent of contract','SalesAgent','Entity','Sales Agent',NULL,'نماینده',26,'','',2,0,0,NULL,'نماینده مشخص نشده است.',NULL,NULL,NULL,NULL,_binary '\0',_binary '',NULL,NULL),(28,'GridListEntity',14,'DomainEntity','List','The list of deposits for sales channel department','DataArray','Entity','Deposit for sales channel department list',2,'فهرست واریزی',NULL,NULL,NULL,NULL,0,0,NULL,NULL,NULL,NULL,NULL,NULL,_binary '',_binary '\0',NULL,NULL),(29,'GridListSearchField',13,'Primitive','Mono','Search sales agent title of deposit','SalesAgentTitle','String','Sales Agent Title',NULL,'عنوان نمایندگی',NULL,'','',NULL,1,1,NULL,NULL,NULL,NULL,NULL,NULL,_binary '',_binary '\0',NULL,NULL),(30,'GridListSearchField',13,'Primitive','Mono','Search financial document number of deposit','FinancialDocumentNumber','Long','Financial document number',NULL,'شماره سند',NULL,'','',NULL,2,1,NULL,NULL,NULL,NULL,NULL,NULL,_binary '',_binary '\0',NULL,NULL),(31,'GridListSearchField',13,'Primitive','Mono','Search deposit date begin','DepositDateBegin','JavaDate','Deposit date begin',NULL,'تاریخ واریز از',NULL,'','',NULL,1,2,NULL,NULL,NULL,NULL,NULL,NULL,_binary '',_binary '\0',NULL,NULL),(32,'GridListSearchField',13,'Primitive','Mono','Search deposit date end','DepositDateEnd','JavaDate','Deposit date end',NULL,'تاریخ واریز تا',NULL,'','',NULL,2,2,NULL,NULL,NULL,NULL,NULL,NULL,_binary '',_binary '\0',NULL,NULL),(33,'GridListSearchField',13,'Primitive','Mono','Search financial document amount begin','FinancialDocumentAmountBegin','Long','Financial document amount begin',NULL,'مبلغ سند از',NULL,'','',NULL,1,3,NULL,NULL,NULL,NULL,NULL,NULL,_binary '',_binary '\0',NULL,NULL),(34,'GridListSearchField',13,'Primitive','Mono','Search financial document amount end','FinancialDocumentAmountEnd','Long','Financial document amount end',NULL,'مبلغ سند تا',NULL,'','',NULL,2,3,NULL,NULL,NULL,NULL,NULL,NULL,_binary '',_binary '\0',NULL,NULL),(35,'ViewId',17,'Primitive','Mono','deposit id to find','Id','Long','Deposit id',NULL,'شناسه سند واریزی',NULL,'','',NULL,0,0,NULL,NULL,NULL,NULL,NULL,NULL,_binary '',_binary '\0',NULL,NULL),(36,'ViewEntity',18,'DomainEntity','Mono','The deposit for sales channel department','Entity','Entity','Desposit for sales channel department',2,'سند واریزی',NULL,'','',NULL,0,0,NULL,NULL,NULL,NULL,NULL,NULL,_binary '',_binary '\0',NULL,NULL),(37,'UpdateId',21,'Primitive','Mono','The deposit id','Id','Long','Deposit Id',NULL,'شناسه',47,'','',NULL,0,0,NULL,'شناسه مشخص نشده است.',NULL,NULL,NULL,NULL,_binary '\0',_binary '',NULL,NULL),(38,'UpdateField',21,'Primitive','Mono','The financial document number','FinancialDocumentNumber','Long','Financial document number',NULL,'شماره سند',48,'','',NULL,0,0,NULL,'شماره سند مشخص نشده است.',NULL,NULL,NULL,NULL,_binary '\0',_binary '',NULL,NULL),(39,'UpdateField',21,'Primitive','Mono','The financial document amount','FinancialDocumentAmount','Long','Financial document amount',NULL,'مبلغ سند',49,'','',NULL,0,0,NULL,'مبلغ سند مشخص نشده است.',NULL,NULL,NULL,NULL,_binary '\0',_binary '',NULL,NULL),(40,'UpdateField',21,'Primitive','Mono','The deposit date','DepositDate','JavaDate','Deposit date',NULL,'تاریخ سند',50,NULL,NULL,NULL,0,0,NULL,'تاریخ سند مشخص نشده است.',NULL,NULL,NULL,NULL,_binary '\0',_binary '',NULL,NULL),(41,'UpdateField',21,'SelectEntity','Mono','The sales agent of deposit','SalesAgent','Entity','SalesAgent',NULL,'نمایندگی',51,NULL,NULL,2,0,0,NULL,'نمایندگی مشخص نشده است.',NULL,NULL,NULL,NULL,_binary '\0',_binary '',NULL,NULL),(42,'UpdateField',21,'Primitive','Mono','The bank name','BankName','String','Bank name',NULL,'بانک',52,NULL,NULL,NULL,0,0,NULL,'بانک مشخص نشده است.',NULL,NULL,NULL,NULL,_binary '\0',_binary '',NULL,NULL),(43,'UpdateField',21,'Primitive','Mono','The bank branch name','BankBranchName','String','Bank branch name',NULL,'شعبه بانک',53,NULL,NULL,NULL,0,0,NULL,'شعبه بانک مشخص نشده است.',NULL,NULL,NULL,NULL,_binary '\0',_binary '',NULL,NULL),(44,'UpdateField',21,'Primitive','Mono','The bank account number','BankAccountNumber','String','Bank account number',NULL,'شماره حساب',54,NULL,NULL,NULL,0,0,NULL,'شماره حساب مشخص نشده است.',NULL,NULL,NULL,NULL,_binary '\0',_binary '',NULL,NULL),(45,'UpdateResult',22,'Primitive','Mono','Is update successful','IsSuccessful','Boolean','Is Update Successful',NULL,'آیا ویرایش موفق بود',NULL,NULL,NULL,NULL,0,0,NULL,NULL,NULL,NULL,NULL,NULL,_binary '',_binary '\0',NULL,NULL),(46,'UpdateId',23,'Primitive','Mono','The id of deposit','id','Long','Deposit Id',NULL,'شناسه واریزی',NULL,'','',NULL,0,0,NULL,'شناسه واریزی مشخص نشده است.',NULL,NULL,NULL,NULL,_binary '\0',_binary '',NULL,NULL),(47,'UpdateId',24,'Primitive','Mono','The deposit id','Id','Long','Deposit Id',NULL,'شناسه',NULL,'Id','',NULL,0,0,NULL,'شناسه مشخص نشده است.',NULL,NULL,NULL,NULL,_binary '\0',_binary '',NULL,NULL),(48,'UpdateField',24,'Primitive','Mono','The financial document number','FinancialDocumentNumber','Long','Financial document number',NULL,'شماره سند',NULL,'FinancialDocument.FinancialDocumentNumber','',NULL,0,0,NULL,'شماره سند مشخص نشده است.',NULL,NULL,NULL,NULL,_binary '\0',_binary '',NULL,NULL),(49,'UpdateField',24,'Primitive','Mono','The financial document amount','FinancialDocumentAmount','Long','Financial document amount',NULL,'مبلغ سند',NULL,'FinancialDocument.Amount','',NULL,0,0,NULL,'مبلغ سند مشخص نشده است.',NULL,NULL,NULL,NULL,_binary '\0',_binary '',NULL,NULL),(50,'UpdateField',24,'Primitive','Mono','The deposit date','DepositDate','JavaDate','Deposit date',NULL,'تاریخ سند',NULL,'DepositDate',NULL,NULL,0,0,NULL,'تاریخ سند مشخص نشده است.',NULL,NULL,NULL,NULL,_binary '\0',_binary '',NULL,NULL),(51,'UpdateField',24,'SelectEntity','Mono','The sales agent of deposit','SalesAgent','Entity','SalesAgent',NULL,'نمایندگی',NULL,'FinancialDocument.SalesAgent',NULL,2,0,0,NULL,'نمایندگی مشخص نشده است.',NULL,NULL,NULL,NULL,_binary '\0',_binary '',NULL,NULL),(52,'UpdateField',24,'Primitive','Mono','The bank name','BankName','String','Bank name',NULL,'بانک',NULL,'BankName',NULL,NULL,0,0,NULL,'بانک مشخص نشده است.',NULL,NULL,NULL,NULL,_binary '\0',_binary '',NULL,NULL),(53,'UpdateField',24,'Primitive','Mono','The bank branch name','BankBranchName','String','Bank branch name',NULL,'شعبه بانک',NULL,'BankBranchName',NULL,NULL,0,0,NULL,'شعبه بانک مشخص نشده است.',NULL,NULL,NULL,NULL,_binary '\0',_binary '',NULL,NULL),(54,'UpdateField',24,'Primitive','Mono','The bank account number','BankAccountNumber','String','Bank account number',NULL,'شماره حساب',NULL,'BankAccountNumber',NULL,NULL,0,0,NULL,'شماره حساب مشخص نشده است.',NULL,NULL,NULL,NULL,_binary '\0',_binary '',NULL,NULL),(55,'AddNewId',25,'Primitive','Mono','The deposit id','Id','Long','Deposit Id',NULL,'شناسه',47,'','',NULL,0,0,NULL,'شناسه مشخص نشده است.',NULL,NULL,NULL,NULL,_binary '\0',_binary '',NULL,NULL),(56,'AddNewField',25,'Primitive','Mono','The financial document number','FinancialDocumentNumber','Long','Financial document number',NULL,'شماره سند',48,'','',NULL,0,0,NULL,'شماره سند مشخص نشده است.',NULL,NULL,NULL,NULL,_binary '\0',_binary '',NULL,NULL),(57,'AddNewField',25,'Primitive','Mono','The financial document amount','FinancialDocumentAmount','Long','Financial document amount',NULL,'مبلغ سند',49,'','',NULL,0,0,NULL,'مبلغ سند مشخص نشده است.',NULL,NULL,NULL,NULL,_binary '\0',_binary '',NULL,NULL),(58,'AddNewField',25,'Primitive','Mono','The deposit date','DepositDate','JavaDate','Deposit date',NULL,'تاریخ سند',50,NULL,NULL,NULL,0,0,NULL,'تاریخ سند مشخص نشده است.',NULL,NULL,NULL,NULL,_binary '\0',_binary '',NULL,NULL),(59,'AddNewField',25,'SelectEntity','Mono','The sales agent of deposit','SalesAgent','Entity','SalesAgent',NULL,'نمایندگی',51,NULL,NULL,2,0,0,NULL,'نمایندگی مشخص نشده است.',NULL,NULL,NULL,NULL,_binary '\0',_binary '',NULL,NULL),(60,'AddNewField',25,'Primitive','Mono','The bank name','BankName','String','Bank name',NULL,'بانک',52,NULL,NULL,NULL,0,0,NULL,'بانک مشخص نشده است.',NULL,NULL,NULL,NULL,_binary '\0',_binary '',NULL,NULL),(61,'AddNewField',25,'Primitive','Mono','The bank branch name','BankBranchName','String','Bank branch name',NULL,'شعبه بانک',53,NULL,NULL,NULL,0,0,NULL,'شعبه بانک مشخص نشده است.',NULL,NULL,NULL,NULL,_binary '\0',_binary '',NULL,NULL),(62,'AddNewField',25,'Primitive','Mono','The bank account number','BankAccountNumber','String','Bank account number',NULL,'شماره حساب',54,NULL,NULL,NULL,0,0,NULL,'شماره حساب مشخص نشده است.',NULL,NULL,NULL,NULL,_binary '\0',_binary '',NULL,NULL),(63,'AddNewResult',26,'Primitive','Mono','Is update successful','IsSuccessful','Boolean','Is Update Successful',NULL,'آیا ویرایش موفق بود',NULL,NULL,NULL,NULL,0,0,NULL,NULL,NULL,NULL,NULL,NULL,_binary '',_binary '\0',NULL,NULL),(64,'AddNewId',27,'Primitive','Mono','The id of deposit','Id','Long','Deposit Id',NULL,'شناسه واریزی',NULL,'','',NULL,0,0,NULL,'شناسه واریزی مشخص نشده است.',NULL,NULL,NULL,NULL,_binary '\0',_binary '',NULL,NULL),(65,'AddNewId',28,'Primitive','Mono','The deposit id','Id','Long','Deposit Id',NULL,'شناسه',NULL,'Id','',NULL,0,0,NULL,'شناسه مشخص نشده است.',NULL,NULL,NULL,NULL,_binary '\0',_binary '',NULL,NULL),(66,'AddNewField',28,'Primitive','Mono','The financial document number','FinancialDocumentNumber','Long','Financial document number',NULL,'شماره سند',NULL,'FinancialDocument.FinancialDocumentNumber','',NULL,0,0,NULL,'شماره سند مشخص نشده است.',NULL,NULL,NULL,NULL,_binary '\0',_binary '',NULL,NULL),(67,'AddNewField',28,'Primitive','Mono','The financial document amount','FinancialDocumentAmount','Long','Financial document amount',NULL,'مبلغ سند',NULL,'FinancialDocument.Amount','',NULL,0,0,NULL,'مبلغ سند مشخص نشده است.',NULL,NULL,NULL,NULL,_binary '\0',_binary '',NULL,NULL),(68,'AddNewField',28,'Primitive','Mono','The deposit date','DepositDate','JavaDate','Deposit date',NULL,'تاریخ سند',NULL,'DepositDate',NULL,NULL,0,0,NULL,'تاریخ سند مشخص نشده است.',NULL,NULL,NULL,NULL,_binary '\0',_binary '',NULL,NULL),(69,'AddNewField',28,'SelectEntity','Mono','The sales agent of deposit','SalesAgent','Entity','SalesAgent',NULL,'نمایندگی',NULL,'FinancialDocument.SalesAgent',NULL,2,0,0,NULL,'نمایندگی مشخص نشده است.',NULL,NULL,NULL,NULL,_binary '\0',_binary '',NULL,NULL),(70,'AddNewField',28,'Primitive','Mono','The bank name','BankName','String','Bank name',NULL,'بانک',NULL,'BankName',NULL,NULL,0,0,NULL,'بانک مشخص نشده است.',NULL,NULL,NULL,NULL,_binary '\0',_binary '',NULL,NULL),(71,'AddNewField',28,'Primitive','Mono','The bank branch name','BankBranchName','String','Bank branch name',NULL,'شعبه بانک',NULL,'BankBranchName',NULL,NULL,0,0,NULL,'شعبه بانک مشخص نشده است.',NULL,NULL,NULL,NULL,_binary '\0',_binary '',NULL,NULL),(72,'AddNewField',28,'Primitive','Mono','The bank account number','BankAccountNumber','String','Bank account number',NULL,'شماره حساب',NULL,'BankAccountNumber',NULL,NULL,0,0,NULL,'شماره حساب مشخص نشده است.',NULL,NULL,NULL,NULL,_binary '\0',_binary '',NULL,NULL),(73,'DeleteId',29,'Primitive','Mono','The deposit id','Id','Long','Deposit id',NULL,'شناسه واریزی',NULL,NULL,NULL,NULL,0,0,NULL,NULL,NULL,NULL,NULL,NULL,_binary '',_binary '\0',NULL,NULL),(74,'DeleteResult',30,'Primitive','Mono','The delete result','IsSuccessful','Boolean','Is Delete Successful',NULL,'آیا حذف موفق بود',NULL,NULL,NULL,NULL,0,0,NULL,NULL,NULL,NULL,NULL,NULL,_binary '',_binary '\0',NULL,NULL),(75,'DeleteId',31,'Primitive','Mono','The deposit id','Id','Long','Deposit id',NULL,'شناسه واریزی',NULL,NULL,NULL,NULL,0,0,NULL,NULL,NULL,NULL,NULL,NULL,_binary '',_binary '\0',NULL,NULL),(76,'DeleteEntity',32,'DomainEntity','Mono','The deposit for sales channel department','Entity','Entity','Desposit for sales channel department',2,'سند واریزی',NULL,NULL,NULL,NULL,0,0,NULL,NULL,NULL,NULL,NULL,NULL,_binary '',_binary '\0',NULL,NULL),(77,'GridListSearchField',33,'Primitive','Mono','Search sales agent title of cheque','SalesAgentTitle','String','Sales Agent Title',NULL,'عنوان نمایندگی',NULL,'','',NULL,1,1,NULL,NULL,NULL,NULL,NULL,NULL,_binary '',_binary '\0',NULL,NULL),(78,'GridListSearchField',33,'Primitive','Mono','Search financial document number of cheque','FinancialDocumentNumber','Long','Financial document number',NULL,'شماره سند',NULL,'','',NULL,2,1,NULL,NULL,NULL,NULL,NULL,NULL,_binary '',_binary '\0',NULL,NULL),(79,'GridListSearchField',33,'Primitive','Mono','Search cheque receive date begin','ReceiveDateBegin','JavaDate','Receive date begin',NULL,'تاریخ دریافت از',NULL,'','',NULL,3,1,NULL,NULL,NULL,NULL,NULL,NULL,_binary '',_binary '\0',NULL,NULL),(80,'GridListSearchField',33,'Primitive','Mono','Search cheque receive date end','ReceiveDateEnd','JavaDate','Receive date end',NULL,'تاریخ دریافت تا',NULL,'','',NULL,4,1,NULL,NULL,NULL,NULL,NULL,NULL,_binary '',_binary '\0',NULL,NULL),(81,'GridListSearchField',33,'Primitive','Mono','Search cheque due date begin','DueDateBegin','JavaDate','Due date begin',NULL,'تاریخ سررسید از',NULL,'','',NULL,1,2,NULL,NULL,NULL,NULL,NULL,NULL,_binary '',_binary '\0',NULL,NULL),(82,'GridListSearchField',33,'Primitive','Mono','Search cheque due date end','DueDateEnd','JavaDate','Due date end',NULL,'تاریخ سررسید تا',NULL,'','',NULL,2,2,NULL,NULL,NULL,NULL,NULL,NULL,_binary '',_binary '\0',NULL,NULL),(83,'GridListSearchField',33,'Primitive','Mono','Search financial document amount begin','FinancialDocumentAmountBegin','Long','Financial document amount begin',NULL,'مبلغ سند از',NULL,'','',NULL,3,2,NULL,NULL,NULL,NULL,NULL,NULL,_binary '',_binary '\0',NULL,NULL),(84,'GridListSearchField',33,'Primitive','Mono','Search financial document amount end','FinancialDocumentAmountEnd','Long','Financial document amount end',NULL,'مبلغ سند تا',NULL,'','',NULL,4,2,NULL,NULL,NULL,NULL,NULL,NULL,_binary '',_binary '\0',NULL,NULL),(85,'GridListSearchField',33,'SelectEnum','Mono','Search cheque status','Status','Enum','Cheque status',NULL,'وضعیت چک',NULL,NULL,NULL,NULL,1,3,1,NULL,NULL,NULL,NULL,NULL,_binary '',_binary '\0',NULL,NULL),(87,'GridListEntity',34,'DomainEntity','List','The list of cheque for sales channel department','DataArray','Entity','Cheques for sales channel department list',3,'فهرست چک',NULL,NULL,NULL,NULL,0,0,NULL,NULL,NULL,NULL,NULL,NULL,_binary '',_binary '\0',NULL,NULL),(88,'ViewId',37,'Primitive','Mono','Cheque id to find','Id','Long','Cheque id',NULL,'شناسه سند چک دریافتی',NULL,'','',NULL,0,0,NULL,NULL,NULL,NULL,NULL,NULL,_binary '',_binary '\0',NULL,NULL),(89,'ViewEntity',38,'DomainEntity','Mono','The cheque for sales channel department','Entity','Entity','Cheque for sales channel department',3,'چک دریافتی',NULL,'','',NULL,0,0,NULL,NULL,NULL,NULL,NULL,NULL,_binary '',_binary '\0',NULL,NULL),(90,'GridListSearchField',36,'SelectEnum','Mono','Search cheque candidates statuses','Status','Enum','Cheque candidate status list',NULL,'وضعیت های چک',NULL,NULL,NULL,NULL,0,0,1,NULL,NULL,NULL,NULL,NULL,_binary '',_binary '\0',NULL,NULL),(91,'UpdateId',41,'Primitive','Mono','The cheque id','Id','Long','Deposit Id',NULL,'شناسه',102,'','',NULL,0,0,NULL,'شناسه مشخص نشده است.',NULL,NULL,NULL,NULL,_binary '\0',_binary '',NULL,NULL),(92,'UpdateField',41,'Primitive','Mono','The financial document number','FinancialDocumentNumber','Long','Financial document number',NULL,'شماره سند',103,'','',NULL,0,0,NULL,'شماره سند مشخص نشده است.',NULL,NULL,NULL,NULL,_binary '\0',_binary '',NULL,NULL),(93,'UpdateField',41,'Primitive','Mono','The financial document amount','FinancialDocumentAmount','Long','Financial document amount',NULL,'مبلغ سند',104,'','',NULL,0,0,NULL,'مبلغ سند مشخص نشده است.',NULL,NULL,NULL,NULL,_binary '\0',_binary '',NULL,NULL),(94,'UpdateField',41,'Primitive','Mono','The cheque received date','ReceivedDate','JavaDate','Cheque received date',NULL,'تاریخ دریافت چک',105,NULL,NULL,NULL,0,0,NULL,'تاریخ دریافت چک مشخص نشده است.',NULL,NULL,NULL,NULL,_binary '\0',_binary '',NULL,NULL),(95,'UpdateField',41,'Primitive','Mono','The cheque due date','DueDate','JavaDate','Cheque due date',NULL,'تاریخ سررسید چک',106,NULL,NULL,NULL,0,0,NULL,'تاریخ سررسید چک مشخص نشده است.',NULL,NULL,NULL,NULL,_binary '\0',_binary '',NULL,NULL),(96,'UpdateField',41,'Primitive','Mono','The bank name','BankName','String','Bank name',NULL,'بانک',107,NULL,NULL,NULL,0,0,NULL,'بانک مشخص نشده است.',NULL,NULL,NULL,NULL,_binary '\0',_binary '',NULL,NULL),(97,'UpdateField',41,'Primitive','Mono','The bank branch name','BankBranchName','String','Bank branch name',NULL,'شعبه بانک',108,NULL,NULL,NULL,0,0,NULL,'شعبه بانک مشخص نشده است.',NULL,NULL,NULL,NULL,_binary '\0',_binary '',NULL,NULL),(98,'UpdateField',41,'SelectEntity','Mono','The sales agent of cheque','SalesAgent','Entity','SalesAgent',NULL,'نمایندگی',109,NULL,NULL,2,0,0,NULL,'نمایندگی مشخص نشده است.',NULL,NULL,NULL,NULL,_binary '\0',_binary '',NULL,NULL),(99,'UpdateField',41,'SelectEnum','Mono','The sales agent of deposit','Status','Enum','Status',NULL,'وضعیت چک',110,NULL,NULL,NULL,0,0,NULL,'وضعیت چک مشخص نشده است.',NULL,NULL,NULL,NULL,_binary '\0',_binary '',NULL,NULL),(100,'UpdateResult',42,'Primitive','Mono','Is update successful','IsSuccessful','Boolean','Is Update Successful',NULL,'آیا ویرایش موفق بود',NULL,NULL,NULL,NULL,0,0,NULL,NULL,NULL,NULL,NULL,NULL,_binary '',_binary '\0',NULL,NULL),(101,'UpdateId',43,'Primitive','Mono','The id of cheque for update','id','Long','Cheque Id',NULL,'شناسه چک دریافتی',NULL,'','',NULL,0,0,NULL,'شناسه چک دریافتی مشخص نشده است.',NULL,NULL,NULL,NULL,_binary '\0',_binary '',NULL,NULL),(102,'UpdateId',44,'Primitive','Mono','The cheque id','Id','Long','Deposit Id',NULL,'شناسه',NULL,'Id','',NULL,0,0,NULL,'شناسه مشخص نشده است.',NULL,NULL,NULL,NULL,_binary '\0',_binary '',NULL,NULL),(103,'UpdateField',44,'Primitive','Mono','The financial document number','FinancialDocumentNumber','Long','Financial document number',NULL,'شماره سند',NULL,'FinancialDocument.FinancialDocumentNumber','',NULL,0,0,NULL,'شماره سند مشخص نشده است.',NULL,NULL,NULL,NULL,_binary '\0',_binary '',NULL,NULL),(104,'UpdateField',44,'Primitive','Mono','The financial document amount','FinancialDocumentAmount','Long','Financial document amount',NULL,'مبلغ سند',NULL,'FinancialDocument.Amount','',NULL,0,0,NULL,'مبلغ سند مشخص نشده است.',NULL,NULL,NULL,NULL,_binary '\0',_binary '',NULL,NULL),(105,'UpdateField',44,'Primitive','Mono','The cheque received date','ReceiveDate','JavaDate','Cheque received date',NULL,'تاریخ دریافت چک',NULL,'ReceiveDate',NULL,NULL,0,0,NULL,'تاریخ دریافت چک مشخص نشده است.',NULL,NULL,NULL,NULL,_binary '\0',_binary '',NULL,NULL),(106,'UpdateField',44,'Primitive','Mono','The cheque due date','DueDate','JavaDate','Cheque due date',NULL,'تاریخ سررسید چک',NULL,'DueDate',NULL,NULL,0,0,NULL,'تاریخ سررسید چک مشخص نشده است.',NULL,NULL,NULL,NULL,_binary '\0',_binary '',NULL,NULL),(107,'UpdateField',44,'Primitive','Mono','The bank name','BankName','String','Bank name',NULL,'بانک',NULL,'BankName',NULL,NULL,0,0,NULL,'بانک مشخص نشده است.',NULL,NULL,NULL,NULL,_binary '\0',_binary '',NULL,NULL),(108,'UpdateField',44,'Primitive','Mono','The bank branch name','BankBranchName','String','Bank branch name',NULL,'شعبه بانک',NULL,'BankBranchName',NULL,NULL,0,0,NULL,'شعبه بانک مشخص نشده است.',NULL,NULL,NULL,NULL,_binary '\0',_binary '',NULL,NULL),(109,'UpdateField',44,'SelectEntity','Mono','The sales agent of cheque','SalesAgent','Entity','SalesAgent',NULL,'نمایندگی',NULL,'FinancialDocument.SalesAgent',NULL,2,0,0,NULL,'نمایندگی مشخص نشده است.',NULL,NULL,NULL,NULL,_binary '\0',_binary '',NULL,NULL),(110,'UpdateField',44,'SelectEnum','Mono','The sales agent of deposit','Status','Enum','Status',NULL,'وضعیت چک',NULL,'Status',NULL,NULL,0,0,NULL,'وضعیت چک مشخص نشده است.',NULL,NULL,NULL,NULL,_binary '\0',_binary '',NULL,NULL),(111,'AddNewId',45,'Primitive','Mono','The cheque id','Id','Long','Deposit Id',NULL,'شناسه',122,'','',NULL,0,0,NULL,'شناسه مشخص نشده است.',NULL,NULL,NULL,NULL,_binary '\0',_binary '',NULL,NULL),(112,'AddNewField',45,'Primitive','Mono','The financial document number','FinancialDocumentNumber','Long','Financial document number',NULL,'شماره سند',123,'','',NULL,0,0,NULL,'شماره سند مشخص نشده است.',NULL,NULL,NULL,NULL,_binary '\0',_binary '',NULL,NULL),(113,'AddNewField',45,'Primitive','Mono','The financial document amount','FinancialDocumentAmount','Long','Financial document amount',NULL,'مبلغ سند',124,'','',NULL,0,0,NULL,'مبلغ سند مشخص نشده است.',NULL,NULL,NULL,NULL,_binary '\0',_binary '',NULL,NULL),(114,'AddNewField',45,'Primitive','Mono','The cheque received date','ReceivedDate','JavaDate','Cheque received date',NULL,'تاریخ دریافت چک',125,NULL,NULL,NULL,0,0,NULL,'تاریخ دریافت چک مشخص نشده است.',NULL,NULL,NULL,NULL,_binary '\0',_binary '',NULL,NULL),(115,'AddNewField',45,'Primitive','Mono','The cheque due date','DueDate','JavaDate','Cheque due date',NULL,'تاریخ سررسید چک',126,NULL,NULL,NULL,0,0,NULL,'تاریخ سررسید چک مشخص نشده است.',NULL,NULL,NULL,NULL,_binary '\0',_binary '',NULL,NULL),(116,'AddNewField',45,'Primitive','Mono','The bank name','BankName','String','Bank name',NULL,'بانک',127,NULL,NULL,NULL,0,0,NULL,'بانک مشخص نشده است.',NULL,NULL,NULL,NULL,_binary '\0',_binary '',NULL,NULL),(117,'AddNewField',45,'Primitive','Mono','The bank branch name','BankBranchName','String','Bank branch name',NULL,'شعبه بانک',128,NULL,NULL,NULL,0,0,NULL,'شعبه بانک مشخص نشده است.',NULL,NULL,NULL,NULL,_binary '\0',_binary '',NULL,NULL),(118,'AddNewField',45,'SelectEntity','Mono','The sales agent of cheque','SalesAgent','Entity','SalesAgent',NULL,'نمایندگی',129,NULL,NULL,2,0,0,NULL,'نمایندگی مشخص نشده است.',NULL,NULL,NULL,NULL,_binary '\0',_binary '',NULL,NULL),(119,'AddNewField',45,'SelectEnum','Mono','The sales agent of deposit','Status','Enum','Status',NULL,'وضعیت چک',130,NULL,NULL,NULL,0,0,1,'وضعیت چک مشخص نشده است.',NULL,NULL,NULL,NULL,_binary '\0',_binary '',NULL,NULL),(120,'AddNewResult',46,'Primitive','Mono','Is update successful','IsSuccessful','Boolean','Is Update Successful',NULL,'آیا ویرایش موفق بود',NULL,NULL,NULL,NULL,0,0,NULL,NULL,NULL,NULL,NULL,NULL,_binary '',_binary '\0',NULL,NULL),(121,'AddNewId',47,'Primitive','Mono','The id of cheque for update','id','Long','Cheque Id',NULL,'شناسه چک دریافتی',NULL,'','',NULL,0,0,NULL,'شناسه چک دریافتی مشخص نشده است.',NULL,NULL,NULL,NULL,_binary '\0',_binary '',NULL,NULL),(122,'AddNewId',48,'Primitive','Mono','The cheque id','Id','Long','Deposit Id',NULL,'شناسه',NULL,'Id','',NULL,0,0,NULL,'شناسه مشخص نشده است.',NULL,NULL,NULL,NULL,_binary '\0',_binary '',NULL,NULL),(123,'AddNewField',48,'Primitive','Mono','The financial document number','FinancialDocumentNumber','Long','Financial document number',NULL,'شماره سند',NULL,'FinancialDocument.FinancialDocumentNumber','',NULL,0,0,NULL,'شماره سند مشخص نشده است.',NULL,NULL,NULL,NULL,_binary '\0',_binary '',NULL,NULL),(124,'AddNewField',48,'Primitive','Mono','The financial document amount','FinancialDocumentAmount','Long','Financial document amount',NULL,'مبلغ سند',NULL,'FinancialDocument.Amount','',NULL,0,0,NULL,'مبلغ سند مشخص نشده است.',NULL,NULL,NULL,NULL,_binary '\0',_binary '',NULL,NULL),(125,'AddNewField',48,'Primitive','Mono','The cheque received date','ReceiveDate','JavaDate','Cheque received date',NULL,'تاریخ دریافت چک',NULL,'ReceiveDate',NULL,NULL,0,0,NULL,'تاریخ دریافت چک مشخص نشده است.',NULL,NULL,NULL,NULL,_binary '\0',_binary '',NULL,NULL),(126,'AddNewField',48,'Primitive','Mono','The cheque due date','DueDate','JavaDate','Cheque due date',NULL,'تاریخ سررسید چک',NULL,'DueDate',NULL,NULL,0,0,NULL,'تاریخ سررسید چک مشخص نشده است.',NULL,NULL,NULL,NULL,_binary '\0',_binary '',NULL,NULL),(127,'AddNewField',48,'Primitive','Mono','The bank name','BankName','String','Bank name',NULL,'بانک',NULL,'BankName',NULL,NULL,0,0,NULL,'بانک مشخص نشده است.',NULL,NULL,NULL,NULL,_binary '\0',_binary '',NULL,NULL),(128,'AddNewField',48,'Primitive','Mono','The bank branch name','BankBranchName','String','Bank branch name',NULL,'شعبه بانک',NULL,'BankBranchName',NULL,NULL,0,0,NULL,'شعبه بانک مشخص نشده است.',NULL,NULL,NULL,NULL,_binary '\0',_binary '',NULL,NULL),(129,'AddNewField',48,'SelectEntity','Mono','The sales agent of cheque','SalesAgent','Entity','SalesAgent',NULL,'نمایندگی',NULL,'FinancialDocument.SalesAgent',NULL,2,0,0,NULL,'نمایندگی مشخص نشده است.',NULL,NULL,NULL,NULL,_binary '\0',_binary '',NULL,NULL),(130,'AddNewField',48,'SelectEnum','Mono','The sales agent of deposit','Status','Enum','Status',NULL,'وضعیت چک',NULL,'Status',NULL,NULL,0,0,1,'وضعیت چک مشخص نشده است.',NULL,NULL,NULL,NULL,_binary '\0',_binary '',NULL,NULL),(131,'DeleteId',49,'Primitive','Mono','The cheque id','Id','Long','Cheque id',NULL,'شناسه چک دریافتی',NULL,NULL,NULL,NULL,0,0,NULL,NULL,NULL,NULL,NULL,NULL,_binary '',_binary '\0',NULL,NULL),(132,'DeleteResult',50,'Primitive','Mono','The delete result','IsSuccessful','Boolean','Is Delete Successful',NULL,'آیا حذف موفق بود',NULL,NULL,NULL,NULL,0,0,NULL,NULL,NULL,NULL,NULL,NULL,_binary '',_binary '\0',NULL,NULL),(133,'DeleteId',51,'Primitive','Mono','The cheque id','Id','Long','Cheque id',NULL,'شناسه چک دریافتی',NULL,NULL,NULL,NULL,0,0,NULL,NULL,NULL,NULL,NULL,NULL,_binary '',_binary '\0',NULL,NULL),(134,'DeleteEntity',52,'DomainEntity','Mono','The cheque for sales channel department','Entity','Entity','Cheque for sales channel department',3,'چک دریافتی',NULL,NULL,NULL,NULL,0,0,NULL,NULL,NULL,NULL,NULL,NULL,_binary '',_binary '\0',NULL,NULL),(135,'GridListSearchField',1,'Primitive','Mono','Search start date begin','StartDateBegin','JavaDate','Start date begin',NULL,'شروع قرارداد از',NULL,'','',NULL,1,2,NULL,NULL,NULL,NULL,NULL,NULL,_binary '',_binary '\0',NULL,NULL),(136,'GridListSearchField',1,'Primitive','Mono','Search start date end','StartDateEnd','JavaDate','Start date end',NULL,'شروع قرارداد تا',NULL,'','',NULL,2,2,NULL,NULL,NULL,NULL,NULL,NULL,_binary '',_binary '\0',NULL,NULL),(137,'GridListSearchField',1,'Primitive','Mono','Search finish date begin','FinishDateBegin','JavaDate','Finish date begin',NULL,'پایان قرارداد از',NULL,'','',NULL,3,2,NULL,NULL,NULL,NULL,NULL,NULL,_binary '',_binary '\0',NULL,NULL),(138,'GridListSearchField',1,'Primitive','Mono','Search finish date end','FinishDateEnd','JavaDate','Finish date end',NULL,'پایان قرارداد تا',NULL,'','',NULL,4,2,NULL,NULL,NULL,NULL,NULL,NULL,_binary '',_binary '\0',NULL,NULL),(139,'UpdateField',9,'Primitive','Mono','The Minimum number of activated serials','MinimumNumberOfActivatedSerials','Long','Minimum number of activated serials',NULL,'حداقل درصد فعالسازی سریال',141,'','',NULL,0,0,NULL,'حداقل درصد فعالسازی سریال مشخص نشده است.',NULL,NULL,NULL,NULL,_binary '\0',_binary '',NULL,NULL),(140,'UpdateField',9,'Primitive','Mono','The Maximum payment amount per sales order','MaximumPaymentAmount','Long','Maximum payment amount',NULL,'حداکثر مبلغ خرید',142,'','',NULL,0,0,NULL,'حداکثر مبلغ خرید مشخص نشده است.',NULL,NULL,NULL,NULL,_binary '\0',_binary '',NULL,NULL),(141,'UpdateField',11,'Primitive','Mono','The Minimum number of activated serials','MinimumNumberOfActivatedSerials','Long','Minimum number of activated serials',NULL,'حداقل درصد فعالسازی سریال',NULL,'MinimumNumberOfActivatedSerials','',NULL,0,0,NULL,'حداقل درصد فعالسازی سریال مشخص نشده است.',NULL,NULL,NULL,NULL,_binary '\0',_binary '',NULL,NULL),(142,'UpdateField',11,'Primitive','Mono','The Maximum payment amount per sales order','MaximumPaymentAmount','Long','Maximum payment amount',NULL,'حداکثر مبلغ خرید',NULL,'MaximumPaymentAmount','',NULL,0,0,NULL,'حداکثر مبلغ خرید مشخص نشده است.',NULL,NULL,NULL,NULL,_binary '\0',_binary '',NULL,NULL),(143,'GridListSearchField',53,'Primitive','Mono','Search sales agent title of draft invoice','SalesAgentTitle','String','Sales Agent Title',NULL,'عنوان نمایندگی',NULL,'','',NULL,1,1,NULL,NULL,NULL,NULL,NULL,NULL,_binary '',_binary '\0',NULL,NULL),(144,'GridListSearchField',53,'Primitive','Mono','Search draft invoice number','DraftInvoiceNumber','Long','Draft invoice number',NULL,'شماره پیش فاکتور',NULL,'','',NULL,2,1,NULL,NULL,NULL,NULL,NULL,NULL,_binary '',_binary '\0',NULL,NULL),(145,'GridListSearchField',53,'SelectEnum','Mono','Search status','Status','Enum','Status',NULL,'وضعیت پیش فاکتور',NULL,NULL,NULL,NULL,3,1,2,NULL,NULL,NULL,NULL,NULL,_binary '',_binary '\0',NULL,NULL),(146,'GridListSearchField',53,'SelectEnum','Mono','Search finalize status','FinalizeStatus','Enum','Finalize Status',NULL,'وضعیت نهایی',NULL,NULL,NULL,NULL,3,1,3,NULL,NULL,NULL,NULL,NULL,_binary '',_binary '\0',NULL,NULL),(147,'GridListSearchField',53,'Primitive','Mono','Search create date date begin','CreateDateBegin','JavaDate','Create date begin',NULL,'تاریخ ثبت از',NULL,'','',NULL,1,2,NULL,NULL,NULL,NULL,NULL,NULL,_binary '',_binary '\0',NULL,NULL),(148,'GridListSearchField',53,'Primitive','Mono','Search create date date end','CreateDateEnd','JavaDate','Create date end',NULL,'تاریخ ثبت تا',NULL,'','',NULL,2,2,NULL,NULL,NULL,NULL,NULL,NULL,_binary '',_binary '\0',NULL,NULL),(149,'GridListSearchField',53,'Primitive','Mono','Search draft invoice date begin','DraftInvoiceDateBegin','JavaDate','Draft invoice date begin',NULL,'تاریخ پیش فاکتور از',NULL,'','',NULL,3,2,NULL,NULL,NULL,NULL,NULL,NULL,_binary '',_binary '\0',NULL,NULL),(150,'GridListSearchField',53,'Primitive','Mono','Search draft invoice date end','DraftInvoiceDateEnd','JavaDate','Draft invoice date end',NULL,'تاریخ پیش فاکتور تا',NULL,'','',NULL,4,2,NULL,NULL,NULL,NULL,NULL,NULL,_binary '',_binary '\0',NULL,NULL),(151,'GridListSearchField',53,'Primitive','Mono','Search product amount begin','ProductAmountBegin','Long','Product amount begin',NULL,'مبلغ محصولات از',NULL,'','',NULL,1,3,NULL,NULL,NULL,NULL,NULL,NULL,_binary '',_binary '\0',NULL,NULL),(152,'GridListSearchField',53,'Primitive','Mono','Search product amount end','ProductAmountEnd','Long','Product amount end',NULL,'مبلغ محصولات تا',NULL,'','',NULL,2,3,NULL,NULL,NULL,NULL,NULL,NULL,_binary '',_binary '\0',NULL,NULL),(153,'GridListSearchField',53,'Primitive','Mono','Search final amount payable begin','FinalAmountPayableBegin','Long','Final amount payable begin',NULL,'مبلغ نهایی پرداختنی از',NULL,'','',NULL,3,3,NULL,NULL,NULL,NULL,NULL,NULL,_binary '',_binary '\0',NULL,NULL),(154,'GridListSearchField',53,'Primitive','Mono','Search final amount payable end','FinalAmountPayableEnd','Long','Final amount payable end',NULL,'مبلغ نهایی پرداختنی تا',NULL,'','',NULL,4,3,NULL,NULL,NULL,NULL,NULL,NULL,_binary '',_binary '\0',NULL,NULL),(155,'GridListEntity',54,'DomainEntity','List','The list of draft invoice for sales channel department','DataArray','Entity','Draft invoice for sales channel department list',4,'فهرست پیش فاکتور',NULL,NULL,NULL,NULL,0,0,NULL,NULL,NULL,NULL,NULL,NULL,_binary '',_binary '\0',NULL,NULL),(156,'GridListSearchField',56,'SelectEnum','Mono','Search draft invoice candidates statuses','Status','Enum','Draft invoice candidate status list',NULL,'وضعیت های چک',NULL,NULL,NULL,NULL,0,0,2,NULL,NULL,NULL,NULL,NULL,_binary '',_binary '\0',NULL,NULL),(157,'GridListSearchField',56,'SelectEnum','Mono','Search draft invoice candidates finalize statuses','FinalizeStatus','Enum','Draft invoice candidate finalize status list',NULL,'وضعیت نهایی های چک',NULL,NULL,NULL,NULL,0,0,3,NULL,NULL,NULL,NULL,NULL,_binary '',_binary '\0',NULL,NULL),(158,'ViewId',57,'Primitive','Mono','Draft invoice id to find','Id','Long','Draft invoice id',NULL,'شناسه پیش فاکتور',NULL,'','',NULL,0,0,NULL,NULL,NULL,NULL,NULL,NULL,_binary '',_binary '\0',NULL,NULL),(159,'ViewEntity',58,'DomainEntity','Mono','The draft invoice for sales channel department','Entity','Entity','Draft invoice for sales channel department',4,'پیش فاکتور',NULL,'','',NULL,0,0,NULL,NULL,NULL,NULL,NULL,NULL,_binary '',_binary '\0',NULL,NULL),(160,'UpdateId',61,'Primitive','Mono','The id of draft invoice','Id','Long','Draft invoice Id',NULL,'شناسه پیش فاکتور',173,NULL,NULL,NULL,0,0,NULL,'شناسه پیش فاکتور مشخص نشده است.',NULL,NULL,NULL,NULL,_binary '\0',_binary '',NULL,NULL),(161,'UpdateField',61,'SelectEntity','Mono','The sales agent of draft invoice','SalesAgent','Entity','Sales agent ',NULL,'نمایندگی',174,NULL,NULL,2,0,0,NULL,'نمایندگی مشخص نشده است.',NULL,NULL,NULL,NULL,_binary '\0',_binary '',NULL,NULL),(162,'UpdateField',61,'Primitive','Mono','The draft invoice number','DraftInvoiceNumber','Long','Draft invoice number',NULL,'شماره پیش فاکتور',175,NULL,NULL,NULL,0,0,NULL,'شماره پیش فاکتور مشخص نشده است.',NULL,NULL,NULL,NULL,_binary '\0',_binary '',NULL,NULL),(163,'UpdateField',61,'Primitive','Mono','The draft invoice date','DraftInvoiceDate','JavaDate','Draft invoice date',NULL,'تاریخ پیش فاکتور',176,NULL,NULL,NULL,0,0,NULL,'تاریخ پیش فاکتور مشخص نشده است.',NULL,NULL,NULL,NULL,_binary '\0',_binary '',NULL,NULL),(164,'UpdateField',61,'SelectEnum','Mono','The status','Status','Enum','Status',NULL,'وضعیت',177,NULL,NULL,NULL,0,0,2,'وضعیت مشخص نشده است.',NULL,NULL,NULL,NULL,_binary '\0',_binary '',NULL,NULL),(165,'UpdateField',61,'SelectEnum','Mono','The finalize status','FinalizeStatus','Enum','Finalize Status',NULL,'وضعیت پیش فاکتور',178,NULL,NULL,NULL,0,0,3,'وضعیت پیش فاکتور مشخص نشده است.',NULL,NULL,NULL,NULL,_binary '\0',_binary '',NULL,NULL),(167,'UpdateField',61,'Primitive','Mono','The product amount','ProductAmount','Long','Product amount',NULL,'مبلغ محصولات',180,NULL,NULL,NULL,0,0,NULL,'مبلغ محصولات مشخص نشده است.',NULL,NULL,NULL,NULL,_binary '\0',_binary '',NULL,NULL),(168,'UpdateField',61,'Primitive','Mono','The discount amount','DiscountAmount','Long','Discount amount',NULL,'مبلغ تخفیف',181,NULL,NULL,NULL,0,0,NULL,'مبلغ تخفیف مشخص نشده است.',NULL,NULL,NULL,NULL,_binary '\0',_binary '',NULL,NULL),(169,'UpdateField',61,'Primitive','Mono','The final amount','FinalAmount','Long','Final amount',NULL,'مبلغ نهایی',182,NULL,NULL,NULL,0,0,NULL,'مبلغ نهایی مشخص نشده است.',NULL,NULL,NULL,NULL,_binary '\0',_binary '',NULL,NULL),(170,'UpdateField',61,'Primitive','Mono','The final payable amount','FinalAmountPayable','Long','Final amount payable',NULL,'مبلغ نهایی پرداختنی',183,NULL,NULL,NULL,0,0,NULL,'مبلغ نهایی پرداختنی مشخص نشده است.',NULL,NULL,NULL,NULL,_binary '\0',_binary '',NULL,NULL),(171,'UpdateResult',62,'Primitive','Mono','Is update successful','IsSuccessful','Boolean','Is Update Successful',NULL,'آیا ویرایش موفق بود',NULL,NULL,NULL,NULL,0,0,NULL,NULL,NULL,NULL,NULL,NULL,_binary '',_binary '\0',NULL,NULL),(172,'UpdateId',63,'Primitive','Mono','The id of draft invoice for update','id','Long','Draft invoice Id',NULL,'شناسه پیش فاکتور',NULL,'','',NULL,0,0,NULL,'شناسه پیش فاکتور مشخص نشده است.',NULL,NULL,NULL,NULL,_binary '\0',_binary '',NULL,NULL),(173,'UpdateId',64,'Primitive','Mono','The id of draft invoice','Id','Long','Draft invoice Id',NULL,'شناسه پیش فاکتور',NULL,'Id',NULL,NULL,0,0,NULL,'شناسه پیش فاکتور مشخص نشده است.',NULL,NULL,NULL,NULL,_binary '\0',_binary '',NULL,NULL),(174,'UpdateField',64,'SelectEntity','Mono','The sales agent of draft invoice','SalesAgent','Entity','Sales agent ',NULL,'نمایندگی',NULL,'SalesAgent',NULL,2,0,0,NULL,'نمایندگی مشخص نشده است.',NULL,NULL,NULL,NULL,_binary '\0',_binary '',NULL,NULL),(175,'UpdateField',64,'Primitive','Mono','The draft invoice number','DraftInvoiceNumber','Long','Draft invoice number',NULL,'شماره پیش فاکتور',NULL,'DraftInvoiceNumber',NULL,NULL,0,0,NULL,'شماره پیش فاکتور مشخص نشده است.',NULL,NULL,NULL,NULL,_binary '\0',_binary '',NULL,NULL),(176,'UpdateField',64,'Primitive','Mono','The draft invoice date','DraftInvoiceDate','JavaDate','Draft invoice date',NULL,'تاریخ پیش فاکتور',NULL,'DraftInvoiceDate',NULL,NULL,0,0,NULL,'تاریخ پیش فاکتور مشخص نشده است.',NULL,NULL,NULL,NULL,_binary '\0',_binary '',NULL,NULL),(177,'UpdateField',64,'SelectEnum','Mono','The status','Status','Enum','Status',NULL,'وضعیت پیش فاکتور',NULL,'Status',NULL,NULL,0,0,2,'وضعیت پیش فاکتور مشخص نشده است.',NULL,NULL,NULL,NULL,_binary '\0',_binary '',NULL,NULL),(178,'UpdateField',64,'SelectEnum','Mono','The finalize status','FinalizeStatus','Enum','Finalize Status',NULL,'وضعیت نهایی',NULL,'FinalizeStatus',NULL,NULL,0,0,3,'وضعیت نهایی مشخص نشده است.',NULL,NULL,NULL,NULL,_binary '\0',_binary '',NULL,NULL),(180,'UpdateField',64,'Primitive','Mono','The product amount','ProductAmount','Long','Product amount',NULL,'مبلغ محصولات',NULL,'ProductAmount',NULL,NULL,0,0,NULL,'مبلغ محصولات مشخص نشده است.',NULL,NULL,NULL,NULL,_binary '\0',_binary '',NULL,NULL),(181,'UpdateField',64,'Primitive','Mono','The discount amount','DiscountAmount','Long','Discount amount',NULL,'مبلغ تخفیف',NULL,'DiscountAmount',NULL,NULL,0,0,NULL,'مبلغ تخفیف مشخص نشده است.',NULL,NULL,NULL,NULL,_binary '\0',_binary '',NULL,NULL),(182,'UpdateField',64,'Primitive','Mono','The final amount','FinalAmount','Long','Final amount',NULL,'مبلغ نهایی',NULL,'FinalAmount',NULL,NULL,0,0,NULL,'مبلغ نهایی مشخص نشده است.',NULL,NULL,NULL,NULL,_binary '\0',_binary '',NULL,NULL),(183,'UpdateField',64,'Primitive','Mono','The final payable amount','FinalAmountPayable','Long','Final amount payable',NULL,'مبلغ نهایی پرداختنی',NULL,'FinalAmountPayable',NULL,NULL,0,0,NULL,'مبلغ نهایی پرداختنی مشخص نشده است.',NULL,NULL,NULL,NULL,_binary '\0',_binary '',NULL,NULL),(206,'DeleteId',69,'Primitive','Mono','The draft invoice id','Id','Long','Draft invoice id',NULL,'شناسه پیش فاکتور',NULL,NULL,NULL,NULL,0,0,NULL,NULL,NULL,NULL,NULL,NULL,_binary '',_binary '\0',NULL,NULL),(207,'DeleteResult',70,'Primitive','Mono','The delete result','IsSuccessful','Boolean','Is Delete Successful',NULL,'آیا حذف موفق بود',NULL,NULL,NULL,NULL,0,0,NULL,NULL,NULL,NULL,NULL,NULL,_binary '',_binary '\0',NULL,NULL),(208,'DeleteId',71,'Primitive','Mono','The draft invoice id','Id','Long','Draft invoice id',NULL,'شناسه پیش فاکتور',NULL,NULL,NULL,NULL,0,0,NULL,NULL,NULL,NULL,NULL,NULL,_binary '',_binary '\0',NULL,NULL),(209,'DeleteEntity',72,'DomainEntity','Mono','The draft invoice for sales channel department','Entity','Entity','Cheque for sales channel department',4,' چک دریافتی',NULL,NULL,NULL,NULL,0,0,NULL,NULL,NULL,NULL,NULL,NULL,_binary '',_binary '\0',NULL,NULL),(210,'GridListSearchField',73,'Primitive','Mono','Search software name','SoftwareName','String','Software Name',NULL,'نام فنی نرم افزار',NULL,'','',NULL,1,1,NULL,NULL,NULL,NULL,NULL,NULL,_binary '',_binary '\0',NULL,NULL),(211,'GridListSearchField',73,'Primitive','Mono','Search software title','SoftwareTitle','String','Software Title',NULL,'عنوان نرم افزار',NULL,'','',NULL,2,1,NULL,NULL,NULL,NULL,NULL,NULL,_binary '',_binary '\0',NULL,NULL),(212,'GridListEntity',74,'DomainEntity','List','The list of software for project manager','DataArray','Entity','Software list for project manager',5,'فهرست نرم افزارها',NULL,NULL,NULL,NULL,0,0,NULL,NULL,NULL,NULL,NULL,NULL,_binary '',_binary '\0',NULL,NULL),(213,'ViewId',77,'Primitive','Mono','Software id to find','Id','Long','software id',NULL,'شناسه نرم افزار',NULL,'','',NULL,0,0,NULL,NULL,NULL,NULL,NULL,NULL,_binary '',_binary '\0',NULL,NULL),(214,'ViewEntity',78,'DomainEntity','Mono','software list for project manager','Entity','Entity','software for project manager',5,'نرم افزار',NULL,'','',NULL,0,0,NULL,NULL,NULL,NULL,NULL,NULL,_binary '',_binary '\0',NULL,NULL),(215,'UpdateId',81,'Primitive','Mono','The id of software','Id','Long','Software Id',NULL,'شناسه نرم افزار',223,NULL,NULL,NULL,0,0,NULL,'شناسه نرم افزار مشخص نشده است.',NULL,NULL,NULL,NULL,_binary '\0',_binary '',NULL,NULL),(216,'UpdateField',81,'Primitive','Mono','The software name','SoftwareName','String','Software name',NULL,'نام فنی نرم افزار',224,NULL,NULL,NULL,0,0,NULL,'نام فنی نرم افزار مشخص نشده است.',NULL,NULL,NULL,NULL,_binary '\0',_binary '',NULL,NULL),(217,'UpdateField',81,'Primitive','Mono','The software title','SoftwareTitle','String','Software title',NULL,'عنوان نرم افزار',225,NULL,NULL,NULL,0,0,NULL,'عنوان مشخص نشده است.',NULL,NULL,NULL,NULL,_binary '\0',_binary '',NULL,NULL),(218,'UpdateField',81,'Primitive','Mono','The software SpringBoot project path','SpringBootProjectPath','String','SpringBoot project path',NULL,'مسیر پروژه اسپرینگ بوت',226,NULL,NULL,NULL,0,0,NULL,'مشخص نشده است.',NULL,NULL,NULL,NULL,_binary '\0',_binary '',NULL,NULL),(219,'UpdateField',81,'Primitive','Mono','The software SpringBoot project main package','SpringBootProjectMainPackage','String','SpringBoot project main package',NULL,'پکیج اصلی پروژه اسپرینگ بوت',227,NULL,NULL,NULL,0,0,NULL,'مشخص نشده است.',NULL,NULL,NULL,NULL,_binary '\0',_binary '',NULL,NULL),(220,'UpdateField',81,'Primitive','Mono','The software SpringBoot java src path','SpringBootJavaSrcPath','String','SpringBoot java src path',NULL,'مسیر سورس پروژه اسپرینگ بوت',228,NULL,NULL,NULL,0,0,NULL,'مشخص نشده است.',NULL,NULL,NULL,NULL,_binary '\0',_binary '',NULL,NULL),(221,'UpdateResult',82,'Primitive','Mono','Is update successful','IsSuccessful','Boolean','Is Update Successful',NULL,'آیا ویرایش موفق بود',NULL,NULL,NULL,NULL,0,0,NULL,NULL,NULL,NULL,NULL,NULL,_binary '',_binary '\0',NULL,NULL),(222,'UpdateId',83,'Primitive','Mono','The id of software for update','id','Long','Software Id',NULL,'شناسه نرم افزار',NULL,'','',NULL,0,0,NULL,'شناسه نرم افزار مشخص نشده است.',NULL,NULL,NULL,NULL,_binary '\0',_binary '',NULL,NULL),(223,'UpdateId',84,'Primitive','Mono','The id of software','Id','Long','Software Id',NULL,'شناسه نرم افزار',NULL,'Id',NULL,NULL,0,0,NULL,'شناسه نرم افزار مشخص نشده است.',NULL,NULL,NULL,NULL,_binary '\0',_binary '',NULL,NULL),(224,'UpdateField',84,'Primitive','Mono','The software name','SoftwareName','String','Software name',NULL,'نام فنی نرم افزار',NULL,'Name',NULL,NULL,0,0,NULL,'نام فنی نرم افزار مشخص نشده است.',NULL,NULL,NULL,NULL,_binary '\0',_binary '',NULL,NULL),(225,'UpdateField',84,'Primitive','Mono','The software title','SoftwareTitle','String','Software title',NULL,'عنوان نرم افزار',NULL,'Title',NULL,NULL,0,0,NULL,'عنوان مشخص نشده است.',NULL,NULL,NULL,NULL,_binary '\0',_binary '',NULL,NULL),(226,'UpdateField',84,'Primitive','Mono','The SpringBoot project path','SpringBootProjectPath','String','SpringBoot project path',NULL,'مسیر پروژه اسپرینگ بوت',NULL,'SpringBootProjectPath',NULL,NULL,0,0,NULL,'مشخص نشده است.',NULL,NULL,NULL,NULL,_binary '\0',_binary '',NULL,NULL),(227,'UpdateField',84,'Primitive','Mono','THe SpringBoot project main package','SpringBootProjectMainPackage','String','SpringBoot project main package',NULL,'پکیج اصلی پروژه اسپرینگ بوت',NULL,'SpringBootProjectMainPackage',NULL,NULL,0,0,NULL,'مشخص نشده است.',NULL,NULL,NULL,NULL,_binary '\0',_binary '',NULL,NULL),(228,'UpdateField',84,'Primitive','Mono','The SpringBoot java src path','SpringBootJavaSrcPath','String','SpringBoot java src path',NULL,'مسیر سورس پروژه اسپرینگ بوت',NULL,'SpringBootJavaSrcPath',NULL,NULL,0,0,NULL,'مشخص نشده است.',NULL,NULL,NULL,NULL,_binary '\0',_binary '',NULL,NULL),(229,'AddNewId',85,'Primitive','Mono','The id of software','Id','Long','Software Id',NULL,'شناسه نرم افزار',223,NULL,NULL,NULL,0,0,NULL,'شناسه نرم افزار مشخص نشده است.',NULL,NULL,NULL,NULL,_binary '\0',_binary '',NULL,NULL),(230,'AddNewField',85,'Primitive','Mono','The software name','SoftwareName','String','Software name',NULL,'نام فنی نرم افزار',224,NULL,NULL,NULL,0,0,NULL,'نام فنی نرم افزار مشخص نشده است.',NULL,NULL,NULL,NULL,_binary '\0',_binary '',NULL,NULL),(231,'AddNewField',85,'Primitive','Mono','The software title','SoftwareTitle','String','Software title',NULL,'عنوان نرم افزار',225,NULL,NULL,NULL,0,0,NULL,'عنوان مشخص نشده است.',NULL,NULL,NULL,NULL,_binary '\0',_binary '',NULL,NULL),(232,'AddNewField',85,'Primitive','Mono','The SpringBoot project path','SpringBootProjectPath','String','SpringBoot project path',NULL,'مسیر پروژه اسپرینگ بوت',226,NULL,NULL,NULL,0,0,NULL,'مشخص نشده است.',NULL,NULL,NULL,NULL,_binary '\0',_binary '',NULL,NULL),(233,'AddNewField',85,'Primitive','Mono','THe SpringBoot project main package','SpringBootProjectMainPackage','String','SpringBoot project main package',NULL,'پکیج اصلی پروژه اسپرینگ بوت',227,NULL,NULL,NULL,0,0,NULL,'مشخص نشده است.',NULL,NULL,NULL,NULL,_binary '\0',_binary '',NULL,NULL),(234,'AddNewField',85,'Primitive','Mono','The SpringBoot java src path','SpringBootJavaSrcPath','String','SpringBoot java src path',NULL,'مسیر سورس پروژه اسپرینگ بوت',228,NULL,NULL,NULL,0,0,NULL,'مشخص نشده است.',NULL,NULL,NULL,NULL,_binary '\0',_binary '',NULL,NULL),(235,'AddNewResult',86,'Primitive','Mono','Is update successful','IsSuccessful','Boolean','Is Update Successful',NULL,'آیا ویرایش موفق بود',NULL,NULL,NULL,NULL,0,0,NULL,NULL,NULL,NULL,NULL,NULL,_binary '',_binary '\0',NULL,NULL),(236,'AddNewId',87,'Primitive','Mono','The id of software for update','id','Long','Software Id',NULL,'شناسه نرم افزار',NULL,'','',NULL,0,0,NULL,'شناسه نرم افزار مشخص نشده است.',NULL,NULL,NULL,NULL,_binary '\0',_binary '',NULL,NULL),(237,'AddNewId',88,'Primitive','Mono','The id of software','Id','Long','Software Id',NULL,'شناسه نرم افزار',NULL,'Id',NULL,NULL,0,0,NULL,'شناسه نرم افزار مشخص نشده است.',NULL,NULL,NULL,NULL,_binary '\0',_binary '',NULL,NULL),(238,'AddNewField',88,'Primitive','Mono','The software name','SoftwareName','String','Software name',NULL,'نام فنی نرم افزار',NULL,'Name',NULL,NULL,0,0,NULL,'نام فنی نرم افزار مشخص نشده است.',NULL,NULL,NULL,NULL,_binary '\0',_binary '',NULL,NULL),(239,'AddNewField',88,'Primitive','Mono','The software title','SoftwareTitle','String','Software title',NULL,'عنوان نرم افزار',NULL,'Title',NULL,NULL,0,0,NULL,'عنوان مشخص نشده است.',NULL,NULL,NULL,NULL,_binary '\0',_binary '',NULL,NULL),(240,'AddNewField',88,'Primitive','Mono','The SpringBoot project path','SpringBootProjectPath','String','SpringBoot project path',NULL,'مسیر پروژه اسپرینگ بوت',NULL,'SpringBootProjectPath',NULL,NULL,0,0,NULL,'مشخص نشده است.',NULL,NULL,NULL,NULL,_binary '\0',_binary '',NULL,NULL),(241,'AddNewField',88,'Primitive','Mono','THe SpringBoot project main package','SpringBootProjectMainPackage','String','SpringBoot project main package',NULL,'پکیج اصلی پروژه اسپرینگ بوت',NULL,'SpringBootProjectMainPackage',NULL,NULL,0,0,NULL,'مشخص نشده است.',NULL,NULL,NULL,NULL,_binary '\0',_binary '',NULL,NULL),(242,'AddNewField',88,'Primitive','Mono','The SpringBoot java src path','SpringBootJavaSrcPath','String','SpringBoot java src path',NULL,'مسیر سورس پروژه اسپرینگ بوت',NULL,'SpringBootJavaSrcPath',NULL,NULL,0,0,NULL,'مشخص نشده است.',NULL,NULL,NULL,NULL,_binary '\0',_binary '',NULL,NULL),(243,'DeleteId',89,'Primitive','Mono','The software id','Id','Long','The software id',NULL,'شناسه نرم افزار',NULL,NULL,NULL,NULL,0,0,NULL,NULL,NULL,NULL,NULL,NULL,_binary '',_binary '\0',NULL,NULL),(244,'DeleteResult',90,'Primitive','Mono','The delete result','IsSuccessful','Boolean','The delete result',NULL,'آیا حذف موفق بود',NULL,NULL,NULL,NULL,0,0,NULL,NULL,NULL,NULL,NULL,NULL,_binary '',_binary '\0',NULL,NULL),(245,'DeleteId',91,'Primitive','Mono','The software id','Id','Long','The software id',NULL,'شناسه نرم افزار',NULL,NULL,NULL,NULL,0,0,NULL,NULL,NULL,NULL,NULL,NULL,_binary '',_binary '\0',NULL,NULL),(246,'DeleteEntity',92,'DomainEntity','Mono','The software for project manager','Entity','Entity','The software for project manager',5,'نرم افزار',NULL,NULL,NULL,NULL,0,0,NULL,NULL,NULL,NULL,NULL,NULL,_binary '',_binary '\0',NULL,NULL),(248,'GridListSearchField',93,'Primitive','Mono','Search use case data attribute name','UseCaseDataAttributeName','String','Use case data attribute name',NULL,'نام فنی صفت',NULL,'','',NULL,1,1,NULL,NULL,NULL,NULL,NULL,NULL,_binary '',_binary '\0',NULL,NULL),(249,'GridListEntity',94,'DomainEntity','List','The list of software for project manager','DataArray','Entity','Use case data attribute list for project manager',6,'فهرست صفت های داده ی مورد کاربری',NULL,NULL,NULL,NULL,0,0,NULL,NULL,NULL,NULL,NULL,NULL,_binary '',_binary '\0',NULL,NULL),(250,'ViewId',97,'Primitive','Mono','Use case data attribute id to find','Id','Long','Use case data attribute id',NULL,'شناسه صفت',NULL,'','',NULL,0,0,NULL,NULL,NULL,NULL,NULL,NULL,_binary '',_binary '\0',NULL,NULL),(251,'ViewEntity',98,'DomainEntity','Mono','Use case data attribute list for project manager','Entity','Entity','Use case data attribute for project manager',6,'صفت مورد کاربری',NULL,'','',NULL,0,0,NULL,NULL,NULL,NULL,NULL,NULL,_binary '',_binary '\0',NULL,NULL),(252,'UpdateId',101,'Primitive','Mono','The id of use case data attribute','Id','Long','Use case data attribute Id',NULL,'شناسه صفت داده مورد کاربری',298,NULL,NULL,NULL,0,0,NULL,'شناسه صفت داده مورد کاربری مشخص نشده است.',NULL,NULL,NULL,NULL,_binary '\0',_binary '',NULL,NULL),(253,'UpdateField',101,'Primitive','Mono','The name','Name','String','Name',NULL,'نام فنی',299,NULL,NULL,NULL,0,0,NULL,'نام فنی مشخص نشده است.',NULL,NULL,NULL,NULL,_binary '\0',_binary '',NULL,NULL),(254,'UpdateField',101,'Primitive','Mono','The title','Title','String','Title',NULL,'عنوان',300,NULL,NULL,NULL,0,0,NULL,'عنوان مشخص نشده است.',NULL,NULL,NULL,NULL,_binary '\0',_binary '',NULL,NULL),(255,'UpdateField',101,'Primitive','Mono','The farsi title','FaTitle','String','FaTitle',NULL,'عنوان فارسی',301,NULL,NULL,NULL,0,0,NULL,'عنوان فارسی مشخص نشده است.',NULL,NULL,NULL,NULL,_binary '\0',_binary '',NULL,NULL),(256,'UpdateField',101,'Primitive','Mono','The description','Description','String','Description',NULL,'شرح',302,NULL,NULL,NULL,0,0,NULL,'شرح مشخص نشده است.',NULL,NULL,NULL,NULL,_binary '\0',_binary '',NULL,NULL),(257,'UpdateField',101,'Primitive','Mono','The ui row','UiRow','Long','UiRow',NULL,'شماره سطر',303,NULL,NULL,NULL,0,0,NULL,'شماره سطر مشخص نشده است.',NULL,NULL,NULL,NULL,_binary '\0',_binary '',NULL,NULL),(258,'UpdateField',101,'Primitive','Mono','The ui Column','UiColumn','Long','UiColumn',NULL,'شماره ستون',304,NULL,NULL,NULL,0,0,NULL,'شماره ستون مشخص نشده است.',NULL,NULL,NULL,NULL,_binary '\0',_binary '',NULL,NULL),(259,'UpdateField',101,'SelectEnum','Mono','The use case usage','UseCaseUsageEnum','Enum','Use case usage',NULL,'نوع کاربرد',305,NULL,NULL,NULL,0,0,4,'نوع کاربرد مشخص نشده است.',NULL,NULL,NULL,NULL,_binary '\0',_binary '',NULL,NULL),(260,'UpdateField',101,'SelectEnum','Mono','The attribute quantity','AttributeQuantity','Enum','Attribute quantity',NULL,'نوع شمارشی',306,NULL,NULL,NULL,0,0,5,'نوع شمارشی مشخص نشده است.',NULL,NULL,NULL,NULL,_binary '\0',_binary '',NULL,NULL),(261,'UpdateField',101,'SelectEnum','Mono','The attribute category','AttributeCategory','Enum','Attribute category',NULL,'دسته بندی',307,NULL,NULL,NULL,0,0,6,'دسته بندی مشخص نشده است.',NULL,NULL,NULL,NULL,_binary '\0',_binary '',NULL,NULL),(262,'UpdateField',101,'SelectEnum','Mono','The primitive attribute type','PrimitiveAttributeType','Enum','Primitive attribute type',NULL,'نوع صفت پایه',308,NULL,NULL,NULL,0,0,7,'نوع صفت پایه مشخص نشده است.',NULL,NULL,NULL,NULL,_binary '\0',_binary '',NULL,NULL),(263,'UpdateField',101,'Primitive','Mono','The setter of update path','SetterOfUpdatePath','String','Setter of update path',NULL,'مسیر setter',309,NULL,NULL,NULL,0,0,NULL,'مشخص نشده است.',NULL,NULL,NULL,NULL,_binary '',_binary '\0',NULL,NULL),(264,'UpdateField',101,'Primitive','Mono','The getter of update path','GetterOfUpdatePath','String','Getter of update path',NULL,'مسیر getter',310,NULL,NULL,NULL,0,0,NULL,'مشخص نشده است.',NULL,NULL,NULL,NULL,_binary '',_binary '\0',NULL,NULL),(265,'UpdateField',101,'Primitive','Mono','The nullable','Nullable','Boolean','Nullable',NULL,'آیا nullable است؟',311,NULL,NULL,NULL,0,0,NULL,'مشخص نشده است.',NULL,NULL,NULL,NULL,_binary '\0',_binary '',NULL,NULL),(266,'UpdateField',101,'Primitive','Mono','The required','Required','Boolean','Required',NULL,'آیا الزامیست؟',312,NULL,NULL,NULL,0,0,NULL,'مشخص نشده است.',NULL,NULL,NULL,NULL,_binary '\0',_binary '',NULL,NULL),(267,'UpdateField',101,'Primitive','Mono','The min length','MinLength','Long','Min length',NULL,'کمینه طول',313,NULL,NULL,NULL,0,0,NULL,'مشخص نشده است.',NULL,NULL,NULL,NULL,_binary '\0',_binary '',NULL,NULL),(268,'UpdateField',101,'Primitive','Mono','The max length','MaxLength','Long','Max length',NULL,'بیشینه طول',314,NULL,NULL,NULL,0,0,NULL,'مشخص نشده است.',NULL,NULL,NULL,NULL,_binary '\0',_binary '',NULL,NULL),(269,'UpdateField',101,'Primitive','Mono','The min','Min','Long','Min',NULL,'کمینه مقدار',315,NULL,NULL,NULL,0,0,NULL,'مشخص نشده است.',NULL,NULL,NULL,NULL,_binary '\0',_binary '',NULL,NULL),(270,'UpdateField',101,'Primitive','Mono','The max','Max','Long','Max',NULL,'بیشینه مقدار',316,NULL,NULL,NULL,0,0,NULL,'مشخص نشده است.',NULL,NULL,NULL,NULL,_binary '\0',_binary '',NULL,NULL),(271,'UpdateField',101,'Primitive','Mono','The error tip','ErrorTip','String','Error tip',NULL,'عنوان خطا',317,NULL,NULL,NULL,0,0,NULL,'مشخص نشده است.',NULL,NULL,NULL,NULL,_binary '\0',_binary '',NULL,NULL),(272,'UpdateField',101,'SelectEntity','Mono','DomainEntityAttributeType','DomainEntityAttributeType','Entity','DomainEntityAttributeType',NULL,'موجودیت دامنه',318,NULL,NULL,14,0,0,NULL,'مشخص نشده است.',NULL,NULL,NULL,NULL,_binary '',_binary '\0',NULL,NULL),(273,'UpdateField',101,'SelectEntity','Mono','DataEntityAttributeType','DataEntityAttributeType','Entity','DataEntityAttributeType',NULL,'موجودیت دیتابیس',319,NULL,NULL,16,0,0,NULL,'مشخص نشده است.',NULL,NULL,NULL,NULL,_binary '',_binary '\0',NULL,NULL),(274,'UpdateField',101,'SelectEntity','Mono','UseCaseData','UseCaseData','Entity','UseCaseData',NULL,'داده مورد کاربری',320,NULL,NULL,12,0,0,NULL,'مشخص نشده است.',NULL,NULL,NULL,NULL,_binary '\0',_binary '',NULL,NULL),(275,'UpdateField',101,'SelectEntity','Mono','FruitSeedsAttribute','FruitSeedsAttribute','Entity','FruitSeedsAttribute',NULL,'صفت تامین کننده',321,NULL,NULL,13,0,0,NULL,'مشخص نشده است.',NULL,NULL,NULL,NULL,_binary '',_binary '\0',NULL,NULL),(276,'UpdateField',101,'SelectEntity','Mono','DataEnum','DataEnum','Entity','DataEnum',NULL,'موجودیت شمارشی',322,NULL,NULL,17,0,0,NULL,'مشخص نشده است.',NULL,NULL,NULL,NULL,_binary '',_binary '\0',NULL,NULL),(277,'UpdateResult',102,'Primitive','Mono','Id','Id','Long','Id',NULL,'شناسه',NULL,NULL,NULL,NULL,0,0,NULL,NULL,NULL,NULL,NULL,NULL,_binary '',_binary '\0',NULL,NULL),(278,'UpdateId',103,'Primitive','Mono','The id of use case data attribute for update','Id','Long','Use case data attribute Id',NULL,'شناسه صفت داده مورد کاربری',NULL,'','',NULL,0,0,NULL,'شناسه صفت داده مورد کاربری مشخص نشده است.',NULL,NULL,NULL,NULL,_binary '\0',_binary '',NULL,NULL),(298,'UpdateId',104,'Primitive','Mono','The id of use case data attribute','Id','Long','Use case data attribute Id',NULL,'شناسه صفت داده مورد کاربری',NULL,'Id',NULL,NULL,0,0,NULL,'شناسه صفت داده مورد کاربری مشخص نشده است.',NULL,NULL,NULL,NULL,_binary '\0',_binary '',NULL,NULL),(299,'UpdateField',104,'Primitive','Mono','The name','Name','String','Name',NULL,'نام فنی',NULL,'Name',NULL,NULL,0,0,NULL,'نام فنی مشخص نشده است.',NULL,NULL,NULL,NULL,_binary '\0',_binary '',NULL,NULL),(300,'UpdateField',104,'Primitive','Mono','The title','Title','String','Title',NULL,'عنوان',NULL,'Title',NULL,NULL,0,0,NULL,'عنوان مشخص نشده است.',NULL,NULL,NULL,NULL,_binary '\0',_binary '',NULL,NULL),(301,'UpdateField',104,'Primitive','Mono','The farsi title','FaTitle','String','FaTitle',NULL,'عنوان فارسی',NULL,'FaTitle',NULL,NULL,0,0,NULL,'عنوان فارسی مشخص نشده است.',NULL,NULL,NULL,NULL,_binary '\0',_binary '',NULL,NULL),(302,'UpdateField',104,'Primitive','Mono','The description','Description','String','Description',NULL,'شرح',NULL,'Description',NULL,NULL,0,0,NULL,'شرح مشخص نشده است.',NULL,NULL,NULL,NULL,_binary '\0',_binary '',NULL,NULL),(303,'UpdateField',104,'Primitive','Mono','The ui row','UiRow','Long','UiRow',NULL,'شماره سطر',NULL,'UiRow',NULL,NULL,0,0,NULL,'شماره سطر مشخص نشده است.',NULL,NULL,NULL,NULL,_binary '\0',_binary '',NULL,NULL),(304,'UpdateField',104,'Primitive','Mono','The ui Column','UiColumn','Long','UiColumn',NULL,'شماره ستون',NULL,'UiColumn',NULL,NULL,0,0,NULL,'شماره ستون مشخص نشده است.',NULL,NULL,NULL,NULL,_binary '\0',_binary '',NULL,NULL),(305,'UpdateField',104,'SelectEnum','Mono','The use case usage','UseCaseUsageEnum','Enum','Use case usage',NULL,'نوع کاربرد',NULL,'UseCaseUsageEnum',NULL,NULL,0,0,4,'نوع کاربرد مشخص نشده است.',NULL,NULL,NULL,NULL,_binary '\0',_binary '',NULL,NULL),(306,'UpdateField',104,'SelectEnum','Mono','The attribute quantity','AttributeQuantity','Enum','Attribute quantity',NULL,'نوع شمارشی',NULL,'AttributeQuantity',NULL,NULL,0,0,5,'نوع شمارشی مشخص نشده است.',NULL,NULL,NULL,NULL,_binary '\0',_binary '',NULL,NULL),(307,'UpdateField',104,'SelectEnum','Mono','The attribute category','AttributeCategory','Enum','Attribute category',NULL,'دسته بندی',NULL,'AttributeCategory',NULL,NULL,0,0,6,'دسته بندی مشخص نشده است.',NULL,NULL,NULL,NULL,_binary '\0',_binary '',NULL,NULL),(308,'UpdateField',104,'SelectEnum','Mono','The primitive attribute type','PrimitiveAttributeType','Enum','Primitive attribute type',NULL,'نوع صفت پایه',NULL,'PrimitiveAttributeType',NULL,NULL,0,0,7,'نوع صفت پایه مشخص نشده است.',NULL,NULL,NULL,NULL,_binary '\0',_binary '',NULL,NULL),(309,'UpdateField',104,'Primitive','Mono','The setter of update path','SetterOfUpdatePath','String','Setter of update path',NULL,'مسیر setter',NULL,'SetterOfUpdatePath',NULL,NULL,0,0,NULL,'مشخص نشده است.',NULL,NULL,NULL,NULL,_binary '',_binary '\0',NULL,NULL),(310,'UpdateField',104,'Primitive','Mono','The getter of update path','GetterOfUpdatePath','String','Getter of update path',NULL,'مسیر getter',NULL,'GetterOfUpdatePath',NULL,NULL,0,0,NULL,'مشخص نشده است.',NULL,NULL,NULL,NULL,_binary '',_binary '\0',NULL,NULL),(311,'UpdateField',104,'Primitive','Mono','The nullable','Nullable','Boolean','Nullable',NULL,'آیا nullable است؟',NULL,'Nullable',NULL,NULL,0,0,NULL,'مشخص نشده است.',NULL,NULL,NULL,NULL,_binary '\0',_binary '',NULL,NULL),(312,'UpdateField',104,'Primitive','Mono','The required','Required','Boolean','Required',NULL,'آیا الزامیست؟',NULL,'Required',NULL,NULL,0,0,NULL,'مشخص نشده است.',NULL,NULL,NULL,NULL,_binary '\0',_binary '',NULL,NULL),(313,'UpdateField',104,'Primitive','Mono','The min length','MinLength','Long','Min length',NULL,'کمینه طول',NULL,'MinLength',NULL,NULL,0,0,NULL,'مشخص نشده است.',NULL,NULL,NULL,NULL,_binary '\0',_binary '',NULL,NULL),(314,'UpdateField',104,'Primitive','Mono','The max length','MaxLength','Long','Max length',NULL,'بیشینه طول',NULL,'MaxLength',NULL,NULL,0,0,NULL,'مشخص نشده است.',NULL,NULL,NULL,NULL,_binary '\0',_binary '',NULL,NULL),(315,'UpdateField',104,'Primitive','Mono','The min','Min','Long','Min',NULL,'کمینه مقدار',NULL,'Min',NULL,NULL,0,0,NULL,'مشخص نشده است.',NULL,NULL,NULL,NULL,_binary '\0',_binary '',NULL,NULL),(316,'UpdateField',104,'Primitive','Mono','The max','Max','Long','Max',NULL,'بیشینه مقدار',NULL,'Max',NULL,NULL,0,0,NULL,'مشخص نشده است.',NULL,NULL,NULL,NULL,_binary '\0',_binary '',NULL,NULL),(317,'UpdateField',104,'Primitive','Mono','The error tip','ErrorTip','String','Error tip',NULL,'عنوان خطا',NULL,'ErrorTip',NULL,NULL,0,0,NULL,'مشخص نشده است.',NULL,NULL,NULL,NULL,_binary '\0',_binary '',NULL,NULL),(318,'UpdateField',104,'SelectEntity','Mono','DomainEntityAttributeType','DomainEntityAttributeType','Entity','DomainEntityAttributeType',NULL,'موجودیت دامنه',NULL,'DomainEntityAttributeType',NULL,14,0,0,NULL,'مشخص نشده است.',NULL,NULL,NULL,NULL,_binary '',_binary '\0',NULL,NULL),(319,'UpdateField',104,'SelectEntity','Mono','DataEntityAttributeType','DataEntityAttributeType','Entity','DataEntityAttributeType',NULL,'موجودیت دیتابیس',NULL,'DataEntityAttributeType',NULL,16,0,0,NULL,'مشخص نشده است.',NULL,NULL,NULL,NULL,_binary '',_binary '\0',NULL,NULL),(320,'UpdateField',104,'SelectEntity','Mono','UseCaseData','UseCaseData','Entity','UseCaseData',NULL,'داده مورد کاربری',NULL,'UseCaseData',NULL,12,0,0,NULL,'مشخص نشده است.',NULL,NULL,NULL,NULL,_binary '\0',_binary '',NULL,NULL),(321,'UpdateField',104,'SelectEntity','Mono','FruitSeedsAttribute','FruitSeedsAttribute','Entity','FruitSeedsAttribute',NULL,'صفت تامین کننده',NULL,'FruitSeedsAttribute',NULL,13,0,0,NULL,'مشخص نشده است.',NULL,NULL,NULL,NULL,_binary '',_binary '\0',NULL,NULL),(322,'UpdateField',104,'SelectEntity','Mono','DataEnum','DataEnum','Entity','DataEnum',NULL,'موجودیت شمارشی',NULL,'DataEnum',NULL,17,0,0,NULL,'مشخص نشده است.',NULL,NULL,NULL,NULL,_binary '',_binary '\0',NULL,NULL),(323,'AddNewId',105,'Primitive','Mono','The id of use case data attribute','Id','Long','Use case data attribute Id',NULL,'شناسه صفت داده مورد کاربری',298,NULL,NULL,NULL,0,0,NULL,'شناسه صفت داده مورد کاربری مشخص نشده است.',NULL,NULL,NULL,NULL,_binary '\0',_binary '',NULL,NULL),(324,'AddNewField',105,'Primitive','Mono','The name','Name','String','Name',NULL,'نام فنی',299,NULL,NULL,NULL,0,0,NULL,'نام فنی مشخص نشده است.',NULL,NULL,NULL,NULL,_binary '\0',_binary '',NULL,NULL),(325,'AddNewField',105,'Primitive','Mono','The title','Title','String','Title',NULL,'عنوان',300,NULL,NULL,NULL,0,0,NULL,'عنوان مشخص نشده است.',NULL,NULL,NULL,NULL,_binary '\0',_binary '',NULL,NULL),(326,'AddNewField',105,'Primitive','Mono','The farsi title','FaTitle','String','FaTitle',NULL,'عنوان فارسی',301,NULL,NULL,NULL,0,0,NULL,'عنوان فارسی مشخص نشده است.',NULL,NULL,NULL,NULL,_binary '\0',_binary '',NULL,NULL),(327,'AddNewField',105,'Primitive','Mono','The description','Description','String','Description',NULL,'شرح',302,NULL,NULL,NULL,0,0,NULL,'شرح مشخص نشده است.',NULL,NULL,NULL,NULL,_binary '\0',_binary '',NULL,NULL),(328,'AddNewField',105,'Primitive','Mono','The ui row','UiRow','Long','UiRow',NULL,'شماره سطر',303,NULL,NULL,NULL,0,0,NULL,'شماره سطر مشخص نشده است.',NULL,NULL,NULL,NULL,_binary '\0',_binary '',NULL,NULL),(329,'AddNewField',105,'Primitive','Mono','The ui Column','UiColumn','Long','UiColumn',NULL,'شماره ستون',304,NULL,NULL,NULL,0,0,NULL,'شماره ستون مشخص نشده است.',NULL,NULL,NULL,NULL,_binary '\0',_binary '',NULL,NULL),(330,'AddNewField',105,'SelectEnum','Mono','The use case usage','UseCaseUsageEnum','Enum','Use case usage',NULL,'نوع کاربرد',305,NULL,NULL,NULL,0,0,4,'نوع کاربرد مشخص نشده است.',NULL,NULL,NULL,NULL,_binary '\0',_binary '',NULL,NULL),(331,'AddNewField',105,'SelectEnum','Mono','The attribute quantity','AttributeQuantity','Enum','Attribute quantity',NULL,'نوع شمارشی',306,NULL,NULL,NULL,0,0,5,'نوع شمارشی مشخص نشده است.',NULL,NULL,NULL,NULL,_binary '\0',_binary '',NULL,NULL),(332,'AddNewField',105,'SelectEnum','Mono','The attribute category','AttributeCategory','Enum','Attribute category',NULL,'دسته بندی',307,NULL,NULL,NULL,0,0,6,'دسته بندی مشخص نشده است.',NULL,NULL,NULL,NULL,_binary '\0',_binary '',NULL,NULL),(333,'AddNewField',105,'SelectEnum','Mono','The primitive attribute type','PrimitiveAttributeType','Enum','Primitive attribute type',NULL,'نوع صفت پایه',308,NULL,NULL,NULL,0,0,7,'نوع صفت پایه مشخص نشده است.',NULL,NULL,NULL,NULL,_binary '\0',_binary '',NULL,NULL),(334,'AddNewField',105,'Primitive','Mono','The setter of update path','SetterOfUpdatePath','String','Setter of update path',NULL,'مسیر setter',309,NULL,NULL,NULL,0,0,NULL,'مشخص نشده است.',NULL,NULL,NULL,NULL,_binary '',_binary '\0',NULL,NULL),(335,'AddNewField',105,'Primitive','Mono','The getter of update path','GetterOfUpdatePath','String','Getter of update path',NULL,'مسیر getter',310,NULL,NULL,NULL,0,0,NULL,'مشخص نشده است.',NULL,NULL,NULL,NULL,_binary '',_binary '\0',NULL,NULL),(336,'AddNewField',105,'Primitive','Mono','The nullable','Nullable','Boolean','Nullable',NULL,'آیا nullable است؟',311,NULL,NULL,NULL,0,0,NULL,'مشخص نشده است.',NULL,NULL,NULL,NULL,_binary '\0',_binary '',NULL,NULL),(337,'AddNewField',105,'Primitive','Mono','The required','Required','Boolean','Required',NULL,'آیا الزامیست؟',312,NULL,NULL,NULL,0,0,NULL,'مشخص نشده است.',NULL,NULL,NULL,NULL,_binary '\0',_binary '',NULL,NULL),(338,'AddNewField',105,'Primitive','Mono','The min length','MinLength','Long','Min length',NULL,'کمینه طول',313,NULL,NULL,NULL,0,0,NULL,'مشخص نشده است.',NULL,NULL,NULL,NULL,_binary '\0',_binary '',NULL,NULL),(339,'AddNewField',105,'Primitive','Mono','The max length','MaxLength','Long','Max length',NULL,'بیشینه طول',314,NULL,NULL,NULL,0,0,NULL,'مشخص نشده است.',NULL,NULL,NULL,NULL,_binary '\0',_binary '',NULL,NULL),(340,'AddNewField',105,'Primitive','Mono','The min','Min','Long','Min',NULL,'کمینه مقدار',315,NULL,NULL,NULL,0,0,NULL,'مشخص نشده است.',NULL,NULL,NULL,NULL,_binary '\0',_binary '',NULL,NULL),(341,'AddNewField',105,'Primitive','Mono','The max','Max','Long','Max',NULL,'بیشینه مقدار',316,NULL,NULL,NULL,0,0,NULL,'مشخص نشده است.',NULL,NULL,NULL,NULL,_binary '\0',_binary '',NULL,NULL),(342,'AddNewField',105,'Primitive','Mono','The error tip','ErrorTip','String','Error tip',NULL,'عنوان خطا',317,NULL,NULL,NULL,0,0,NULL,'مشخص نشده است.',NULL,NULL,NULL,NULL,_binary '\0',_binary '',NULL,NULL),(343,'AddNewField',105,'SelectEntity','Mono','DomainEntityAttributeType','DomainEntityAttributeType','Entity','DomainEntityAttributeType',NULL,'موجودیت دامنه',318,NULL,NULL,14,0,0,NULL,'مشخص نشده است.',NULL,NULL,NULL,NULL,_binary '',_binary '\0',NULL,NULL),(344,'AddNewField',105,'SelectEntity','Mono','DataEntityAttributeType','DataEntityAttributeType','Entity','DataEntityAttributeType',NULL,'موجودیت دیتابیس',319,NULL,NULL,16,0,0,NULL,'مشخص نشده است.',NULL,NULL,NULL,NULL,_binary '',_binary '\0',NULL,NULL),(345,'AddNewField',105,'SelectEntity','Mono','UseCaseData','UseCaseData','Entity','UseCaseData',NULL,'داده مورد کاربری',320,NULL,NULL,12,0,0,NULL,'مشخص نشده است.',NULL,NULL,NULL,NULL,_binary '\0',_binary '',NULL,NULL),(346,'AddNewField',105,'SelectEntity','Mono','FruitSeedsAttribute','FruitSeedsAttribute','Entity','FruitSeedsAttribute',NULL,'صفت تامین کننده',321,NULL,NULL,13,0,0,NULL,'مشخص نشده است.',NULL,NULL,NULL,NULL,_binary '',_binary '\0',NULL,NULL),(347,'AddNewField',105,'SelectEntity','Mono','DataEnum','DataEnum','Entity','DataEnum',NULL,'موجودیت شمارشی',322,NULL,NULL,17,0,0,NULL,'مشخص نشده است.',NULL,NULL,NULL,NULL,_binary '',_binary '\0',NULL,NULL),(348,'AddNewResult',106,'Primitive','Mono','Id','Id','Long','Id',NULL,'شناسه',NULL,NULL,NULL,NULL,0,0,NULL,NULL,NULL,NULL,NULL,NULL,_binary '',_binary '\0',NULL,NULL),(349,'AddNewId',107,'Primitive','Mono','The id of use case data attribute for update','Id','Long','Use case data attribute Id',NULL,'شناسه صفت داده مورد کاربری',NULL,'','',NULL,0,0,NULL,'شناسه صفت داده مورد کاربری مشخص نشده است.',NULL,NULL,NULL,NULL,_binary '\0',_binary '',NULL,NULL),(350,'AddNewId',108,'Primitive','Mono','The id of use case data attribute','Id','Long','Use case data attribute Id',NULL,'شناسه صفت داده مورد کاربری',NULL,'Id',NULL,NULL,0,0,NULL,'شناسه صفت داده مورد کاربری مشخص نشده است.',NULL,NULL,NULL,NULL,_binary '\0',_binary '',NULL,NULL),(351,'AddNewField',108,'Primitive','Mono','The name','Name','String','Name',NULL,'نام فنی',NULL,'Name',NULL,NULL,0,0,NULL,'نام فنی مشخص نشده است.',NULL,NULL,NULL,NULL,_binary '\0',_binary '',NULL,NULL),(352,'AddNewField',108,'Primitive','Mono','The title','Title','String','Title',NULL,'عنوان',NULL,'Title',NULL,NULL,0,0,NULL,'عنوان مشخص نشده است.',NULL,NULL,NULL,NULL,_binary '\0',_binary '',NULL,NULL),(353,'AddNewField',108,'Primitive','Mono','The farsi title','FaTitle','String','FaTitle',NULL,'عنوان فارسی',NULL,'FaTitle',NULL,NULL,0,0,NULL,'عنوان فارسی مشخص نشده است.',NULL,NULL,NULL,NULL,_binary '\0',_binary '',NULL,NULL),(354,'AddNewField',108,'Primitive','Mono','The description','Description','String','Description',NULL,'شرح',NULL,'Description',NULL,NULL,0,0,NULL,'شرح مشخص نشده است.',NULL,NULL,NULL,NULL,_binary '\0',_binary '',NULL,NULL),(355,'AddNewField',108,'Primitive','Mono','The ui row','UiRow','Long','UiRow',NULL,'شماره سطر',NULL,'UiRow',NULL,NULL,0,0,NULL,'شماره سطر مشخص نشده است.',NULL,NULL,NULL,NULL,_binary '\0',_binary '',NULL,NULL),(356,'AddNewField',108,'Primitive','Mono','The ui Column','UiColumn','Long','UiColumn',NULL,'شماره ستون',NULL,'UiColumn',NULL,NULL,0,0,NULL,'شماره ستون مشخص نشده است.',NULL,NULL,NULL,NULL,_binary '\0',_binary '',NULL,NULL),(357,'AddNewField',108,'SelectEnum','Mono','The use case usage','UseCaseUsageEnum','Enum','Use case usage',NULL,'نوع کاربرد',NULL,'UseCaseUsageEnum',NULL,NULL,0,0,4,'نوع کاربرد مشخص نشده است.',NULL,NULL,NULL,NULL,_binary '\0',_binary '',NULL,NULL),(358,'AddNewField',108,'SelectEnum','Mono','The attribute quantity','AttributeQuantity','Enum','Attribute quantity',NULL,'نوع شمارشی',NULL,'AttributeQuantity',NULL,NULL,0,0,5,'نوع شمارشی مشخص نشده است.',NULL,NULL,NULL,NULL,_binary '\0',_binary '',NULL,NULL),(359,'AddNewField',108,'SelectEnum','Mono','The attribute category','AttributeCategory','Enum','Attribute category',NULL,'دسته بندی',NULL,'AttributeCategory',NULL,NULL,0,0,6,'دسته بندی مشخص نشده است.',NULL,NULL,NULL,NULL,_binary '\0',_binary '',NULL,NULL),(360,'AddNewField',108,'SelectEnum','Mono','The primitive attribute type','PrimitiveAttributeType','Enum','Primitive attribute type',NULL,'نوع صفت پایه',NULL,'PrimitiveAttributeType',NULL,NULL,0,0,7,'نوع صفت پایه مشخص نشده است.',NULL,NULL,NULL,NULL,_binary '\0',_binary '',NULL,NULL),(361,'AddNewField',108,'Primitive','Mono','The setter of update path','SetterOfUpdatePath','String','Setter of update path',NULL,'مسیر setter',NULL,'SetterOfUpdatePath',NULL,NULL,0,0,NULL,'مشخص نشده است.',NULL,NULL,NULL,NULL,_binary '',_binary '\0',NULL,NULL),(362,'AddNewField',108,'Primitive','Mono','The getter of update path','GetterOfUpdatePath','String','Getter of update path',NULL,'مسیر getter',NULL,'GetterOfUpdatePath',NULL,NULL,0,0,NULL,'مشخص نشده است.',NULL,NULL,NULL,NULL,_binary '',_binary '\0',NULL,NULL),(363,'AddNewField',108,'Primitive','Mono','The nullable','Nullable','Boolean','Nullable',NULL,'آیا nullable است؟',NULL,'Nullable',NULL,NULL,0,0,NULL,'مشخص نشده است.',NULL,NULL,NULL,NULL,_binary '\0',_binary '',NULL,NULL),(364,'AddNewField',108,'Primitive','Mono','The required','Required','Boolean','Required',NULL,'آیا الزامیست؟',NULL,'Required',NULL,NULL,0,0,NULL,'مشخص نشده است.',NULL,NULL,NULL,NULL,_binary '\0',_binary '',NULL,NULL),(365,'AddNewField',108,'Primitive','Mono','The min length','MinLength','Long','Min length',NULL,'کمینه طول',NULL,'MinLength',NULL,NULL,0,0,NULL,'مشخص نشده است.',NULL,NULL,NULL,NULL,_binary '\0',_binary '',NULL,NULL),(366,'AddNewField',108,'Primitive','Mono','The max length','MaxLength','Long','Max length',NULL,'بیشینه طول',NULL,'MaxLength',NULL,NULL,0,0,NULL,'مشخص نشده است.',NULL,NULL,NULL,NULL,_binary '\0',_binary '',NULL,NULL),(367,'AddNewField',108,'Primitive','Mono','The min','Min','Long','Min',NULL,'کمینه مقدار',NULL,'Min',NULL,NULL,0,0,NULL,'مشخص نشده است.',NULL,NULL,NULL,NULL,_binary '\0',_binary '',NULL,NULL),(368,'AddNewField',108,'Primitive','Mono','The max','Max','Long','Max',NULL,'بیشینه مقدار',NULL,'Max',NULL,NULL,0,0,NULL,'مشخص نشده است.',NULL,NULL,NULL,NULL,_binary '\0',_binary '',NULL,NULL),(369,'AddNewField',108,'Primitive','Mono','The error tip','ErrorTip','String','Error tip',NULL,'عنوان خطا',NULL,'ErrorTip',NULL,NULL,0,0,NULL,'مشخص نشده است.',NULL,NULL,NULL,NULL,_binary '\0',_binary '',NULL,NULL),(370,'AddNewField',108,'SelectEntity','Mono','DomainEntityAttributeType','DomainEntityAttributeType','Entity','DomainEntityAttributeType',NULL,'موجودیت دامنه',NULL,'DomainEntityAttributeType',NULL,14,0,0,NULL,'مشخص نشده است.',NULL,NULL,NULL,NULL,_binary '',_binary '\0',NULL,NULL),(371,'AddNewField',108,'SelectEntity','Mono','DataEntityAttributeType','DataEntityAttributeType','Entity','DataEntityAttributeType',NULL,'موجودیت دیتابیس',NULL,'DataEntityAttributeType',NULL,16,0,0,NULL,'مشخص نشده است.',NULL,NULL,NULL,NULL,_binary '',_binary '\0',NULL,NULL),(372,'AddNewField',108,'SelectEntity','Mono','UseCaseData','UseCaseData','Entity','UseCaseData',NULL,'داده مورد کاربری',NULL,'UseCaseData',NULL,12,0,0,NULL,'مشخص نشده است.',NULL,NULL,NULL,NULL,_binary '\0',_binary '',NULL,NULL),(373,'AddNewField',108,'SelectEntity','Mono','FruitSeedsAttribute','FruitSeedsAttribute','Entity','FruitSeedsAttribute',NULL,'صفت تامین کننده',NULL,'FruitSeedsAttribute',NULL,13,0,0,NULL,'مشخص نشده است.',NULL,NULL,NULL,NULL,_binary '',_binary '\0',NULL,NULL),(374,'AddNewField',108,'SelectEntity','Mono','DataEnum','DataEnum','Entity','DataEnum',NULL,'موجودیت شمارشی',NULL,'DataEnum',NULL,17,0,0,NULL,'مشخص نشده است.',NULL,NULL,NULL,NULL,_binary '',_binary '\0',NULL,NULL),(376,'GridListSearchField',109,'Primitive','Mono','The use case name','UseCaseName','String','Use case name',NULL,'نام مورد کاربری',NULL,' ',' ',NULL,1,1,NULL,'ندارد',0,100,0,0,_binary '',_binary '\0',NULL,NULL),(377,'GridListEntity',110,'DomainEntity','List','The list of use cases for project manager','DataArray','Entity','Use case list for project manager',7,'فهرست موردهای کاربری برای مدیر پروژه',NULL,' ',' ',NULL,0,0,NULL,'None',0,0,0,0,_binary '\0',_binary '',NULL,NULL),(378,'ViewId',113,'Primitive','Mono','The use case Id for find','Id','Long','Use case Id',NULL,'شناسه مورد کاربری',NULL,NULL,NULL,NULL,0,0,NULL,'None',100000000,100,1,1,_binary '\0',_binary '',NULL,NULL),(379,'ViewEntity',114,'DomainEntity','Mono','The use case to view','Entity','Entity','Use case',7,'مورد کاربری',NULL,NULL,NULL,NULL,0,0,NULL,'None',0,0,0,0,_binary '\0',_binary '',NULL,NULL),(381,'AddNewId',117,'Primitive','Mono','The use case id','Id','Long','Use case Id',NULL,'شناسه مورد کاربری',382,NULL,NULL,NULL,1,1,NULL,'None',10000000,100,1,1,_binary '',_binary '\0',NULL,NULL),(382,'AddNewId',120,'Primitive','Mono','The use case id','Id','Long','Use case Id',NULL,'شناسه مورد کاربری',NULL,'Id',NULL,NULL,1,1,NULL,'None',10000000,100,1,1,_binary '',_binary '\0',NULL,NULL),(383,'AddNewField',117,'Primitive','Mono','The name of use case','Name','String','name',NULL,'عنوان فنی',384,NULL,NULL,NULL,1,1,NULL,'عنوان مشخص نشده است',0,100,0,1,_binary '\0',_binary '',NULL,NULL),(384,'AddNewField',120,'Primitive','Mono','The name of use case','Name','String','name',NULL,'عنوان فنی',NULL,'Name',NULL,NULL,1,1,NULL,'عنوان مشخص نشده است',0,100,0,1,_binary '\0',_binary '',NULL,NULL),(385,'AddNewField',117,'Primitive','Mono','Title','Title','String','Title',NULL,'عنوان انگلیسی',386,NULL,NULL,NULL,1,1,NULL,'عنوان مشخص نشده است',0,100,0,1,_binary '\0',_binary '',NULL,NULL),(386,'AddNewField',120,'Primitive','Mono','Title','Title','String','Title',NULL,'عنوان انگلیسی',NULL,'Title',NULL,NULL,1,1,NULL,'عنوان مشخص نشده است',0,100,0,1,_binary '\0',_binary '',NULL,NULL),(387,'AddNewField',117,'Primitive','Mono','The Farsi title of use case','FaTitle','String','Farsi title',NULL,'عنوان فارسی',388,NULL,NULL,NULL,1,1,NULL,'عنوان فارسی مشخص نشده است',0,100,0,1,_binary '\0',_binary '',NULL,NULL),(388,'AddNewField',120,'Primitive','Mono','The Farsi title of use case','FaTitle','String','Farsi title',NULL,'عنوان فارسی',NULL,'FaTitle',NULL,NULL,1,1,NULL,'عنوان فارسی مشخص نشده است',0,100,0,1,_binary '\0',_binary '',NULL,NULL),(389,'AddNewField',117,'Primitive','Mono','The Description of use case','Description','String','Description',NULL,'شرح',390,NULL,NULL,NULL,1,1,NULL,'کمی شرح دهید',0,100,0,1,_binary '\0',_binary '',NULL,NULL),(390,'AddNewField',120,'Primitive','Mono','The Description of use case','Description','String','Description',NULL,'شرح',NULL,'Description',NULL,NULL,1,1,NULL,'کمی شرح دهید',0,100,0,1,_binary '\0',_binary '',NULL,NULL),(391,'AddNewField',117,'SelectEnum','Mono','The user interface type','UserInterfaceType','Enum','User interface type',NULL,'کاربرد در واسط گرافیکی',392,NULL,NULL,NULL,1,1,8,'کاربرد در واسط گرافیکی را مشخص کنید',0,100,0,1,_binary '\0',_binary '',NULL,NULL),(392,'AddNewField',120,'SelectEnum','Mono','The user interface type','UserInterfaceType','Enum','User interface type',NULL,'کاربرد در واسط گرافیکی',NULL,'UserInterfaceType',NULL,NULL,1,1,8,'کاربرد در واسط گرافیکی را مشخص کنید',0,100,0,1,_binary '\0',_binary '',NULL,NULL),(393,'AddNewField',117,'SelectEntity','Mono','The software feature','SoftwareFeature','Entity','Software feature',NULL,'ویژگی نرم افزاری',394,NULL,NULL,8,1,1,NULL,'ویژگی نرم افزاری مشخص نشده است',1,100,1,1,_binary '\0',_binary '',NULL,NULL),(394,'AddNewField',120,'SelectEntity','Mono','The software feature','SoftwareFeature','Entity','Software feature',NULL,'ویژگی نرم افزاری',NULL,'SoftwareFeature',NULL,8,1,1,NULL,'ویژگی نرم افزاری مشخص نشده است',1,100,1,1,_binary '\0',_binary '',NULL,NULL),(395,'AddNewField',117,'SelectEntity','Mono','The software application panel','SoftwareApplicationPanel','Entity','Software application panel',NULL,'پنل نرم افزاری',396,NULL,NULL,9,1,1,NULL,'پنل نرم افزاری را مشخص کنید',0,1,0,1,_binary '\0',_binary '',NULL,NULL),(396,'AddNewField',120,'SelectEntity','Mono','The software application panel','SoftwareApplicationPanel','Entity','Software application panel',NULL,'پنل نرم افزاری',NULL,'SoftwareApplicationPanel',NULL,9,1,1,NULL,'پنل نرم افزاری را مشخص کنید',0,1,0,1,_binary '\0',_binary '',NULL,NULL),(397,'AddNewField',117,'SelectEntity','Mono','The software role','SoftwareRole','Entity','Software role',NULL,'نقش نرم افزاری',398,NULL,NULL,10,1,1,NULL,'نقش نرم افزاری را مشخص کنید',0,100,0,1,_binary '\0',_binary '',NULL,NULL),(398,'AddNewField',120,'SelectEntity','Mono','The software role','SoftwareRole','Entity','Software role',NULL,'نقش نرم افزاری',NULL,'SoftwareRole',NULL,10,1,1,NULL,'نقش نرم افزاری را مشخص کنید',0,100,0,1,_binary '\0',_binary '',NULL,NULL),(399,'AddNewField',117,'SelectEntity','Mono','The data entity','DataEntity','Entity','Data entity',NULL,'موجودیت دیتابیسی',400,NULL,NULL,16,1,1,NULL,'موجودیت دیتابیسی مشخص نشده است',0,100,0,1,_binary '\0',_binary '',NULL,NULL),(400,'AddNewField',120,'SelectEntity','Mono','The data entity','DataEntity','Entity','Data entity',NULL,'موجودیت دیتابیسی',NULL,'DataEntity',NULL,16,1,1,NULL,'موجودیت دیتابیسی مشخص نشده است',0,100,0,1,_binary '\0',_binary '',NULL,NULL),(401,'AddNewField',117,'Primitive','Mono','The generation enable','GenerationEnable','Boolean','Generation enable',NULL,'آیا تولید شود؟',402,NULL,NULL,NULL,1,1,NULL,'مشخص نشده است',0,100,0,1,_binary '\0',_binary '',NULL,NULL),(402,'AddNewField',120,'Primitive','Mono','The generation enable','GenerationEnable','Boolean','Generation enable',NULL,'آیا تولید شود؟',NULL,'GenerationEnable',NULL,NULL,1,1,NULL,'مشخص نشده است',0,100,0,1,_binary '\0',_binary '',NULL,NULL),(403,'AddNewResult',118,'Primitive','Mono','The new use case Id','NewUseCaseId','Long','New use case Id',NULL,'شناسه مورد کاربری جدید',NULL,NULL,NULL,NULL,1,1,NULL,'None',0,100,0,1,_binary '\0',_binary '',NULL,NULL),(404,'AddNewId',119,'Primitive','Mono','Id','Id','Long','Id',NULL,'شناسه',NULL,NULL,NULL,NULL,1,1,NULL,'None',0,100,0,1,_binary '',_binary '\0',NULL,NULL),(405,'UpdateId',121,'Primitive','Mono','The use case id','Id','Long','Use case Id',NULL,'شناسه مورد کاربری',418,NULL,NULL,NULL,1,1,NULL,'None',10000000,100,1,1,_binary '',_binary '\0',NULL,NULL),(406,'UpdateField',121,'Primitive','Mono','The name of use case','Name','String','name',NULL,'عنوان فنی',419,NULL,NULL,NULL,1,1,NULL,'عنوان مشخص نشده است',0,100,0,1,_binary '\0',_binary '',NULL,NULL),(407,'UpdateField',121,'Primitive','Mono','Title','Title','String','Title',NULL,'عنوان انگلیسی',420,NULL,NULL,NULL,1,1,NULL,'عنوان مشخص نشده است',0,100,0,1,_binary '\0',_binary '',NULL,NULL),(408,'UpdateField',121,'Primitive','Mono','The Farsi title of use case','FaTitle','String','Farsi title',NULL,'عنوان فارسی',421,NULL,NULL,NULL,1,1,NULL,'عنوان فارسی مشخص نشده است',0,100,0,1,_binary '\0',_binary '',NULL,NULL),(409,'UpdateField',121,'Primitive','Mono','The Description of use case','Description','String','Description',NULL,'شرح',422,NULL,NULL,NULL,1,1,NULL,'کمی شرح دهید',0,100,0,1,_binary '\0',_binary '',NULL,NULL),(410,'UpdateField',121,'SelectEnum','Mono','The user interface type','UserInterfaceType','Enum','User interface type',NULL,'کاربرد در واسط گرافیکی',423,NULL,NULL,NULL,1,1,8,'کاربرد در واسط گرافیکی را مشخص کنید',0,100,0,1,_binary '\0',_binary '',NULL,NULL),(411,'UpdateField',121,'SelectEntity','Mono','The software feature','SoftwareFeature','Entity','Software feature',NULL,'ویژگی نرم افزاری',424,NULL,NULL,8,1,1,NULL,'ویژگی نرم افزاری مشخص نشده است',1,100,1,1,_binary '\0',_binary '',NULL,NULL),(412,'UpdateField',121,'SelectEntity','Mono','The software application panel','SoftwareApplicationPanel','Entity','Software application panel',NULL,'پنل نرم افزاری',425,NULL,NULL,9,1,1,NULL,'پنل نرم افزاری را مشخص کنید',0,1,0,1,_binary '\0',_binary '',NULL,NULL),(413,'UpdateField',121,'SelectEntity','Mono','The software role','SoftwareRole','Entity','Software role',NULL,'نقش نرم افزاری',426,NULL,NULL,10,1,1,NULL,'نقش نرم افزاری را مشخص کنید',0,100,0,1,_binary '\0',_binary '',NULL,NULL),(414,'UpdateField',121,'SelectEntity','Mono','The data entity','DataEntity','Entity','Data entity',NULL,'موجودیت دیتابیسی',427,NULL,NULL,16,1,1,NULL,'موجودیت دیتابیسی مشخص نشده است',0,100,0,1,_binary '\0',_binary '',NULL,NULL),(415,'UpdateField',121,'Primitive','Mono','The generation enable','GenerationEnable','Boolean','Generation enable',NULL,'آیا تولید شود؟',428,NULL,NULL,NULL,1,1,NULL,'مشخص نشده است',0,100,0,1,_binary '\0',_binary '',NULL,NULL),(416,'UpdateResult',122,'Primitive','Mono','The new use case Id','NewUseCaseId','Long','New use case Id',NULL,'شناسه مورد کاربری جدید',NULL,NULL,NULL,NULL,1,1,NULL,'None',0,100,0,1,_binary '\0',_binary '',NULL,NULL),(417,'UpdateId',123,'Primitive','Mono','Id','Id','Long','Id',NULL,'شناسه',NULL,NULL,NULL,NULL,1,1,NULL,'None',0,100,0,1,_binary '',_binary '\0',NULL,NULL),(418,'UpdateId',124,'Primitive','Mono','The use case id','Id','Long','Use case Id',NULL,'شناسه مورد کاربری',NULL,'Id',NULL,NULL,1,1,NULL,'None',10000000,100,1,1,_binary '',_binary '\0',NULL,NULL),(419,'UpdateField',124,'Primitive','Mono','The name of use case','Name','String','name',NULL,'عنوان فنی',NULL,'Name',NULL,NULL,1,1,NULL,'عنوان مشخص نشده است',0,100,0,1,_binary '\0',_binary '',NULL,NULL),(420,'UpdateField',124,'Primitive','Mono','Title','Title','String','Title',NULL,'عنوان انگلیسی',NULL,'Title',NULL,NULL,1,1,NULL,'عنوان مشخص نشده است',0,100,0,1,_binary '\0',_binary '',NULL,NULL),(421,'UpdateField',124,'Primitive','Mono','The Farsi title of use case','FaTitle','String','Farsi title',NULL,'عنوان فارسی',NULL,'FaTitle',NULL,NULL,1,1,NULL,'عنوان فارسی مشخص نشده است',0,100,0,1,_binary '\0',_binary '',NULL,NULL),(422,'UpdateField',124,'Primitive','Mono','The Description of use case','Description','String','Description',NULL,'شرح',NULL,'Description',NULL,NULL,1,1,NULL,'کمی شرح دهید',0,100,0,1,_binary '\0',_binary '',NULL,NULL),(423,'UpdateField',124,'SelectEnum','Mono','The user interface type','UserInterfaceType','Enum','User interface type',NULL,'کاربرد در واسط گرافیکی',NULL,'UserInterfaceType',NULL,NULL,1,1,8,'کاربرد در واسط گرافیکی را مشخص کنید',0,100,0,1,_binary '\0',_binary '',NULL,NULL),(424,'UpdateField',124,'SelectEntity','Mono','The software feature','SoftwareFeature','Entity','Software feature',NULL,'ویژگی نرم افزاری',NULL,'SoftwareFeature',NULL,8,1,1,NULL,'ویژگی نرم افزاری مشخص نشده است',1,100,1,1,_binary '\0',_binary '',NULL,NULL),(425,'UpdateField',124,'SelectEntity','Mono','The software application panel','SoftwareApplicationPanel','Entity','Software application panel',NULL,'پنل نرم افزاری',NULL,'SoftwareApplicationPanel',NULL,9,1,1,NULL,'پنل نرم افزاری را مشخص کنید',0,1,0,1,_binary '\0',_binary '',NULL,NULL),(426,'UpdateField',124,'SelectEntity','Mono','The software role','SoftwareRole','Entity','Software role',NULL,'نقش نرم افزاری',NULL,'SoftwareRole',NULL,10,1,1,NULL,'نقش نرم افزاری را مشخص کنید',0,100,0,1,_binary '\0',_binary '',NULL,NULL),(427,'UpdateField',124,'SelectEntity','Mono','The data entity','DataEntity','Entity','Data entity',NULL,'موجودیت دیتابیسی',NULL,'DataEntity',NULL,16,1,1,NULL,'موجودیت دیتابیسی مشخص نشده است',0,100,0,1,_binary '\0',_binary '',NULL,NULL),(428,'UpdateField',124,'Primitive','Mono','The generation enable','GenerationEnable','Boolean','Generation enable',NULL,'آیا تولید شود؟',NULL,'GenerationEnable',NULL,NULL,1,1,NULL,'مشخص نشده است',0,100,0,1,_binary '\0',_binary '',NULL,NULL),(429,'DeleteId',125,'Primitive','Mono','The use case id','Id','Long','The use case id',NULL,'شناسه مورد کاربری',NULL,NULL,NULL,NULL,0,0,NULL,NULL,NULL,NULL,NULL,NULL,_binary '',_binary '\0',NULL,NULL),(430,'DeleteResult',126,'Primitive','Mono','The delete result','IsSuccessful','Boolean','The delete result',NULL,'آیا حذف موفق بود',NULL,NULL,NULL,NULL,0,0,NULL,NULL,NULL,NULL,NULL,NULL,_binary '',_binary '\0',NULL,NULL),(431,'DeleteId',127,'Primitive','Mono','The use case id','Id','Long','The use case id',NULL,'شناسه مورد کاربری',NULL,NULL,NULL,NULL,0,0,NULL,NULL,NULL,NULL,NULL,NULL,_binary '',_binary '\0',NULL,NULL),(432,'DeleteEntity',128,'DomainEntity','Mono','The use case for project manager','Entity','Entity','The use case for project manager',7,'مورد کاربری',NULL,NULL,NULL,NULL,0,0,NULL,NULL,NULL,NULL,NULL,NULL,_binary '',_binary '\0',NULL,NULL),(433,'AddNewField',105,'SelectEntity','Mono','The related data entity attribute','RelatedDataEntityAttribute','Entity','Related data entity attribute',NULL,'صفت موجدیت دیتابیسی مربوطه',434,NULL,NULL,18,1,1,NULL,'صفت موجودیت دیتابیسی مشخص نشده است',0,100,0,1,_binary '',_binary '\0',NULL,NULL),(434,'AddNewField',108,'SelectEntity','Mono','The related data entity attribute','RelatedDataEntityAttribute','Entity','Related data entity attribute',NULL,'صفت موجدیت دیتابیسی مربوطه',NULL,'RelatedDataEntityAttribute',NULL,18,1,1,NULL,'صفت موجودیت دیتابیسی مشخص نشده است',0,100,0,1,_binary '',_binary '\0',NULL,NULL),(435,'UpdateField',101,'SelectEntity','Mono','The related data entity attribute','RelatedDataEntityAttribute','Entity','Related data entity attribute',NULL,'صفت موجودیت دیتابیسی مربوطه',436,NULL,NULL,18,1,1,NULL,'صفت موجودیت دیتابیسی مشخص نشده است.',0,100,0,1,_binary '',_binary '\0',NULL,NULL),(436,'UpdateField',104,'SelectEntity','Mono','The related data entity attribute','RelatedDataEntityAttribute','Entity','Related data entity attribute',NULL,'صفت موجودیت دیتابیسی مربوطه',NULL,'RelatedDataEntityAttribute',NULL,18,1,1,NULL,'صفت موجودیت دیتابیسی مشخص نشده است.',0,100,0,1,_binary '',_binary '\0',NULL,NULL),(437,'UpdateField',121,'SelectEntity','Mono','The crud code generation','CrudCodeGeneration','Entity','Crud code generation',NULL,'تولید کُد چهار عمل اصلی',438,'CrudCodeGeneration',NULL,19,1,1,NULL,'None.',0,100,0,1,_binary '',_binary '\0',NULL,NULL),(438,'UpdateField',124,'SelectEntity','Mono','The crud code generation','CrudCodeGeneration','Entity','Crud code generation',NULL,'تولید کُد چهار عمل اصلی',NULL,'CrudCodeGeneration',NULL,19,1,1,NULL,'None.',0,100,0,1,_binary '',_binary '\0',NULL,NULL),(439,'AddNewField',117,'SelectEntity','Mono','The crud code generation','CrudCodeGeneration','Entity','Crud code generation',NULL,'تولید کُد چهار عمل اصلی',440,'CrudCodeGeneration',NULL,19,1,1,NULL,'None.',0,100,0,1,_binary '',_binary '\0',NULL,NULL),(440,'AddNewField',120,'SelectEntity','Mono','The crud code generation','CrudCodeGeneration','Entity','Crud code generation',NULL,'تولید کُد چهار عمل اصلی',NULL,'CrudCodeGeneration',NULL,19,1,1,NULL,'None.',0,100,0,1,_binary '',_binary '\0',NULL,NULL),(4647,'GridListSearchField',2233,'Primitive','Mono','The sample B Id','Id','Long','Id',NULL,'شناسه',NULL,NULL,NULL,NULL,1,1,NULL,'None.',100000000,100,1,1,_binary '',_binary '\0',NULL,1),(4648,'GridListSearchField',2233,'Primitive','Mono','Name','Name','String','Name',NULL,'عنوان',NULL,NULL,NULL,NULL,2,1,NULL,'Required.',100000000,100,1,1,_binary '',_binary '\0',NULL,2),(4649,'GridListSearchField',2233,'Primitive','Mono','Active','Active','Boolean','Active',NULL,'فعال',NULL,NULL,NULL,NULL,3,1,NULL,'Required.',100000000,100,1,1,_binary '',_binary '\0',NULL,3),(4650,'GridListSearchField',2233,'Primitive','Mono','CreateDate','CreateDateBegin','JavaDate','CreateDate begin',NULL,'تاریخ ایجاد از',NULL,NULL,NULL,NULL,1,2,NULL,'Required.',100000000,100,1,1,_binary '',_binary '\0',NULL,4),(4651,'GridListSearchField',2233,'Primitive','Mono','CreateDate','CreateDateEnd','JavaDate','CreateDate end',NULL,'تاریخ ایجاد تا',NULL,NULL,NULL,NULL,2,2,NULL,'Required.',100000000,100,1,1,_binary '',_binary '\0',NULL,4),(4652,'GridListSearchField',2233,'Primitive','Mono','Value','ValueBegin','Long','Value begin',NULL,'مقدار از',NULL,NULL,NULL,NULL,3,2,NULL,'Required.',100000000,100,1,1,_binary '',_binary '\0',NULL,5),(4653,'GridListSearchField',2233,'Primitive','Mono','Value','ValueEnd','Long','Value end',NULL,'مقدار تا',NULL,NULL,NULL,NULL,4,2,NULL,'Required.',100000000,100,1,1,_binary '',_binary '\0',NULL,5),(4654,'GridListSearchField',2233,'SelectEnum','Mono','SampleStatus','SampleStatus','Enum','SampleStatus',NULL,'وضعیت نمونه',NULL,NULL,NULL,NULL,1,3,9,'Required.',100000000,100,1,1,_binary '',_binary '\0',NULL,6),(4655,'GridListSearchField',2233,'SelectEntity','Mono','SampleA','SampleA','Entity','SampleA',NULL,'نمونه یکم',NULL,NULL,NULL,20,2,3,NULL,'Required.',100000000,100,1,1,_binary '',_binary '\0',NULL,7),(4656,'GridListEntity',2234,'DomainEntity','List','','DataArray','Entity','List of SampleB',117,'فهرست نمونه دوم',NULL,NULL,NULL,NULL,0,0,NULL,NULL,0,100,0,0,_binary '\0',_binary '',NULL,NULL),(4657,'GridListSearchField',2236,'SelectEnum','Mono','SampleStatus','SampleStatus','Enum','SampleStatus',NULL,'وضعیت نمونه',NULL,NULL,NULL,NULL,0,0,9,NULL,0,100,0,0,_binary '\0',_binary '',NULL,6),(4658,'GridListSearchField',2236,'SelectEntity','Mono','SampleA','SampleA','Entity','SampleA',NULL,'نمونه یکم',NULL,NULL,NULL,20,0,0,NULL,NULL,0,100,0,0,_binary '\0',_binary '',NULL,7),(4659,'ViewId',2237,'Primitive','Mono','','Id','Long','SampleB Id',NULL,'شناسه نمونه دوم',NULL,NULL,NULL,NULL,0,0,NULL,NULL,0,100,0,0,_binary '\0',_binary '',NULL,NULL),(4660,'ViewEntity',2238,'DomainEntity','Mono','','Entity','Entity','SampleB',117,'نمونه دوم',NULL,NULL,NULL,NULL,0,0,NULL,NULL,0,100,0,0,_binary '\0',_binary '',NULL,NULL),(4661,'UpdateId',2241,'Primitive','Mono','The sample B Id','Id','Long','Id',NULL,'شناسه',4662,'Id',NULL,NULL,1,1,NULL,'None.',100000000,100,1,1,_binary '\0',_binary '',NULL,1),(4662,'UpdateId',2244,'Primitive','Mono','The sample B Id','Id','Long','Id',NULL,'شناسه',NULL,'Id',NULL,NULL,1,1,NULL,'None.',100000000,100,1,1,_binary '\0',_binary '',NULL,1),(4663,'UpdateField',2241,'Primitive','Mono','Name','Name','String','Name',NULL,'عنوان',4664,'Name',NULL,NULL,2,1,NULL,'Required.',100000000,100,1,1,_binary '\0',_binary '',NULL,2),(4664,'UpdateField',2244,'Primitive','Mono','Name','Name','String','Name',NULL,'عنوان',NULL,'Name',NULL,NULL,2,1,NULL,'Required.',100000000,100,1,1,_binary '\0',_binary '',NULL,2),(4665,'UpdateField',2241,'Primitive','Mono','Active','Active','Boolean','Active',NULL,'فعال',4666,'Active',NULL,NULL,3,1,NULL,'Required.',100000000,100,1,1,_binary '\0',_binary '',NULL,3),(4666,'UpdateField',2244,'Primitive','Mono','Active','Active','Boolean','Active',NULL,'فعال',NULL,'Active',NULL,NULL,3,1,NULL,'Required.',100000000,100,1,1,_binary '\0',_binary '',NULL,3),(4667,'UpdateField',2241,'Primitive','Mono','CreateDate','CreateDate','JavaDate','CreateDate',NULL,'تاریخ ایجاد',4668,'CreateDate',NULL,NULL,1,2,NULL,'Required.',100000000,100,1,1,_binary '\0',_binary '',NULL,4),(4668,'UpdateField',2244,'Primitive','Mono','CreateDate','CreateDate','JavaDate','CreateDate',NULL,'تاریخ ایجاد',NULL,'CreateDate',NULL,NULL,1,2,NULL,'Required.',100000000,100,1,1,_binary '\0',_binary '',NULL,4),(4669,'UpdateField',2241,'Primitive','Mono','Value','Value','Long','Value',NULL,'مقدار',4670,'Value',NULL,NULL,3,2,NULL,'Required.',100000000,100,1,1,_binary '\0',_binary '',NULL,5),(4670,'UpdateField',2244,'Primitive','Mono','Value','Value','Long','Value',NULL,'مقدار',NULL,'Value',NULL,NULL,3,2,NULL,'Required.',100000000,100,1,1,_binary '\0',_binary '',NULL,5),(4671,'UpdateField',2241,'SelectEnum','Mono','SampleStatus','SampleStatus','Enum','SampleStatus',NULL,'وضعیت نمونه',4672,'SampleStatus',NULL,NULL,1,3,9,'Required.',100000000,100,1,1,_binary '\0',_binary '',NULL,6),(4672,'UpdateField',2244,'SelectEnum','Mono','SampleStatus','SampleStatus','Enum','SampleStatus',NULL,'وضعیت نمونه',NULL,'SampleStatus',NULL,NULL,1,3,9,'Required.',100000000,100,1,1,_binary '\0',_binary '',NULL,6),(4673,'UpdateField',2241,'SelectEntity','Mono','SampleA','SampleA','Entity','SampleA',NULL,'نمونه یکم',4674,'SampleA',NULL,20,2,3,NULL,'Required.',100000000,100,1,1,_binary '\0',_binary '',NULL,7),(4674,'UpdateField',2244,'SelectEntity','Mono','SampleA','SampleA','Entity','SampleA',NULL,'نمونه یکم',NULL,'SampleA',NULL,20,2,3,NULL,'Required.',100000000,100,1,1,_binary '\0',_binary '',NULL,7),(4675,'UpdateResult',2242,'Primitive','Mono','','Id','Long','SampleB Id',NULL,'شناسه نمونه دوم',NULL,NULL,NULL,NULL,0,0,NULL,NULL,0,100,0,0,_binary '\0',_binary '',NULL,NULL),(4676,'UpdateId',2243,'Primitive','Mono','','Id','Long','SampleB Id',NULL,'شناسه نمونه دوم',NULL,NULL,NULL,NULL,0,0,NULL,NULL,0,100,0,0,_binary '\0',_binary '',NULL,NULL),(4677,'AddNewId',2245,'Primitive','Mono','The sample B Id','Id','Long','Id',NULL,'شناسه',4678,'Id',NULL,NULL,1,1,NULL,'None.',100000000,100,1,1,_binary '\0',_binary '',NULL,1),(4678,'AddNewId',2248,'Primitive','Mono','The sample B Id','Id','Long','Id',NULL,'شناسه',NULL,'Id',NULL,NULL,1,1,NULL,'None.',100000000,100,1,1,_binary '\0',_binary '',NULL,1),(4679,'AddNewField',2245,'Primitive','Mono','Name','Name','String','Name',NULL,'عنوان',4680,'Name',NULL,NULL,2,1,NULL,'Required.',100000000,100,1,1,_binary '\0',_binary '',NULL,2),(4680,'AddNewField',2248,'Primitive','Mono','Name','Name','String','Name',NULL,'عنوان',NULL,'Name',NULL,NULL,2,1,NULL,'Required.',100000000,100,1,1,_binary '\0',_binary '',NULL,2),(4681,'AddNewField',2245,'Primitive','Mono','Active','Active','Boolean','Active',NULL,'فعال',4682,'Active',NULL,NULL,3,1,NULL,'Required.',100000000,100,1,1,_binary '\0',_binary '',NULL,3),(4682,'AddNewField',2248,'Primitive','Mono','Active','Active','Boolean','Active',NULL,'فعال',NULL,'Active',NULL,NULL,3,1,NULL,'Required.',100000000,100,1,1,_binary '\0',_binary '',NULL,3),(4683,'AddNewField',2245,'Primitive','Mono','CreateDate','CreateDate','JavaDate','CreateDate',NULL,'تاریخ ایجاد',4684,'CreateDate',NULL,NULL,1,2,NULL,'Required.',100000000,100,1,1,_binary '\0',_binary '',NULL,4),(4684,'AddNewField',2248,'Primitive','Mono','CreateDate','CreateDate','JavaDate','CreateDate',NULL,'تاریخ ایجاد',NULL,'CreateDate',NULL,NULL,1,2,NULL,'Required.',100000000,100,1,1,_binary '\0',_binary '',NULL,4),(4685,'AddNewField',2245,'Primitive','Mono','Value','Value','Long','Value',NULL,'مقدار',4686,'Value',NULL,NULL,3,2,NULL,'Required.',100000000,100,1,1,_binary '\0',_binary '',NULL,5),(4686,'AddNewField',2248,'Primitive','Mono','Value','Value','Long','Value',NULL,'مقدار',NULL,'Value',NULL,NULL,3,2,NULL,'Required.',100000000,100,1,1,_binary '\0',_binary '',NULL,5),(4687,'AddNewField',2245,'SelectEnum','Mono','SampleStatus','SampleStatus','Enum','SampleStatus',NULL,'وضعیت نمونه',4688,'SampleStatus',NULL,NULL,1,3,9,'Required.',100000000,100,1,1,_binary '\0',_binary '',NULL,6),(4688,'AddNewField',2248,'SelectEnum','Mono','SampleStatus','SampleStatus','Enum','SampleStatus',NULL,'وضعیت نمونه',NULL,'SampleStatus',NULL,NULL,1,3,9,'Required.',100000000,100,1,1,_binary '\0',_binary '',NULL,6),(4689,'AddNewField',2245,'SelectEntity','Mono','SampleA','SampleA','Entity','SampleA',NULL,'نمونه یکم',4690,'SampleA',NULL,20,2,3,NULL,'Required.',100000000,100,1,1,_binary '\0',_binary '',NULL,7),(4690,'AddNewField',2248,'SelectEntity','Mono','SampleA','SampleA','Entity','SampleA',NULL,'نمونه یکم',NULL,'SampleA',NULL,20,2,3,NULL,'Required.',100000000,100,1,1,_binary '\0',_binary '',NULL,7),(4691,'AddNewResult',2246,'Primitive','Mono','','Id','Long','SampleB Id',NULL,'شناسه نمونه دوم',NULL,NULL,NULL,NULL,0,0,NULL,NULL,0,100,0,0,_binary '\0',_binary '',NULL,NULL),(4692,'AddNewId',2247,'Primitive','Mono','','Id','Long','SampleB Id',NULL,'شناسه نمونه دوم',NULL,NULL,NULL,NULL,0,0,NULL,NULL,0,100,0,0,_binary '\0',_binary '',NULL,NULL),(4693,'DeleteId',2249,'Primitive','Mono','','Id','Long','SampleB Id',NULL,'شناسه نمونه دوم',NULL,NULL,NULL,NULL,0,0,NULL,NULL,0,100,0,0,_binary '\0',_binary '',NULL,NULL),(4694,'DeleteResult',2250,'Primitive','Mono','','IsSuccessful','Boolean','IsSuccessful',NULL,'موفقیت آمیز بود؟',NULL,NULL,NULL,NULL,0,0,NULL,NULL,0,100,0,0,_binary '\0',_binary '',NULL,NULL),(4695,'GridListSearchField',2253,'Primitive','Mono','Id','Id','Long','Id',NULL,'شناسه',NULL,NULL,NULL,NULL,1,1,NULL,'None.',100000000,100,1,1,_binary '',_binary '\0',NULL,8),(4696,'GridListSearchField',2253,'Primitive','Mono','EnTitle','EnTitle','String','EnTitle',NULL,'عنوان انگلیسی',NULL,NULL,NULL,NULL,2,1,NULL,'Required.',100000000,100,1,1,_binary '',_binary '\0',NULL,9),(4697,'GridListSearchField',2253,'Primitive','Mono','FaTitle','FaTitle','String','FaTitle',NULL,'عنوان فارسی',NULL,NULL,NULL,NULL,2,1,NULL,'Required.',100000000,100,1,1,_binary '',_binary '\0',NULL,10),(4698,'GridListSearchField',2253,'Primitive','Mono','Population','PopulationBegin','Long','Population begin',NULL,'جمعیت از',NULL,NULL,NULL,NULL,3,2,NULL,'Required.',100000000,100,1,1,_binary '',_binary '\0',NULL,11),(4699,'GridListSearchField',2253,'Primitive','Mono','Population','PopulationEnd','Long','Population end',NULL,'جمعیت تا',NULL,NULL,NULL,NULL,4,2,NULL,'Required.',100000000,100,1,1,_binary '',_binary '\0',NULL,11),(4700,'GridListSearchField',2253,'Primitive','Mono','Enabled','Enabled','Boolean','Enabled',NULL,'فعال',NULL,NULL,NULL,NULL,3,1,NULL,'Required.',100000000,100,1,1,_binary '',_binary '\0',NULL,12),(4701,'GridListEntity',2254,'DomainEntity','List','','DataArray','Entity','List of Country',118,'فهرست کشور',NULL,NULL,NULL,NULL,0,0,NULL,NULL,0,100,0,0,_binary '\0',_binary '',NULL,NULL),(4702,'ViewId',2257,'Primitive','Mono','','Id','Long','Country Id',NULL,'شناسه کشور',NULL,NULL,NULL,NULL,0,0,NULL,NULL,0,100,0,0,_binary '\0',_binary '',NULL,NULL),(4703,'ViewEntity',2258,'DomainEntity','Mono','','Entity','Entity','Country',118,'کشور',NULL,NULL,NULL,NULL,0,0,NULL,NULL,0,100,0,0,_binary '\0',_binary '',NULL,NULL),(4704,'UpdateId',2261,'Primitive','Mono','Id','Id','Long','Id',NULL,'شناسه',4705,'Id',NULL,NULL,1,1,NULL,'None.',100000000,100,1,1,_binary '\0',_binary '',NULL,8),(4705,'UpdateId',2264,'Primitive','Mono','Id','Id','Long','Id',NULL,'شناسه',NULL,'Id',NULL,NULL,1,1,NULL,'None.',100000000,100,1,1,_binary '\0',_binary '',NULL,8),(4706,'UpdateField',2261,'Primitive','Mono','EnTitle','EnTitle','String','EnTitle',NULL,'عنوان انگلیسی',4707,'EnTitle',NULL,NULL,2,1,NULL,'Required.',100000000,100,1,1,_binary '\0',_binary '',NULL,9),(4707,'UpdateField',2264,'Primitive','Mono','EnTitle','EnTitle','String','EnTitle',NULL,'عنوان انگلیسی',NULL,'EnTitle',NULL,NULL,2,1,NULL,'Required.',100000000,100,1,1,_binary '\0',_binary '',NULL,9),(4708,'UpdateField',2261,'Primitive','Mono','FaTitle','FaTitle','String','FaTitle',NULL,'عنوان فارسی',4709,'FaTitle',NULL,NULL,2,1,NULL,'Required.',100000000,100,1,1,_binary '\0',_binary '',NULL,10),(4709,'UpdateField',2264,'Primitive','Mono','FaTitle','FaTitle','String','FaTitle',NULL,'عنوان فارسی',NULL,'FaTitle',NULL,NULL,2,1,NULL,'Required.',100000000,100,1,1,_binary '\0',_binary '',NULL,10),(4710,'UpdateField',2261,'Primitive','Mono','Population','Population','Long','Population',NULL,'جمعیت',4711,'Population',NULL,NULL,3,2,NULL,'Required.',100000000,100,1,1,_binary '\0',_binary '',NULL,11),(4711,'UpdateField',2264,'Primitive','Mono','Population','Population','Long','Population',NULL,'جمعیت',NULL,'Population',NULL,NULL,3,2,NULL,'Required.',100000000,100,1,1,_binary '\0',_binary '',NULL,11),(4712,'UpdateField',2261,'Primitive','Mono','Enabled','Enabled','Boolean','Enabled',NULL,'فعال',4713,'Enabled',NULL,NULL,3,1,NULL,'Required.',100000000,100,1,1,_binary '\0',_binary '',NULL,12),(4713,'UpdateField',2264,'Primitive','Mono','Enabled','Enabled','Boolean','Enabled',NULL,'فعال',NULL,'Enabled',NULL,NULL,3,1,NULL,'Required.',100000000,100,1,1,_binary '\0',_binary '',NULL,12),(4714,'UpdateResult',2262,'Primitive','Mono','','Id','Long','Country Id',NULL,'شناسه کشور',NULL,NULL,NULL,NULL,0,0,NULL,NULL,0,100,0,0,_binary '\0',_binary '',NULL,NULL),(4715,'UpdateId',2263,'Primitive','Mono','','Id','Long','Country Id',NULL,'شناسه کشور',NULL,NULL,NULL,NULL,0,0,NULL,NULL,0,100,0,0,_binary '\0',_binary '',NULL,NULL),(4716,'AddNewId',2265,'Primitive','Mono','Id','Id','Long','Id',NULL,'شناسه',4717,'Id',NULL,NULL,1,1,NULL,'None.',100000000,100,1,1,_binary '\0',_binary '',NULL,8),(4717,'AddNewId',2268,'Primitive','Mono','Id','Id','Long','Id',NULL,'شناسه',NULL,'Id',NULL,NULL,1,1,NULL,'None.',100000000,100,1,1,_binary '\0',_binary '',NULL,8),(4718,'AddNewField',2265,'Primitive','Mono','EnTitle','EnTitle','String','EnTitle',NULL,'عنوان انگلیسی',4719,'EnTitle',NULL,NULL,2,1,NULL,'Required.',100000000,100,1,1,_binary '\0',_binary '',NULL,9),(4719,'AddNewField',2268,'Primitive','Mono','EnTitle','EnTitle','String','EnTitle',NULL,'عنوان انگلیسی',NULL,'EnTitle',NULL,NULL,2,1,NULL,'Required.',100000000,100,1,1,_binary '\0',_binary '',NULL,9),(4720,'AddNewField',2265,'Primitive','Mono','FaTitle','FaTitle','String','FaTitle',NULL,'عنوان فارسی',4721,'FaTitle',NULL,NULL,2,1,NULL,'Required.',100000000,100,1,1,_binary '\0',_binary '',NULL,10),(4721,'AddNewField',2268,'Primitive','Mono','FaTitle','FaTitle','String','FaTitle',NULL,'عنوان فارسی',NULL,'FaTitle',NULL,NULL,2,1,NULL,'Required.',100000000,100,1,1,_binary '\0',_binary '',NULL,10),(4722,'AddNewField',2265,'Primitive','Mono','Population','Population','Long','Population',NULL,'جمعیت',4723,'Population',NULL,NULL,3,2,NULL,'Required.',100000000,100,1,1,_binary '\0',_binary '',NULL,11),(4723,'AddNewField',2268,'Primitive','Mono','Population','Population','Long','Population',NULL,'جمعیت',NULL,'Population',NULL,NULL,3,2,NULL,'Required.',100000000,100,1,1,_binary '\0',_binary '',NULL,11),(4724,'AddNewField',2265,'Primitive','Mono','Enabled','Enabled','Boolean','Enabled',NULL,'فعال',4725,'Enabled',NULL,NULL,3,1,NULL,'Required.',100000000,100,1,1,_binary '\0',_binary '',NULL,12),(4725,'AddNewField',2268,'Primitive','Mono','Enabled','Enabled','Boolean','Enabled',NULL,'فعال',NULL,'Enabled',NULL,NULL,3,1,NULL,'Required.',100000000,100,1,1,_binary '\0',_binary '',NULL,12),(4726,'AddNewResult',2266,'Primitive','Mono','','Id','Long','Country Id',NULL,'شناسه کشور',NULL,NULL,NULL,NULL,0,0,NULL,NULL,0,100,0,0,_binary '\0',_binary '',NULL,NULL),(4727,'AddNewId',2267,'Primitive','Mono','','Id','Long','Country Id',NULL,'شناسه کشور',NULL,NULL,NULL,NULL,0,0,NULL,NULL,0,100,0,0,_binary '\0',_binary '',NULL,NULL),(4728,'DeleteId',2269,'Primitive','Mono','','Id','Long','Country Id',NULL,'شناسه کشور',NULL,NULL,NULL,NULL,0,0,NULL,NULL,0,100,0,0,_binary '\0',_binary '',NULL,NULL),(4729,'DeleteResult',2270,'Primitive','Mono','','IsSuccessful','Boolean','IsSuccessful',NULL,'موفقیت آمیز بود؟',NULL,NULL,NULL,NULL,0,0,NULL,NULL,0,100,0,0,_binary '\0',_binary '',NULL,NULL),(4730,'GridListSearchField',2273,'Primitive','Mono','Id','Id','Long','Id',NULL,'شناسه',NULL,NULL,NULL,NULL,1,1,NULL,'None.',100000000,100,1,1,_binary '',_binary '\0',NULL,13),(4731,'GridListSearchField',2273,'Primitive','Mono','EnTitle','EnTitle','String','EnTitle',NULL,'عنوان انگلیسی',NULL,NULL,NULL,NULL,2,1,NULL,'Required.',100000000,100,1,1,_binary '',_binary '\0',NULL,14),(4732,'GridListSearchField',2273,'Primitive','Mono','FaTitle','FaTitle','String','FaTitle',NULL,'عنوان فارسی',NULL,NULL,NULL,NULL,2,1,NULL,'Required.',100000000,100,1,1,_binary '',_binary '\0',NULL,15),(4733,'GridListSearchField',2273,'Primitive','Mono','Population','PopulationBegin','Long','Population begin',NULL,'جمعیت از',NULL,NULL,NULL,NULL,3,2,NULL,'Required.',100000000,100,1,1,_binary '',_binary '\0',NULL,16),(4734,'GridListSearchField',2273,'Primitive','Mono','Population','PopulationEnd','Long','Population end',NULL,'جمعیت تا',NULL,NULL,NULL,NULL,4,2,NULL,'Required.',100000000,100,1,1,_binary '',_binary '\0',NULL,16),(4735,'GridListSearchField',2273,'Primitive','Mono','Enabled','Enabled','Boolean','Enabled',NULL,'فعال',NULL,NULL,NULL,NULL,3,1,NULL,'Required.',100000000,100,1,1,_binary '',_binary '\0',NULL,17),(4736,'GridListSearchField',2273,'SelectEntity','Mono','Country','Country','Entity','Country',NULL,'کشور',NULL,NULL,NULL,22,2,3,NULL,'Required.',100000000,100,1,1,_binary '',_binary '\0',NULL,18),(4737,'GridListEntity',2274,'DomainEntity','List','','DataArray','Entity','List of Province',119,'فهرست استان',NULL,NULL,NULL,NULL,0,0,NULL,NULL,0,100,0,0,_binary '\0',_binary '',NULL,NULL),(4738,'GridListSearchField',2276,'SelectEntity','Mono','Country','Country','Entity','Country',NULL,'کشور',NULL,NULL,NULL,22,0,0,NULL,NULL,0,100,0,0,_binary '\0',_binary '',NULL,18),(4739,'ViewId',2277,'Primitive','Mono','','Id','Long','Province Id',NULL,'شناسه استان',NULL,NULL,NULL,NULL,0,0,NULL,NULL,0,100,0,0,_binary '\0',_binary '',NULL,NULL),(4740,'ViewEntity',2278,'DomainEntity','Mono','','Entity','Entity','Province',119,'استان',NULL,NULL,NULL,NULL,0,0,NULL,NULL,0,100,0,0,_binary '\0',_binary '',NULL,NULL),(4741,'UpdateId',2281,'Primitive','Mono','Id','Id','Long','Id',NULL,'شناسه',4742,'Id',NULL,NULL,1,1,NULL,'None.',100000000,100,1,1,_binary '\0',_binary '',NULL,13),(4742,'UpdateId',2284,'Primitive','Mono','Id','Id','Long','Id',NULL,'شناسه',NULL,'Id',NULL,NULL,1,1,NULL,'None.',100000000,100,1,1,_binary '\0',_binary '',NULL,13),(4743,'UpdateField',2281,'Primitive','Mono','EnTitle','EnTitle','String','EnTitle',NULL,'عنوان انگلیسی',4744,'EnTitle',NULL,NULL,2,1,NULL,'Required.',100000000,100,1,1,_binary '\0',_binary '',NULL,14),(4744,'UpdateField',2284,'Primitive','Mono','EnTitle','EnTitle','String','EnTitle',NULL,'عنوان انگلیسی',NULL,'EnTitle',NULL,NULL,2,1,NULL,'Required.',100000000,100,1,1,_binary '\0',_binary '',NULL,14),(4745,'UpdateField',2281,'Primitive','Mono','FaTitle','FaTitle','String','FaTitle',NULL,'عنوان فارسی',4746,'FaTitle',NULL,NULL,2,1,NULL,'Required.',100000000,100,1,1,_binary '\0',_binary '',NULL,15),(4746,'UpdateField',2284,'Primitive','Mono','FaTitle','FaTitle','String','FaTitle',NULL,'عنوان فارسی',NULL,'FaTitle',NULL,NULL,2,1,NULL,'Required.',100000000,100,1,1,_binary '\0',_binary '',NULL,15),(4747,'UpdateField',2281,'Primitive','Mono','Population','Population','Long','Population',NULL,'جمعیت',4748,'Population',NULL,NULL,3,2,NULL,'Required.',100000000,100,1,1,_binary '\0',_binary '',NULL,16),(4748,'UpdateField',2284,'Primitive','Mono','Population','Population','Long','Population',NULL,'جمعیت',NULL,'Population',NULL,NULL,3,2,NULL,'Required.',100000000,100,1,1,_binary '\0',_binary '',NULL,16),(4749,'UpdateField',2281,'Primitive','Mono','Enabled','Enabled','Boolean','Enabled',NULL,'فعال',4750,'Enabled',NULL,NULL,3,1,NULL,'Required.',100000000,100,1,1,_binary '\0',_binary '',NULL,17),(4750,'UpdateField',2284,'Primitive','Mono','Enabled','Enabled','Boolean','Enabled',NULL,'فعال',NULL,'Enabled',NULL,NULL,3,1,NULL,'Required.',100000000,100,1,1,_binary '\0',_binary '',NULL,17),(4751,'UpdateField',2281,'SelectEntity','Mono','Country','Country','Entity','Country',NULL,'کشور',4752,'Country',NULL,22,2,3,NULL,'Required.',100000000,100,1,1,_binary '\0',_binary '',NULL,18),(4752,'UpdateField',2284,'SelectEntity','Mono','Country','Country','Entity','Country',NULL,'کشور',NULL,'Country',NULL,22,2,3,NULL,'Required.',100000000,100,1,1,_binary '\0',_binary '',NULL,18),(4753,'UpdateResult',2282,'Primitive','Mono','','Id','Long','Province Id',NULL,'شناسه استان',NULL,NULL,NULL,NULL,0,0,NULL,NULL,0,100,0,0,_binary '\0',_binary '',NULL,NULL),(4754,'UpdateId',2283,'Primitive','Mono','','Id','Long','Province Id',NULL,'شناسه استان',NULL,NULL,NULL,NULL,0,0,NULL,NULL,0,100,0,0,_binary '\0',_binary '',NULL,NULL),(4755,'AddNewId',2285,'Primitive','Mono','Id','Id','Long','Id',NULL,'شناسه',4756,'Id',NULL,NULL,1,1,NULL,'None.',100000000,100,1,1,_binary '\0',_binary '',NULL,13),(4756,'AddNewId',2288,'Primitive','Mono','Id','Id','Long','Id',NULL,'شناسه',NULL,'Id',NULL,NULL,1,1,NULL,'None.',100000000,100,1,1,_binary '\0',_binary '',NULL,13),(4757,'AddNewField',2285,'Primitive','Mono','EnTitle','EnTitle','String','EnTitle',NULL,'عنوان انگلیسی',4758,'EnTitle',NULL,NULL,2,1,NULL,'Required.',100000000,100,1,1,_binary '\0',_binary '',NULL,14),(4758,'AddNewField',2288,'Primitive','Mono','EnTitle','EnTitle','String','EnTitle',NULL,'عنوان انگلیسی',NULL,'EnTitle',NULL,NULL,2,1,NULL,'Required.',100000000,100,1,1,_binary '\0',_binary '',NULL,14),(4759,'AddNewField',2285,'Primitive','Mono','FaTitle','FaTitle','String','FaTitle',NULL,'عنوان فارسی',4760,'FaTitle',NULL,NULL,2,1,NULL,'Required.',100000000,100,1,1,_binary '\0',_binary '',NULL,15),(4760,'AddNewField',2288,'Primitive','Mono','FaTitle','FaTitle','String','FaTitle',NULL,'عنوان فارسی',NULL,'FaTitle',NULL,NULL,2,1,NULL,'Required.',100000000,100,1,1,_binary '\0',_binary '',NULL,15),(4761,'AddNewField',2285,'Primitive','Mono','Population','Population','Long','Population',NULL,'جمعیت',4762,'Population',NULL,NULL,3,2,NULL,'Required.',100000000,100,1,1,_binary '\0',_binary '',NULL,16),(4762,'AddNewField',2288,'Primitive','Mono','Population','Population','Long','Population',NULL,'جمعیت',NULL,'Population',NULL,NULL,3,2,NULL,'Required.',100000000,100,1,1,_binary '\0',_binary '',NULL,16),(4763,'AddNewField',2285,'Primitive','Mono','Enabled','Enabled','Boolean','Enabled',NULL,'فعال',4764,'Enabled',NULL,NULL,3,1,NULL,'Required.',100000000,100,1,1,_binary '\0',_binary '',NULL,17),(4764,'AddNewField',2288,'Primitive','Mono','Enabled','Enabled','Boolean','Enabled',NULL,'فعال',NULL,'Enabled',NULL,NULL,3,1,NULL,'Required.',100000000,100,1,1,_binary '\0',_binary '',NULL,17),(4765,'AddNewField',2285,'SelectEntity','Mono','Country','Country','Entity','Country',NULL,'کشور',4766,'Country',NULL,22,2,3,NULL,'Required.',100000000,100,1,1,_binary '\0',_binary '',NULL,18),(4766,'AddNewField',2288,'SelectEntity','Mono','Country','Country','Entity','Country',NULL,'کشور',NULL,'Country',NULL,22,2,3,NULL,'Required.',100000000,100,1,1,_binary '\0',_binary '',NULL,18),(4767,'AddNewResult',2286,'Primitive','Mono','','Id','Long','Province Id',NULL,'شناسه استان',NULL,NULL,NULL,NULL,0,0,NULL,NULL,0,100,0,0,_binary '\0',_binary '',NULL,NULL),(4768,'AddNewId',2287,'Primitive','Mono','','Id','Long','Province Id',NULL,'شناسه استان',NULL,NULL,NULL,NULL,0,0,NULL,NULL,0,100,0,0,_binary '\0',_binary '',NULL,NULL),(4769,'DeleteId',2289,'Primitive','Mono','','Id','Long','Province Id',NULL,'شناسه استان',NULL,NULL,NULL,NULL,0,0,NULL,NULL,0,100,0,0,_binary '\0',_binary '',NULL,NULL),(4770,'DeleteResult',2290,'Primitive','Mono','','IsSuccessful','Boolean','IsSuccessful',NULL,'موفقیت آمیز بود؟',NULL,NULL,NULL,NULL,0,0,NULL,NULL,0,100,0,0,_binary '\0',_binary '',NULL,NULL),(4771,'GridListSearchField',2293,'Primitive','Mono','Id','Id','Long','Id',NULL,'شناسه',NULL,NULL,NULL,NULL,1,1,NULL,'None.',100000000,100,1,1,_binary '',_binary '\0',NULL,19),(4772,'GridListSearchField',2293,'Primitive','Mono','EnTitle','EnTitle','String','EnTitle',NULL,'عنوان انگلیسی',NULL,NULL,NULL,NULL,2,1,NULL,'Required.',100000000,100,1,1,_binary '',_binary '\0',NULL,20),(4773,'GridListSearchField',2293,'Primitive','Mono','FaTitle','FaTitle','String','FaTitle',NULL,'عنوان فارسی',NULL,NULL,NULL,NULL,2,1,NULL,'Required.',100000000,100,1,1,_binary '',_binary '\0',NULL,21),(4774,'GridListSearchField',2293,'Primitive','Mono','Population','PopulationBegin','Long','Population begin',NULL,'جمعیت از',NULL,NULL,NULL,NULL,3,2,NULL,'Required.',100000000,100,1,1,_binary '',_binary '\0',NULL,22),(4775,'GridListSearchField',2293,'Primitive','Mono','Population','PopulationEnd','Long','Population end',NULL,'جمعیت تا',NULL,NULL,NULL,NULL,4,2,NULL,'Required.',100000000,100,1,1,_binary '',_binary '\0',NULL,22),(4776,'GridListSearchField',2293,'Primitive','Mono','Enabled','Enabled','Boolean','Enabled',NULL,'فعال',NULL,NULL,NULL,NULL,3,1,NULL,'Required.',100000000,100,1,1,_binary '',_binary '\0',NULL,23),(4777,'GridListSearchField',2293,'SelectEntity','Mono','Province','Province','Entity','Province',NULL,'استان',NULL,NULL,NULL,23,2,3,NULL,'Required.',100000000,100,1,1,_binary '',_binary '\0',NULL,24),(4778,'GridListSearchField',2293,'Primitive','Mono','IsOther','IsOther','Boolean','Is other?',NULL,'آیا سایر است؟',NULL,NULL,NULL,NULL,3,1,NULL,'Required.',100000000,100,1,1,_binary '',_binary '\0',NULL,25),(4779,'GridListEntity',2294,'DomainEntity','List','','DataArray','Entity','List of City',120,'فهرست شهر',NULL,NULL,NULL,NULL,0,0,NULL,NULL,0,100,0,0,_binary '\0',_binary '',NULL,NULL),(4780,'GridListSearchField',2296,'SelectEntity','Mono','Province','Province','Entity','Province',NULL,'استان',NULL,NULL,NULL,23,0,0,NULL,NULL,0,100,0,0,_binary '\0',_binary '',NULL,24),(4781,'ViewId',2297,'Primitive','Mono','','Id','Long','City Id',NULL,'شناسه شهر',NULL,NULL,NULL,NULL,0,0,NULL,NULL,0,100,0,0,_binary '\0',_binary '',NULL,NULL),(4782,'ViewEntity',2298,'DomainEntity','Mono','','Entity','Entity','City',120,'شهر',NULL,NULL,NULL,NULL,0,0,NULL,NULL,0,100,0,0,_binary '\0',_binary '',NULL,NULL),(4783,'UpdateId',2301,'Primitive','Mono','Id','Id','Long','Id',NULL,'شناسه',4784,'Id',NULL,NULL,1,1,NULL,'None.',100000000,100,1,1,_binary '\0',_binary '',NULL,19),(4784,'UpdateId',2304,'Primitive','Mono','Id','Id','Long','Id',NULL,'شناسه',NULL,'Id',NULL,NULL,1,1,NULL,'None.',100000000,100,1,1,_binary '\0',_binary '',NULL,19),(4785,'UpdateField',2301,'Primitive','Mono','EnTitle','EnTitle','String','EnTitle',NULL,'عنوان انگلیسی',4786,'EnTitle',NULL,NULL,2,1,NULL,'Required.',100000000,100,1,1,_binary '\0',_binary '',NULL,20),(4786,'UpdateField',2304,'Primitive','Mono','EnTitle','EnTitle','String','EnTitle',NULL,'عنوان انگلیسی',NULL,'EnTitle',NULL,NULL,2,1,NULL,'Required.',100000000,100,1,1,_binary '\0',_binary '',NULL,20),(4787,'UpdateField',2301,'Primitive','Mono','FaTitle','FaTitle','String','FaTitle',NULL,'عنوان فارسی',4788,'FaTitle',NULL,NULL,2,1,NULL,'Required.',100000000,100,1,1,_binary '\0',_binary '',NULL,21),(4788,'UpdateField',2304,'Primitive','Mono','FaTitle','FaTitle','String','FaTitle',NULL,'عنوان فارسی',NULL,'FaTitle',NULL,NULL,2,1,NULL,'Required.',100000000,100,1,1,_binary '\0',_binary '',NULL,21),(4789,'UpdateField',2301,'Primitive','Mono','Population','Population','Long','Population',NULL,'جمعیت',4790,'Population',NULL,NULL,3,2,NULL,'Required.',100000000,100,1,1,_binary '\0',_binary '',NULL,22),(4790,'UpdateField',2304,'Primitive','Mono','Population','Population','Long','Population',NULL,'جمعیت',NULL,'Population',NULL,NULL,3,2,NULL,'Required.',100000000,100,1,1,_binary '\0',_binary '',NULL,22),(4791,'UpdateField',2301,'Primitive','Mono','Enabled','Enabled','Boolean','Enabled',NULL,'فعال',4792,'Enabled',NULL,NULL,3,1,NULL,'Required.',100000000,100,1,1,_binary '\0',_binary '',NULL,23),(4792,'UpdateField',2304,'Primitive','Mono','Enabled','Enabled','Boolean','Enabled',NULL,'فعال',NULL,'Enabled',NULL,NULL,3,1,NULL,'Required.',100000000,100,1,1,_binary '\0',_binary '',NULL,23),(4793,'UpdateField',2301,'SelectEntity','Mono','Province','Province','Entity','Province',NULL,'استان',4794,'Province',NULL,23,2,3,NULL,'Required.',100000000,100,1,1,_binary '\0',_binary '',NULL,24),(4794,'UpdateField',2304,'SelectEntity','Mono','Province','Province','Entity','Province',NULL,'استان',NULL,'Province',NULL,23,2,3,NULL,'Required.',100000000,100,1,1,_binary '\0',_binary '',NULL,24),(4795,'UpdateField',2301,'Primitive','Mono','IsOther','IsOther','Boolean','Is other?',NULL,'آیا سایر است؟',4796,'IsOther',NULL,NULL,3,1,NULL,'Required.',100000000,100,1,1,_binary '\0',_binary '',NULL,25),(4796,'UpdateField',2304,'Primitive','Mono','IsOther','IsOther','Boolean','Is other?',NULL,'آیا سایر است؟',NULL,'IsOther',NULL,NULL,3,1,NULL,'Required.',100000000,100,1,1,_binary '\0',_binary '',NULL,25),(4797,'UpdateResult',2302,'Primitive','Mono','','Id','Long','City Id',NULL,'شناسه شهر',NULL,NULL,NULL,NULL,0,0,NULL,NULL,0,100,0,0,_binary '\0',_binary '',NULL,NULL),(4798,'UpdateId',2303,'Primitive','Mono','','Id','Long','City Id',NULL,'شناسه شهر',NULL,NULL,NULL,NULL,0,0,NULL,NULL,0,100,0,0,_binary '\0',_binary '',NULL,NULL),(4799,'AddNewId',2305,'Primitive','Mono','Id','Id','Long','Id',NULL,'شناسه',4800,'Id',NULL,NULL,1,1,NULL,'None.',100000000,100,1,1,_binary '\0',_binary '',NULL,19),(4800,'AddNewId',2308,'Primitive','Mono','Id','Id','Long','Id',NULL,'شناسه',NULL,'Id',NULL,NULL,1,1,NULL,'None.',100000000,100,1,1,_binary '\0',_binary '',NULL,19),(4801,'AddNewField',2305,'Primitive','Mono','EnTitle','EnTitle','String','EnTitle',NULL,'عنوان انگلیسی',4802,'EnTitle',NULL,NULL,2,1,NULL,'Required.',100000000,100,1,1,_binary '\0',_binary '',NULL,20),(4802,'AddNewField',2308,'Primitive','Mono','EnTitle','EnTitle','String','EnTitle',NULL,'عنوان انگلیسی',NULL,'EnTitle',NULL,NULL,2,1,NULL,'Required.',100000000,100,1,1,_binary '\0',_binary '',NULL,20),(4803,'AddNewField',2305,'Primitive','Mono','FaTitle','FaTitle','String','FaTitle',NULL,'عنوان فارسی',4804,'FaTitle',NULL,NULL,2,1,NULL,'Required.',100000000,100,1,1,_binary '\0',_binary '',NULL,21),(4804,'AddNewField',2308,'Primitive','Mono','FaTitle','FaTitle','String','FaTitle',NULL,'عنوان فارسی',NULL,'FaTitle',NULL,NULL,2,1,NULL,'Required.',100000000,100,1,1,_binary '\0',_binary '',NULL,21),(4805,'AddNewField',2305,'Primitive','Mono','Population','Population','Long','Population',NULL,'جمعیت',4806,'Population',NULL,NULL,3,2,NULL,'Required.',100000000,100,1,1,_binary '\0',_binary '',NULL,22),(4806,'AddNewField',2308,'Primitive','Mono','Population','Population','Long','Population',NULL,'جمعیت',NULL,'Population',NULL,NULL,3,2,NULL,'Required.',100000000,100,1,1,_binary '\0',_binary '',NULL,22),(4807,'AddNewField',2305,'Primitive','Mono','Enabled','Enabled','Boolean','Enabled',NULL,'فعال',4808,'Enabled',NULL,NULL,3,1,NULL,'Required.',100000000,100,1,1,_binary '\0',_binary '',NULL,23),(4808,'AddNewField',2308,'Primitive','Mono','Enabled','Enabled','Boolean','Enabled',NULL,'فعال',NULL,'Enabled',NULL,NULL,3,1,NULL,'Required.',100000000,100,1,1,_binary '\0',_binary '',NULL,23),(4809,'AddNewField',2305,'SelectEntity','Mono','Province','Province','Entity','Province',NULL,'استان',4810,'Province',NULL,23,2,3,NULL,'Required.',100000000,100,1,1,_binary '\0',_binary '',NULL,24),(4810,'AddNewField',2308,'SelectEntity','Mono','Province','Province','Entity','Province',NULL,'استان',NULL,'Province',NULL,23,2,3,NULL,'Required.',100000000,100,1,1,_binary '\0',_binary '',NULL,24),(4811,'AddNewField',2305,'Primitive','Mono','IsOther','IsOther','Boolean','Is other?',NULL,'آیا سایر است؟',4812,'IsOther',NULL,NULL,3,1,NULL,'Required.',100000000,100,1,1,_binary '\0',_binary '',NULL,25),(4812,'AddNewField',2308,'Primitive','Mono','IsOther','IsOther','Boolean','Is other?',NULL,'آیا سایر است؟',NULL,'IsOther',NULL,NULL,3,1,NULL,'Required.',100000000,100,1,1,_binary '\0',_binary '',NULL,25),(4813,'AddNewResult',2306,'Primitive','Mono','','Id','Long','City Id',NULL,'شناسه شهر',NULL,NULL,NULL,NULL,0,0,NULL,NULL,0,100,0,0,_binary '\0',_binary '',NULL,NULL),(4814,'AddNewId',2307,'Primitive','Mono','','Id','Long','City Id',NULL,'شناسه شهر',NULL,NULL,NULL,NULL,0,0,NULL,NULL,0,100,0,0,_binary '\0',_binary '',NULL,NULL),(4815,'DeleteId',2309,'Primitive','Mono','','Id','Long','City Id',NULL,'شناسه شهر',NULL,NULL,NULL,NULL,0,0,NULL,NULL,0,100,0,0,_binary '\0',_binary '',NULL,NULL),(4816,'DeleteResult',2310,'Primitive','Mono','','IsSuccessful','Boolean','IsSuccessful',NULL,'موفقیت آمیز بود؟',NULL,NULL,NULL,NULL,0,0,NULL,NULL,0,100,0,0,_binary '\0',_binary '',NULL,NULL),(4817,'GridListSearchField',2313,'Primitive','Mono','Id','Id','Long','Id',NULL,'شناسه',NULL,NULL,NULL,NULL,1,1,NULL,'None.',100000000,100,1,1,_binary '',_binary '\0',NULL,26),(4818,'GridListSearchField',2313,'SelectEnum','Mono','Status','Status','Enum','Status',NULL,'وضعیت تراکنش',NULL,NULL,NULL,NULL,1,3,10,'Required.',100000000,100,1,1,_binary '',_binary '\0',NULL,27),(4819,'GridListSearchField',2313,'SelectEntity','Mono','SalesOrder','SalesOrder','Entity','SalesOrder',NULL,'درخواست خرید',NULL,NULL,NULL,26,2,3,NULL,'Required.',100000000,100,1,1,_binary '',_binary '\0',NULL,28),(4820,'GridListSearchField',2313,'Primitive','Mono','MerchantId','MerchantId','String','MerchantId',NULL,'شماره پذیرنده',NULL,NULL,NULL,NULL,2,1,NULL,'Required.',100000000,100,1,1,_binary '',_binary '\0',NULL,29),(4821,'GridListSearchField',2313,'Primitive','Mono','RedirectUrl','RedirectUrl','String','RedirectUrl',NULL,'آدرس بازگشت',NULL,NULL,NULL,NULL,2,1,NULL,'Required.',100000000,100,1,1,_binary '',_binary '\0',NULL,30),(4822,'GridListSearchField',2313,'Primitive','Mono','TotalAmount','TotalAmountBegin','Long','TotalAmount begin',NULL,'مبلغ قابل پرداخت از',NULL,NULL,NULL,NULL,2,1,NULL,'Required.',100000000,100,1,1,_binary '',_binary '\0',NULL,31),(4823,'GridListSearchField',2313,'Primitive','Mono','TotalAmount','TotalAmountEnd','Long','TotalAmount end',NULL,'مبلغ قابل پرداخت تا',NULL,NULL,NULL,NULL,3,1,NULL,'Required.',100000000,100,1,1,_binary '',_binary '\0',NULL,31),(4824,'GridListSearchField',2313,'Primitive','Mono','RequestedToken','RequestedToken','String','RequestedToken',NULL,'توکن',NULL,NULL,NULL,NULL,2,1,NULL,'Required.',100000000,100,1,1,_binary '',_binary '\0',NULL,32),(4825,'GridListSearchField',2313,'Primitive','Mono','PaymentState','PaymentState','String','PaymentState',NULL,'وضعیت تراکنش',NULL,NULL,NULL,NULL,2,1,NULL,'Required.',100000000,100,1,1,_binary '',_binary '\0',NULL,33),(4826,'GridListSearchField',2313,'Primitive','Mono','PaymentStateCode','PaymentStateCode','String','PaymentStateCode',NULL,'کد وضعیت تراکنش',NULL,NULL,NULL,NULL,2,1,NULL,'Required.',100000000,100,1,1,_binary '',_binary '\0',NULL,34),(4827,'GridListSearchField',2313,'Primitive','Mono','PaymentResNum','PaymentResNum','String','PaymentResNum',NULL,'شناسه خرید',NULL,NULL,NULL,NULL,2,1,NULL,'Required.',100000000,100,1,1,_binary '',_binary '\0',NULL,35),(4828,'GridListSearchField',2313,'Primitive','Mono','PaymentMID','PaymentMID','String','PaymentMID',NULL,'کد پذیرنده',NULL,NULL,NULL,NULL,2,1,NULL,'Required.',100000000,100,1,1,_binary '',_binary '\0',NULL,36),(4829,'GridListSearchField',2313,'Primitive','Mono','PaymentRefNum','PaymentRefNum','String','PaymentRefNum',NULL,'کد ارجاع تراکنش',NULL,NULL,NULL,NULL,2,1,NULL,'Required.',100000000,100,1,1,_binary '',_binary '\0',NULL,37),(4830,'GridListSearchField',2313,'Primitive','Mono','PaymentCID','PaymentCID','String','PaymentCID',NULL,'شماره کارت خریدار',NULL,NULL,NULL,NULL,2,1,NULL,'Required.',100000000,100,1,1,_binary '',_binary '\0',NULL,38),(4831,'GridListSearchField',2313,'Primitive','Mono','PaymentTraceNo','PaymentTraceNo','String','PaymentTraceNo',NULL,'شماره پیگیری',NULL,NULL,NULL,NULL,2,1,NULL,'Required.',100000000,100,1,1,_binary '',_binary '\0',NULL,39),(4832,'GridListSearchField',2313,'Primitive','Mono','PaymentSecurePan','PaymentSecurePan','String','PaymentSecurePan',NULL,'شماره کارت خریدار با الزامات شاپرک',NULL,NULL,NULL,NULL,2,1,NULL,'Required.',100000000,100,1,1,_binary '',_binary '\0',NULL,40),(4833,'GridListSearchField',2313,'Primitive','Mono','TransactionVerificationResult','TransactionVerificationResult','String','TransactionVerificationResult',NULL,'نتیجه تایید تراکنش',NULL,NULL,NULL,NULL,2,1,NULL,'Required.',100000000,100,1,1,_binary '',_binary '\0',NULL,41),(4834,'GridListSearchField',2313,'Primitive','Mono','CreateDate','CreateDateBegin','JavaDate','CreateDate begin',NULL,'تاریخ ایجاد از',NULL,NULL,NULL,NULL,1,2,NULL,'Required.',100000000,100,1,1,_binary '',_binary '\0',NULL,42),(4835,'GridListSearchField',2313,'Primitive','Mono','CreateDate','CreateDateEnd','JavaDate','CreateDate end',NULL,'تاریخ ایجاد تا',NULL,NULL,NULL,NULL,2,2,NULL,'Required.',100000000,100,1,1,_binary '',_binary '\0',NULL,42),(4836,'GridListEntity',2314,'DomainEntity','List','','DataArray','Entity','List of OnlinePaymentTransaction',121,'فهرست تراکنش پرداخت آنلاین',NULL,NULL,NULL,NULL,0,0,NULL,NULL,0,100,0,0,_binary '\0',_binary '',NULL,NULL),(4837,'GridListSearchField',2316,'SelectEnum','Mono','Status','Status','Enum','Status',NULL,'وضعیت تراکنش',NULL,NULL,NULL,NULL,0,0,10,NULL,0,100,0,0,_binary '\0',_binary '',NULL,27),(4838,'GridListSearchField',2316,'SelectEntity','Mono','SalesOrder','SalesOrder','Entity','SalesOrder',NULL,'درخواست خرید',NULL,NULL,NULL,26,0,0,NULL,NULL,0,100,0,0,_binary '\0',_binary '',NULL,28),(4839,'ViewId',2317,'Primitive','Mono','','Id','Long','OnlinePaymentTransaction Id',NULL,'شناسه تراکنش پرداخت آنلاین',NULL,NULL,NULL,NULL,0,0,NULL,NULL,0,100,0,0,_binary '\0',_binary '',NULL,NULL),(4840,'ViewEntity',2318,'DomainEntity','Mono','','Entity','Entity','OnlinePaymentTransaction',121,'تراکنش پرداخت آنلاین',NULL,NULL,NULL,NULL,0,0,NULL,NULL,0,100,0,0,_binary '\0',_binary '',NULL,NULL),(4841,'UpdateId',2321,'Primitive','Mono','Id','Id','Long','Id',NULL,'شناسه',4842,'Id',NULL,NULL,1,1,NULL,'None.',100000000,100,1,1,_binary '\0',_binary '',NULL,26),(4842,'UpdateId',2324,'Primitive','Mono','Id','Id','Long','Id',NULL,'شناسه',NULL,'Id',NULL,NULL,1,1,NULL,'None.',100000000,100,1,1,_binary '\0',_binary '',NULL,26),(4843,'UpdateField',2321,'SelectEnum','Mono','Status','Status','Enum','Status',NULL,'وضعیت تراکنش',4844,'Status',NULL,NULL,1,3,10,'Required.',100000000,100,1,1,_binary '\0',_binary '',NULL,27),(4844,'UpdateField',2324,'SelectEnum','Mono','Status','Status','Enum','Status',NULL,'وضعیت تراکنش',NULL,'Status',NULL,NULL,1,3,10,'Required.',100000000,100,1,1,_binary '\0',_binary '',NULL,27),(4845,'UpdateField',2321,'SelectEntity','Mono','SalesOrder','SalesOrder','Entity','SalesOrder',NULL,'درخواست خرید',4846,'SalesOrder',NULL,26,2,3,NULL,'Required.',100000000,100,1,1,_binary '\0',_binary '',NULL,28),(4846,'UpdateField',2324,'SelectEntity','Mono','SalesOrder','SalesOrder','Entity','SalesOrder',NULL,'درخواست خرید',NULL,'SalesOrder',NULL,26,2,3,NULL,'Required.',100000000,100,1,1,_binary '\0',_binary '',NULL,28),(4847,'UpdateField',2321,'Primitive','Mono','MerchantId','MerchantId','String','MerchantId',NULL,'شماره پذیرنده',4848,'MerchantId',NULL,NULL,2,1,NULL,'Required.',100000000,100,1,1,_binary '\0',_binary '',NULL,29),(4848,'UpdateField',2324,'Primitive','Mono','MerchantId','MerchantId','String','MerchantId',NULL,'شماره پذیرنده',NULL,'MerchantId',NULL,NULL,2,1,NULL,'Required.',100000000,100,1,1,_binary '\0',_binary '',NULL,29),(4849,'UpdateField',2321,'Primitive','Mono','RedirectUrl','RedirectUrl','String','RedirectUrl',NULL,'آدرس بازگشت',4850,'RedirectUrl',NULL,NULL,2,1,NULL,'Required.',100000000,100,1,1,_binary '\0',_binary '',NULL,30),(4850,'UpdateField',2324,'Primitive','Mono','RedirectUrl','RedirectUrl','String','RedirectUrl',NULL,'آدرس بازگشت',NULL,'RedirectUrl',NULL,NULL,2,1,NULL,'Required.',100000000,100,1,1,_binary '\0',_binary '',NULL,30),(4851,'UpdateField',2321,'Primitive','Mono','TotalAmount','TotalAmount','Long','TotalAmount',NULL,'مبلغ قابل پرداخت',4852,'TotalAmount',NULL,NULL,2,1,NULL,'Required.',100000000,100,1,1,_binary '\0',_binary '',NULL,31),(4852,'UpdateField',2324,'Primitive','Mono','TotalAmount','TotalAmount','Long','TotalAmount',NULL,'مبلغ قابل پرداخت',NULL,'TotalAmount',NULL,NULL,2,1,NULL,'Required.',100000000,100,1,1,_binary '\0',_binary '',NULL,31),(4853,'UpdateField',2321,'Primitive','Mono','RequestedToken','RequestedToken','String','RequestedToken',NULL,'توکن',4854,'RequestedToken',NULL,NULL,2,1,NULL,'Required.',100000000,100,1,1,_binary '\0',_binary '',NULL,32),(4854,'UpdateField',2324,'Primitive','Mono','RequestedToken','RequestedToken','String','RequestedToken',NULL,'توکن',NULL,'RequestedToken',NULL,NULL,2,1,NULL,'Required.',100000000,100,1,1,_binary '\0',_binary '',NULL,32),(4855,'UpdateField',2321,'Primitive','Mono','PaymentState','PaymentState','String','PaymentState',NULL,'وضعیت تراکنش',4856,'PaymentState',NULL,NULL,2,1,NULL,'Required.',100000000,100,1,1,_binary '\0',_binary '',NULL,33),(4856,'UpdateField',2324,'Primitive','Mono','PaymentState','PaymentState','String','PaymentState',NULL,'وضعیت تراکنش',NULL,'PaymentState',NULL,NULL,2,1,NULL,'Required.',100000000,100,1,1,_binary '\0',_binary '',NULL,33),(4857,'UpdateField',2321,'Primitive','Mono','PaymentStateCode','PaymentStateCode','String','PaymentStateCode',NULL,'کد وضعیت تراکنش',4858,'PaymentStateCode',NULL,NULL,2,1,NULL,'Required.',100000000,100,1,1,_binary '\0',_binary '',NULL,34),(4858,'UpdateField',2324,'Primitive','Mono','PaymentStateCode','PaymentStateCode','String','PaymentStateCode',NULL,'کد وضعیت تراکنش',NULL,'PaymentStateCode',NULL,NULL,2,1,NULL,'Required.',100000000,100,1,1,_binary '\0',_binary '',NULL,34),(4859,'UpdateField',2321,'Primitive','Mono','PaymentResNum','PaymentResNum','String','PaymentResNum',NULL,'شناسه خرید',4860,'PaymentResNum',NULL,NULL,2,1,NULL,'Required.',100000000,100,1,1,_binary '\0',_binary '',NULL,35),(4860,'UpdateField',2324,'Primitive','Mono','PaymentResNum','PaymentResNum','String','PaymentResNum',NULL,'شناسه خرید',NULL,'PaymentResNum',NULL,NULL,2,1,NULL,'Required.',100000000,100,1,1,_binary '\0',_binary '',NULL,35),(4861,'UpdateField',2321,'Primitive','Mono','PaymentMID','PaymentMID','String','PaymentMID',NULL,'کد پذیرنده',4862,'PaymentMID',NULL,NULL,2,1,NULL,'Required.',100000000,100,1,1,_binary '\0',_binary '',NULL,36),(4862,'UpdateField',2324,'Primitive','Mono','PaymentMID','PaymentMID','String','PaymentMID',NULL,'کد پذیرنده',NULL,'PaymentMID',NULL,NULL,2,1,NULL,'Required.',100000000,100,1,1,_binary '\0',_binary '',NULL,36),(4863,'UpdateField',2321,'Primitive','Mono','PaymentRefNum','PaymentRefNum','String','PaymentRefNum',NULL,'کد ارجاع تراکنش',4864,'PaymentRefNum',NULL,NULL,2,1,NULL,'Required.',100000000,100,1,1,_binary '\0',_binary '',NULL,37),(4864,'UpdateField',2324,'Primitive','Mono','PaymentRefNum','PaymentRefNum','String','PaymentRefNum',NULL,'کد ارجاع تراکنش',NULL,'PaymentRefNum',NULL,NULL,2,1,NULL,'Required.',100000000,100,1,1,_binary '\0',_binary '',NULL,37),(4865,'UpdateField',2321,'Primitive','Mono','PaymentCID','PaymentCID','String','PaymentCID',NULL,'شماره کارت خریدار',4866,'PaymentCID',NULL,NULL,2,1,NULL,'Required.',100000000,100,1,1,_binary '\0',_binary '',NULL,38),(4866,'UpdateField',2324,'Primitive','Mono','PaymentCID','PaymentCID','String','PaymentCID',NULL,'شماره کارت خریدار',NULL,'PaymentCID',NULL,NULL,2,1,NULL,'Required.',100000000,100,1,1,_binary '\0',_binary '',NULL,38),(4867,'UpdateField',2321,'Primitive','Mono','PaymentTraceNo','PaymentTraceNo','String','PaymentTraceNo',NULL,'شماره پیگیری',4868,'PaymentTraceNo',NULL,NULL,2,1,NULL,'Required.',100000000,100,1,1,_binary '\0',_binary '',NULL,39),(4868,'UpdateField',2324,'Primitive','Mono','PaymentTraceNo','PaymentTraceNo','String','PaymentTraceNo',NULL,'شماره پیگیری',NULL,'PaymentTraceNo',NULL,NULL,2,1,NULL,'Required.',100000000,100,1,1,_binary '\0',_binary '',NULL,39),(4869,'UpdateField',2321,'Primitive','Mono','PaymentSecurePan','PaymentSecurePan','String','PaymentSecurePan',NULL,'شماره کارت خریدار با الزامات شاپرک',4870,'PaymentSecurePan',NULL,NULL,2,1,NULL,'Required.',100000000,100,1,1,_binary '\0',_binary '',NULL,40),(4870,'UpdateField',2324,'Primitive','Mono','PaymentSecurePan','PaymentSecurePan','String','PaymentSecurePan',NULL,'شماره کارت خریدار با الزامات شاپرک',NULL,'PaymentSecurePan',NULL,NULL,2,1,NULL,'Required.',100000000,100,1,1,_binary '\0',_binary '',NULL,40),(4871,'UpdateField',2321,'Primitive','Mono','TransactionVerificationResult','TransactionVerificationResult','String','TransactionVerificationResult',NULL,'نتیجه تایید تراکنش',4872,'TransactionVerificationResult',NULL,NULL,2,1,NULL,'Required.',100000000,100,1,1,_binary '\0',_binary '',NULL,41),(4872,'UpdateField',2324,'Primitive','Mono','TransactionVerificationResult','TransactionVerificationResult','String','TransactionVerificationResult',NULL,'نتیجه تایید تراکنش',NULL,'TransactionVerificationResult',NULL,NULL,2,1,NULL,'Required.',100000000,100,1,1,_binary '\0',_binary '',NULL,41),(4873,'UpdateField',2321,'Primitive','Mono','CreateDate','CreateDate','JavaDate','CreateDate',NULL,'تاریخ ایجاد',4874,'CreateDate',NULL,NULL,1,2,NULL,'Required.',100000000,100,1,1,_binary '\0',_binary '',NULL,42),(4874,'UpdateField',2324,'Primitive','Mono','CreateDate','CreateDate','JavaDate','CreateDate',NULL,'تاریخ ایجاد',NULL,'CreateDate',NULL,NULL,1,2,NULL,'Required.',100000000,100,1,1,_binary '\0',_binary '',NULL,42),(4875,'UpdateResult',2322,'Primitive','Mono','','Id','Long','OnlinePaymentTransaction Id',NULL,'شناسه تراکنش پرداخت آنلاین',NULL,NULL,NULL,NULL,0,0,NULL,NULL,0,100,0,0,_binary '\0',_binary '',NULL,NULL),(4876,'UpdateId',2323,'Primitive','Mono','','Id','Long','OnlinePaymentTransaction Id',NULL,'شناسه تراکنش پرداخت آنلاین',NULL,NULL,NULL,NULL,0,0,NULL,NULL,0,100,0,0,_binary '\0',_binary '',NULL,NULL),(4877,'AddNewId',2325,'Primitive','Mono','Id','Id','Long','Id',NULL,'شناسه',4878,'Id',NULL,NULL,1,1,NULL,'None.',100000000,100,1,1,_binary '\0',_binary '',NULL,26),(4878,'AddNewId',2328,'Primitive','Mono','Id','Id','Long','Id',NULL,'شناسه',NULL,'Id',NULL,NULL,1,1,NULL,'None.',100000000,100,1,1,_binary '\0',_binary '',NULL,26),(4879,'AddNewField',2325,'SelectEnum','Mono','Status','Status','Enum','Status',NULL,'وضعیت تراکنش',4880,'Status',NULL,NULL,1,3,10,'Required.',100000000,100,1,1,_binary '\0',_binary '',NULL,27),(4880,'AddNewField',2328,'SelectEnum','Mono','Status','Status','Enum','Status',NULL,'وضعیت تراکنش',NULL,'Status',NULL,NULL,1,3,10,'Required.',100000000,100,1,1,_binary '\0',_binary '',NULL,27),(4881,'AddNewField',2325,'SelectEntity','Mono','SalesOrder','SalesOrder','Entity','SalesOrder',NULL,'درخواست خرید',4882,'SalesOrder',NULL,26,2,3,NULL,'Required.',100000000,100,1,1,_binary '\0',_binary '',NULL,28),(4882,'AddNewField',2328,'SelectEntity','Mono','SalesOrder','SalesOrder','Entity','SalesOrder',NULL,'درخواست خرید',NULL,'SalesOrder',NULL,26,2,3,NULL,'Required.',100000000,100,1,1,_binary '\0',_binary '',NULL,28),(4883,'AddNewField',2325,'Primitive','Mono','MerchantId','MerchantId','String','MerchantId',NULL,'شماره پذیرنده',4884,'MerchantId',NULL,NULL,2,1,NULL,'Required.',100000000,100,1,1,_binary '\0',_binary '',NULL,29),(4884,'AddNewField',2328,'Primitive','Mono','MerchantId','MerchantId','String','MerchantId',NULL,'شماره پذیرنده',NULL,'MerchantId',NULL,NULL,2,1,NULL,'Required.',100000000,100,1,1,_binary '\0',_binary '',NULL,29),(4885,'AddNewField',2325,'Primitive','Mono','RedirectUrl','RedirectUrl','String','RedirectUrl',NULL,'آدرس بازگشت',4886,'RedirectUrl',NULL,NULL,2,1,NULL,'Required.',100000000,100,1,1,_binary '\0',_binary '',NULL,30),(4886,'AddNewField',2328,'Primitive','Mono','RedirectUrl','RedirectUrl','String','RedirectUrl',NULL,'آدرس بازگشت',NULL,'RedirectUrl',NULL,NULL,2,1,NULL,'Required.',100000000,100,1,1,_binary '\0',_binary '',NULL,30),(4887,'AddNewField',2325,'Primitive','Mono','TotalAmount','TotalAmount','Long','TotalAmount',NULL,'مبلغ قابل پرداخت',4888,'TotalAmount',NULL,NULL,2,1,NULL,'Required.',100000000,100,1,1,_binary '\0',_binary '',NULL,31),(4888,'AddNewField',2328,'Primitive','Mono','TotalAmount','TotalAmount','Long','TotalAmount',NULL,'مبلغ قابل پرداخت',NULL,'TotalAmount',NULL,NULL,2,1,NULL,'Required.',100000000,100,1,1,_binary '\0',_binary '',NULL,31),(4889,'AddNewField',2325,'Primitive','Mono','RequestedToken','RequestedToken','String','RequestedToken',NULL,'توکن',4890,'RequestedToken',NULL,NULL,2,1,NULL,'Required.',100000000,100,1,1,_binary '\0',_binary '',NULL,32),(4890,'AddNewField',2328,'Primitive','Mono','RequestedToken','RequestedToken','String','RequestedToken',NULL,'توکن',NULL,'RequestedToken',NULL,NULL,2,1,NULL,'Required.',100000000,100,1,1,_binary '\0',_binary '',NULL,32),(4891,'AddNewField',2325,'Primitive','Mono','PaymentState','PaymentState','String','PaymentState',NULL,'وضعیت تراکنش',4892,'PaymentState',NULL,NULL,2,1,NULL,'Required.',100000000,100,1,1,_binary '\0',_binary '',NULL,33),(4892,'AddNewField',2328,'Primitive','Mono','PaymentState','PaymentState','String','PaymentState',NULL,'وضعیت تراکنش',NULL,'PaymentState',NULL,NULL,2,1,NULL,'Required.',100000000,100,1,1,_binary '\0',_binary '',NULL,33),(4893,'AddNewField',2325,'Primitive','Mono','PaymentStateCode','PaymentStateCode','String','PaymentStateCode',NULL,'کد وضعیت تراکنش',4894,'PaymentStateCode',NULL,NULL,2,1,NULL,'Required.',100000000,100,1,1,_binary '\0',_binary '',NULL,34),(4894,'AddNewField',2328,'Primitive','Mono','PaymentStateCode','PaymentStateCode','String','PaymentStateCode',NULL,'کد وضعیت تراکنش',NULL,'PaymentStateCode',NULL,NULL,2,1,NULL,'Required.',100000000,100,1,1,_binary '\0',_binary '',NULL,34),(4895,'AddNewField',2325,'Primitive','Mono','PaymentResNum','PaymentResNum','String','PaymentResNum',NULL,'شناسه خرید',4896,'PaymentResNum',NULL,NULL,2,1,NULL,'Required.',100000000,100,1,1,_binary '\0',_binary '',NULL,35),(4896,'AddNewField',2328,'Primitive','Mono','PaymentResNum','PaymentResNum','String','PaymentResNum',NULL,'شناسه خرید',NULL,'PaymentResNum',NULL,NULL,2,1,NULL,'Required.',100000000,100,1,1,_binary '\0',_binary '',NULL,35),(4897,'AddNewField',2325,'Primitive','Mono','PaymentMID','PaymentMID','String','PaymentMID',NULL,'کد پذیرنده',4898,'PaymentMID',NULL,NULL,2,1,NULL,'Required.',100000000,100,1,1,_binary '\0',_binary '',NULL,36),(4898,'AddNewField',2328,'Primitive','Mono','PaymentMID','PaymentMID','String','PaymentMID',NULL,'کد پذیرنده',NULL,'PaymentMID',NULL,NULL,2,1,NULL,'Required.',100000000,100,1,1,_binary '\0',_binary '',NULL,36),(4899,'AddNewField',2325,'Primitive','Mono','PaymentRefNum','PaymentRefNum','String','PaymentRefNum',NULL,'کد ارجاع تراکنش',4900,'PaymentRefNum',NULL,NULL,2,1,NULL,'Required.',100000000,100,1,1,_binary '\0',_binary '',NULL,37),(4900,'AddNewField',2328,'Primitive','Mono','PaymentRefNum','PaymentRefNum','String','PaymentRefNum',NULL,'کد ارجاع تراکنش',NULL,'PaymentRefNum',NULL,NULL,2,1,NULL,'Required.',100000000,100,1,1,_binary '\0',_binary '',NULL,37),(4901,'AddNewField',2325,'Primitive','Mono','PaymentCID','PaymentCID','String','PaymentCID',NULL,'شماره کارت خریدار',4902,'PaymentCID',NULL,NULL,2,1,NULL,'Required.',100000000,100,1,1,_binary '\0',_binary '',NULL,38),(4902,'AddNewField',2328,'Primitive','Mono','PaymentCID','PaymentCID','String','PaymentCID',NULL,'شماره کارت خریدار',NULL,'PaymentCID',NULL,NULL,2,1,NULL,'Required.',100000000,100,1,1,_binary '\0',_binary '',NULL,38),(4903,'AddNewField',2325,'Primitive','Mono','PaymentTraceNo','PaymentTraceNo','String','PaymentTraceNo',NULL,'شماره پیگیری',4904,'PaymentTraceNo',NULL,NULL,2,1,NULL,'Required.',100000000,100,1,1,_binary '\0',_binary '',NULL,39),(4904,'AddNewField',2328,'Primitive','Mono','PaymentTraceNo','PaymentTraceNo','String','PaymentTraceNo',NULL,'شماره پیگیری',NULL,'PaymentTraceNo',NULL,NULL,2,1,NULL,'Required.',100000000,100,1,1,_binary '\0',_binary '',NULL,39),(4905,'AddNewField',2325,'Primitive','Mono','PaymentSecurePan','PaymentSecurePan','String','PaymentSecurePan',NULL,'شماره کارت خریدار با الزامات شاپرک',4906,'PaymentSecurePan',NULL,NULL,2,1,NULL,'Required.',100000000,100,1,1,_binary '\0',_binary '',NULL,40),(4906,'AddNewField',2328,'Primitive','Mono','PaymentSecurePan','PaymentSecurePan','String','PaymentSecurePan',NULL,'شماره کارت خریدار با الزامات شاپرک',NULL,'PaymentSecurePan',NULL,NULL,2,1,NULL,'Required.',100000000,100,1,1,_binary '\0',_binary '',NULL,40),(4907,'AddNewField',2325,'Primitive','Mono','TransactionVerificationResult','TransactionVerificationResult','String','TransactionVerificationResult',NULL,'نتیجه تایید تراکنش',4908,'TransactionVerificationResult',NULL,NULL,2,1,NULL,'Required.',100000000,100,1,1,_binary '\0',_binary '',NULL,41),(4908,'AddNewField',2328,'Primitive','Mono','TransactionVerificationResult','TransactionVerificationResult','String','TransactionVerificationResult',NULL,'نتیجه تایید تراکنش',NULL,'TransactionVerificationResult',NULL,NULL,2,1,NULL,'Required.',100000000,100,1,1,_binary '\0',_binary '',NULL,41),(4909,'AddNewField',2325,'Primitive','Mono','CreateDate','CreateDate','JavaDate','CreateDate',NULL,'تاریخ ایجاد',4910,'CreateDate',NULL,NULL,1,2,NULL,'Required.',100000000,100,1,1,_binary '\0',_binary '',NULL,42),(4910,'AddNewField',2328,'Primitive','Mono','CreateDate','CreateDate','JavaDate','CreateDate',NULL,'تاریخ ایجاد',NULL,'CreateDate',NULL,NULL,1,2,NULL,'Required.',100000000,100,1,1,_binary '\0',_binary '',NULL,42),(4911,'AddNewResult',2326,'Primitive','Mono','','Id','Long','OnlinePaymentTransaction Id',NULL,'شناسه تراکنش پرداخت آنلاین',NULL,NULL,NULL,NULL,0,0,NULL,NULL,0,100,0,0,_binary '\0',_binary '',NULL,NULL),(4912,'AddNewId',2327,'Primitive','Mono','','Id','Long','OnlinePaymentTransaction Id',NULL,'شناسه تراکنش پرداخت آنلاین',NULL,NULL,NULL,NULL,0,0,NULL,NULL,0,100,0,0,_binary '\0',_binary '',NULL,NULL),(4913,'DeleteId',2329,'Primitive','Mono','','Id','Long','OnlinePaymentTransaction Id',NULL,'شناسه تراکنش پرداخت آنلاین',NULL,NULL,NULL,NULL,0,0,NULL,NULL,0,100,0,0,_binary '\0',_binary '',NULL,NULL),(4914,'DeleteResult',2330,'Primitive','Mono','','IsSuccessful','Boolean','IsSuccessful',NULL,'موفقیت آمیز بود؟',NULL,NULL,NULL,NULL,0,0,NULL,NULL,0,100,0,0,_binary '\0',_binary '',NULL,NULL),(4915,'GridListSearchField',2333,'Primitive','Mono','Id','Id','Long','Id',NULL,'شناسه',NULL,NULL,NULL,NULL,1,1,NULL,'None.',100000000,100,1,1,_binary '',_binary '\0',NULL,43),(4916,'GridListSearchField',2333,'SelectEnum','Mono','StepType','StepType','Enum','Step type',NULL,'نوع گام',NULL,NULL,NULL,NULL,1,3,11,'Required.',100000000,100,1,1,_binary '',_binary '\0',NULL,44),(4917,'GridListSearchField',2333,'Primitive','Mono','StepDate','StepDateBegin','JavaDate','StepDate begin',NULL,'تاریخ گام از',NULL,NULL,NULL,NULL,1,2,NULL,'Required.',100000000,100,1,1,_binary '',_binary '\0',NULL,45),(4918,'GridListSearchField',2333,'Primitive','Mono','StepDate','StepDateEnd','JavaDate','StepDate end',NULL,'تاریخ گام تا',NULL,NULL,NULL,NULL,2,2,NULL,'Required.',100000000,100,1,1,_binary '',_binary '\0',NULL,45),(4919,'GridListSearchField',2333,'Primitive','Mono','Details','Details','String','Details',NULL,'محتوا',NULL,NULL,NULL,NULL,2,1,NULL,'Required.',100000000,100,1,1,_binary '',_binary '\0',NULL,46),(4920,'GridListSearchField',2333,'SelectEntity','Mono','OnlinePaymentTransaction','OnlinePaymentTransaction','Entity','OnlinePaymentTransaction',NULL,'تراکنش',NULL,NULL,NULL,25,2,3,NULL,'Required.',100000000,100,1,1,_binary '',_binary '\0',NULL,47),(4921,'GridListEntity',2334,'DomainEntity','List','','DataArray','Entity','List of OnlinePaymentTransactionStep',122,'فهرست گام تراکنش پرداخت آنلاین',NULL,NULL,NULL,NULL,0,0,NULL,NULL,0,100,0,0,_binary '\0',_binary '',NULL,NULL),(4922,'GridListSearchField',2336,'SelectEnum','Mono','StepType','StepType','Enum','Step type',NULL,'نوع گام',NULL,NULL,NULL,NULL,0,0,11,NULL,0,100,0,0,_binary '\0',_binary '',NULL,44),(4923,'GridListSearchField',2336,'SelectEntity','Mono','OnlinePaymentTransaction','OnlinePaymentTransaction','Entity','OnlinePaymentTransaction',NULL,'تراکنش',NULL,NULL,NULL,25,0,0,NULL,NULL,0,100,0,0,_binary '\0',_binary '',NULL,47),(4924,'ViewId',2337,'Primitive','Mono','','Id','Long','OnlinePaymentTransactionStep Id',NULL,'شناسه گام تراکنش پرداخت آنلاین',NULL,NULL,NULL,NULL,0,0,NULL,NULL,0,100,0,0,_binary '\0',_binary '',NULL,NULL),(4925,'ViewEntity',2338,'DomainEntity','Mono','','Entity','Entity','OnlinePaymentTransactionStep',122,'گام تراکنش پرداخت آنلاین',NULL,NULL,NULL,NULL,0,0,NULL,NULL,0,100,0,0,_binary '\0',_binary '',NULL,NULL),(4926,'UpdateId',2341,'Primitive','Mono','Id','Id','Long','Id',NULL,'شناسه',4927,'Id',NULL,NULL,1,1,NULL,'None.',100000000,100,1,1,_binary '\0',_binary '',NULL,43),(4927,'UpdateId',2344,'Primitive','Mono','Id','Id','Long','Id',NULL,'شناسه',NULL,'Id',NULL,NULL,1,1,NULL,'None.',100000000,100,1,1,_binary '\0',_binary '',NULL,43),(4928,'UpdateField',2341,'SelectEnum','Mono','StepType','StepType','Enum','Step type',NULL,'نوع گام',4929,'StepType',NULL,NULL,1,3,11,'Required.',100000000,100,1,1,_binary '\0',_binary '',NULL,44),(4929,'UpdateField',2344,'SelectEnum','Mono','StepType','StepType','Enum','Step type',NULL,'نوع گام',NULL,'StepType',NULL,NULL,1,3,11,'Required.',100000000,100,1,1,_binary '\0',_binary '',NULL,44),(4930,'UpdateField',2341,'Primitive','Mono','StepDate','StepDate','JavaDate','StepDate',NULL,'تاریخ گام',4931,'StepDate',NULL,NULL,1,2,NULL,'Required.',100000000,100,1,1,_binary '\0',_binary '',NULL,45),(4931,'UpdateField',2344,'Primitive','Mono','StepDate','StepDate','JavaDate','StepDate',NULL,'تاریخ گام',NULL,'StepDate',NULL,NULL,1,2,NULL,'Required.',100000000,100,1,1,_binary '\0',_binary '',NULL,45),(4932,'UpdateField',2341,'Primitive','Mono','Details','Details','String','Details',NULL,'محتوا',4933,'Details',NULL,NULL,2,1,NULL,'Required.',100000000,100,1,1,_binary '\0',_binary '',NULL,46),(4933,'UpdateField',2344,'Primitive','Mono','Details','Details','String','Details',NULL,'محتوا',NULL,'Details',NULL,NULL,2,1,NULL,'Required.',100000000,100,1,1,_binary '\0',_binary '',NULL,46),(4934,'UpdateField',2341,'SelectEntity','Mono','OnlinePaymentTransaction','OnlinePaymentTransaction','Entity','OnlinePaymentTransaction',NULL,'تراکنش',4935,'OnlinePaymentTransaction',NULL,25,2,3,NULL,'Required.',100000000,100,1,1,_binary '\0',_binary '',NULL,47),(4935,'UpdateField',2344,'SelectEntity','Mono','OnlinePaymentTransaction','OnlinePaymentTransaction','Entity','OnlinePaymentTransaction',NULL,'تراکنش',NULL,'OnlinePaymentTransaction',NULL,25,2,3,NULL,'Required.',100000000,100,1,1,_binary '\0',_binary '',NULL,47),(4936,'UpdateResult',2342,'Primitive','Mono','','Id','Long','OnlinePaymentTransactionStep Id',NULL,'شناسه گام تراکنش پرداخت آنلاین',NULL,NULL,NULL,NULL,0,0,NULL,NULL,0,100,0,0,_binary '\0',_binary '',NULL,NULL),(4937,'UpdateId',2343,'Primitive','Mono','','Id','Long','OnlinePaymentTransactionStep Id',NULL,'شناسه گام تراکنش پرداخت آنلاین',NULL,NULL,NULL,NULL,0,0,NULL,NULL,0,100,0,0,_binary '\0',_binary '',NULL,NULL),(4938,'AddNewId',2345,'Primitive','Mono','Id','Id','Long','Id',NULL,'شناسه',4939,'Id',NULL,NULL,1,1,NULL,'None.',100000000,100,1,1,_binary '\0',_binary '',NULL,43),(4939,'AddNewId',2348,'Primitive','Mono','Id','Id','Long','Id',NULL,'شناسه',NULL,'Id',NULL,NULL,1,1,NULL,'None.',100000000,100,1,1,_binary '\0',_binary '',NULL,43),(4940,'AddNewField',2345,'SelectEnum','Mono','StepType','StepType','Enum','Step type',NULL,'نوع گام',4941,'StepType',NULL,NULL,1,3,11,'Required.',100000000,100,1,1,_binary '\0',_binary '',NULL,44),(4941,'AddNewField',2348,'SelectEnum','Mono','StepType','StepType','Enum','Step type',NULL,'نوع گام',NULL,'StepType',NULL,NULL,1,3,11,'Required.',100000000,100,1,1,_binary '\0',_binary '',NULL,44),(4942,'AddNewField',2345,'Primitive','Mono','StepDate','StepDate','JavaDate','StepDate',NULL,'تاریخ گام',4943,'StepDate',NULL,NULL,1,2,NULL,'Required.',100000000,100,1,1,_binary '\0',_binary '',NULL,45),(4943,'AddNewField',2348,'Primitive','Mono','StepDate','StepDate','JavaDate','StepDate',NULL,'تاریخ گام',NULL,'StepDate',NULL,NULL,1,2,NULL,'Required.',100000000,100,1,1,_binary '\0',_binary '',NULL,45),(4944,'AddNewField',2345,'Primitive','Mono','Details','Details','String','Details',NULL,'محتوا',4945,'Details',NULL,NULL,2,1,NULL,'Required.',100000000,100,1,1,_binary '\0',_binary '',NULL,46),(4945,'AddNewField',2348,'Primitive','Mono','Details','Details','String','Details',NULL,'محتوا',NULL,'Details',NULL,NULL,2,1,NULL,'Required.',100000000,100,1,1,_binary '\0',_binary '',NULL,46),(4946,'AddNewField',2345,'SelectEntity','Mono','OnlinePaymentTransaction','OnlinePaymentTransaction','Entity','OnlinePaymentTransaction',NULL,'تراکنش',4947,'OnlinePaymentTransaction',NULL,25,2,3,NULL,'Required.',100000000,100,1,1,_binary '\0',_binary '',NULL,47),(4947,'AddNewField',2348,'SelectEntity','Mono','OnlinePaymentTransaction','OnlinePaymentTransaction','Entity','OnlinePaymentTransaction',NULL,'تراکنش',NULL,'OnlinePaymentTransaction',NULL,25,2,3,NULL,'Required.',100000000,100,1,1,_binary '\0',_binary '',NULL,47),(4948,'AddNewResult',2346,'Primitive','Mono','','Id','Long','OnlinePaymentTransactionStep Id',NULL,'شناسه گام تراکنش پرداخت آنلاین',NULL,NULL,NULL,NULL,0,0,NULL,NULL,0,100,0,0,_binary '\0',_binary '',NULL,NULL),(4949,'AddNewId',2347,'Primitive','Mono','','Id','Long','OnlinePaymentTransactionStep Id',NULL,'شناسه گام تراکنش پرداخت آنلاین',NULL,NULL,NULL,NULL,0,0,NULL,NULL,0,100,0,0,_binary '\0',_binary '',NULL,NULL),(4950,'DeleteId',2349,'Primitive','Mono','','Id','Long','OnlinePaymentTransactionStep Id',NULL,'شناسه گام تراکنش پرداخت آنلاین',NULL,NULL,NULL,NULL,0,0,NULL,NULL,0,100,0,0,_binary '\0',_binary '',NULL,NULL),(4951,'DeleteResult',2350,'Primitive','Mono','','IsSuccessful','Boolean','IsSuccessful',NULL,'موفقیت آمیز بود؟',NULL,NULL,NULL,NULL,0,0,NULL,NULL,0,100,0,0,_binary '\0',_binary '',NULL,NULL),(4952,'GridListSearchField',2353,'Primitive','Mono','Id','Id','Long','Id',NULL,'شناسه',NULL,NULL,NULL,NULL,1,1,NULL,'None.',100000000,100,1,1,_binary '',_binary '\0',NULL,48),(4953,'GridListSearchField',2353,'SelectEnum','Mono','Key','Key','Enum','Key',NULL,'کلید',NULL,NULL,NULL,NULL,2,1,14,'Required.',100000000,100,1,1,_binary '',_binary '\0',NULL,49),(4954,'GridListSearchField',2353,'Primitive','Mono','Value','Value','String','Value',NULL,'محتوا',NULL,NULL,NULL,NULL,2,1,NULL,'Required.',100000000,100,1,1,_binary '',_binary '\0',NULL,50),(4955,'GridListSearchField',2353,'Primitive','Mono','Enabled','Enabled','Boolean','Enabled',NULL,'فعال',NULL,NULL,NULL,NULL,3,1,NULL,'Required.',100000000,100,1,1,_binary '',_binary '\0',NULL,51),(4956,'GridListEntity',2354,'DomainEntity','List','','DataArray','Entity','List of GeneralKeysValues',123,'فهرست کلید مقدار های عمومی',NULL,NULL,NULL,NULL,0,0,NULL,NULL,0,100,0,0,_binary '\0',_binary '',NULL,NULL),(4957,'GridListSearchField',2356,'SelectEnum','Mono','Key','Key','Enum','Key',NULL,'کلید',NULL,NULL,NULL,NULL,0,0,14,NULL,0,100,0,0,_binary '\0',_binary '',NULL,49),(4958,'ViewId',2357,'Primitive','Mono','','Id','Long','GeneralKeysValues Id',NULL,'شناسه کلید مقدار های عمومی',NULL,NULL,NULL,NULL,0,0,NULL,NULL,0,100,0,0,_binary '\0',_binary '',NULL,NULL),(4959,'ViewEntity',2358,'DomainEntity','Mono','','Entity','Entity','GeneralKeysValues',123,'کلید مقدار های عمومی',NULL,NULL,NULL,NULL,0,0,NULL,NULL,0,100,0,0,_binary '\0',_binary '',NULL,NULL),(4960,'UpdateId',2361,'Primitive','Mono','Id','Id','Long','Id',NULL,'شناسه',4961,'Id',NULL,NULL,1,1,NULL,'None.',100000000,100,1,1,_binary '\0',_binary '',NULL,48),(4961,'UpdateId',2364,'Primitive','Mono','Id','Id','Long','Id',NULL,'شناسه',NULL,'Id',NULL,NULL,1,1,NULL,'None.',100000000,100,1,1,_binary '\0',_binary '',NULL,48),(4962,'UpdateField',2361,'SelectEnum','Mono','Key','Key','Enum','Key',NULL,'کلید',4963,'Key',NULL,NULL,2,1,14,'Required.',100000000,100,1,1,_binary '\0',_binary '',NULL,49),(4963,'UpdateField',2364,'SelectEnum','Mono','Key','Key','Enum','Key',NULL,'کلید',NULL,'Key',NULL,NULL,2,1,14,'Required.',100000000,100,1,1,_binary '\0',_binary '',NULL,49),(4964,'UpdateField',2361,'Primitive','Mono','Value','Value','String','Value',NULL,'محتوا',4965,'Value',NULL,NULL,2,1,NULL,'Required.',100000000,100,1,1,_binary '\0',_binary '',NULL,50),(4965,'UpdateField',2364,'Primitive','Mono','Value','Value','String','Value',NULL,'محتوا',NULL,'Value',NULL,NULL,2,1,NULL,'Required.',100000000,100,1,1,_binary '\0',_binary '',NULL,50),(4966,'UpdateField',2361,'Primitive','Mono','Enabled','Enabled','Boolean','Enabled',NULL,'فعال',4967,'Enabled',NULL,NULL,3,1,NULL,'Required.',100000000,100,1,1,_binary '\0',_binary '',NULL,51),(4967,'UpdateField',2364,'Primitive','Mono','Enabled','Enabled','Boolean','Enabled',NULL,'فعال',NULL,'Enabled',NULL,NULL,3,1,NULL,'Required.',100000000,100,1,1,_binary '\0',_binary '',NULL,51),(4968,'UpdateResult',2362,'Primitive','Mono','','Id','Long','GeneralKeysValues Id',NULL,'شناسه کلید مقدار های عمومی',NULL,NULL,NULL,NULL,0,0,NULL,NULL,0,100,0,0,_binary '\0',_binary '',NULL,NULL),(4969,'UpdateId',2363,'Primitive','Mono','','Id','Long','GeneralKeysValues Id',NULL,'شناسه کلید مقدار های عمومی',NULL,NULL,NULL,NULL,0,0,NULL,NULL,0,100,0,0,_binary '\0',_binary '',NULL,NULL),(4970,'AddNewId',2365,'Primitive','Mono','Id','Id','Long','Id',NULL,'شناسه',4971,'Id',NULL,NULL,1,1,NULL,'None.',100000000,100,1,1,_binary '\0',_binary '',NULL,48),(4971,'AddNewId',2368,'Primitive','Mono','Id','Id','Long','Id',NULL,'شناسه',NULL,'Id',NULL,NULL,1,1,NULL,'None.',100000000,100,1,1,_binary '\0',_binary '',NULL,48),(4972,'AddNewField',2365,'SelectEnum','Mono','Key','Key','Enum','Key',NULL,'کلید',4973,'Key',NULL,NULL,2,1,14,'Required.',100000000,100,1,1,_binary '\0',_binary '',NULL,49),(4973,'AddNewField',2368,'SelectEnum','Mono','Key','Key','Enum','Key',NULL,'کلید',NULL,'Key',NULL,NULL,2,1,14,'Required.',100000000,100,1,1,_binary '\0',_binary '',NULL,49),(4974,'AddNewField',2365,'Primitive','Mono','Value','Value','String','Value',NULL,'محتوا',4975,'Value',NULL,NULL,2,1,NULL,'Required.',100000000,100,1,1,_binary '\0',_binary '',NULL,50),(4975,'AddNewField',2368,'Primitive','Mono','Value','Value','String','Value',NULL,'محتوا',NULL,'Value',NULL,NULL,2,1,NULL,'Required.',100000000,100,1,1,_binary '\0',_binary '',NULL,50),(4976,'AddNewField',2365,'Primitive','Mono','Enabled','Enabled','Boolean','Enabled',NULL,'فعال',4977,'Enabled',NULL,NULL,3,1,NULL,'Required.',100000000,100,1,1,_binary '\0',_binary '',NULL,51),(4977,'AddNewField',2368,'Primitive','Mono','Enabled','Enabled','Boolean','Enabled',NULL,'فعال',NULL,'Enabled',NULL,NULL,3,1,NULL,'Required.',100000000,100,1,1,_binary '\0',_binary '',NULL,51),(4978,'AddNewResult',2366,'Primitive','Mono','','Id','Long','GeneralKeysValues Id',NULL,'شناسه کلید مقدار های عمومی',NULL,NULL,NULL,NULL,0,0,NULL,NULL,0,100,0,0,_binary '\0',_binary '',NULL,NULL),(4979,'AddNewId',2367,'Primitive','Mono','','Id','Long','GeneralKeysValues Id',NULL,'شناسه کلید مقدار های عمومی',NULL,NULL,NULL,NULL,0,0,NULL,NULL,0,100,0,0,_binary '\0',_binary '',NULL,NULL),(4980,'DeleteId',2369,'Primitive','Mono','','Id','Long','GeneralKeysValues Id',NULL,'شناسه کلید مقدار های عمومی',NULL,NULL,NULL,NULL,0,0,NULL,NULL,0,100,0,0,_binary '\0',_binary '',NULL,NULL),(4981,'DeleteResult',2370,'Primitive','Mono','','IsSuccessful','Boolean','IsSuccessful',NULL,'موفقیت آمیز بود؟',NULL,NULL,NULL,NULL,0,0,NULL,NULL,0,100,0,0,_binary '\0',_binary '',NULL,NULL),(4982,'GridListSearchField',2373,'Primitive','Mono','Id','Id','Long','Id',NULL,'شناسه',NULL,NULL,NULL,NULL,1,1,NULL,'None.',100000000,100,1,1,_binary '',_binary '\0',NULL,52),(4983,'GridListSearchField',2373,'SelectEnum','Mono','Key','Key','Enum','Key',NULL,'کلید',NULL,NULL,NULL,NULL,2,1,15,'Required.',100000000,100,1,1,_binary '',_binary '\0',NULL,53),(4984,'GridListSearchField',2373,'Primitive','Mono','Value','Value','String','Value',NULL,'محتوا',NULL,NULL,NULL,NULL,2,1,NULL,'Required.',100000000,100,1,1,_binary '',_binary '\0',NULL,54),(4985,'GridListSearchField',2373,'Primitive','Mono','Enabled','Enabled','Boolean','Enabled',NULL,'فعال',NULL,NULL,NULL,NULL,3,1,NULL,'Required.',100000000,100,1,1,_binary '',_binary '\0',NULL,55),(4986,'GridListEntity',2374,'DomainEntity','List','','DataArray','Entity','List of SystemKeysValues',124,'فهرست کلید مقدار های سیستمی',NULL,NULL,NULL,NULL,0,0,NULL,NULL,0,100,0,0,_binary '\0',_binary '',NULL,NULL),(4987,'GridListSearchField',2376,'SelectEnum','Mono','Key','Key','Enum','Key',NULL,'کلید',NULL,NULL,NULL,NULL,0,0,15,NULL,0,100,0,0,_binary '\0',_binary '',NULL,53),(4988,'ViewId',2377,'Primitive','Mono','','Id','Long','SystemKeysValues Id',NULL,'شناسه کلید مقدار های سیستمی',NULL,NULL,NULL,NULL,0,0,NULL,NULL,0,100,0,0,_binary '\0',_binary '',NULL,NULL),(4989,'ViewEntity',2378,'DomainEntity','Mono','','Entity','Entity','SystemKeysValues',124,'کلید مقدار های سیستمی',NULL,NULL,NULL,NULL,0,0,NULL,NULL,0,100,0,0,_binary '\0',_binary '',NULL,NULL),(4990,'UpdateId',2381,'Primitive','Mono','Id','Id','Long','Id',NULL,'شناسه',4991,'Id',NULL,NULL,1,1,NULL,'None.',100000000,100,1,1,_binary '\0',_binary '',NULL,52),(4991,'UpdateId',2384,'Primitive','Mono','Id','Id','Long','Id',NULL,'شناسه',NULL,'Id',NULL,NULL,1,1,NULL,'None.',100000000,100,1,1,_binary '\0',_binary '',NULL,52),(4992,'UpdateField',2381,'SelectEnum','Mono','Key','Key','Enum','Key',NULL,'کلید',4993,'Key',NULL,NULL,2,1,15,'Required.',100000000,100,1,1,_binary '\0',_binary '',NULL,53),(4993,'UpdateField',2384,'SelectEnum','Mono','Key','Key','Enum','Key',NULL,'کلید',NULL,'Key',NULL,NULL,2,1,15,'Required.',100000000,100,1,1,_binary '\0',_binary '',NULL,53),(4994,'UpdateField',2381,'Primitive','Mono','Value','Value','String','Value',NULL,'محتوا',4995,'Value',NULL,NULL,2,1,NULL,'Required.',100000000,100,1,1,_binary '\0',_binary '',NULL,54),(4995,'UpdateField',2384,'Primitive','Mono','Value','Value','String','Value',NULL,'محتوا',NULL,'Value',NULL,NULL,2,1,NULL,'Required.',100000000,100,1,1,_binary '\0',_binary '',NULL,54),(4996,'UpdateField',2381,'Primitive','Mono','Enabled','Enabled','Boolean','Enabled',NULL,'فعال',4997,'Enabled',NULL,NULL,3,1,NULL,'Required.',100000000,100,1,1,_binary '\0',_binary '',NULL,55),(4997,'UpdateField',2384,'Primitive','Mono','Enabled','Enabled','Boolean','Enabled',NULL,'فعال',NULL,'Enabled',NULL,NULL,3,1,NULL,'Required.',100000000,100,1,1,_binary '\0',_binary '',NULL,55),(4998,'UpdateResult',2382,'Primitive','Mono','','Id','Long','SystemKeysValues Id',NULL,'شناسه کلید مقدار های سیستمی',NULL,NULL,NULL,NULL,0,0,NULL,NULL,0,100,0,0,_binary '\0',_binary '',NULL,NULL),(4999,'UpdateId',2383,'Primitive','Mono','','Id','Long','SystemKeysValues Id',NULL,'شناسه کلید مقدار های سیستمی',NULL,NULL,NULL,NULL,0,0,NULL,NULL,0,100,0,0,_binary '\0',_binary '',NULL,NULL),(5000,'AddNewId',2385,'Primitive','Mono','Id','Id','Long','Id',NULL,'شناسه',5001,'Id',NULL,NULL,1,1,NULL,'None.',100000000,100,1,1,_binary '\0',_binary '',NULL,52),(5001,'AddNewId',2388,'Primitive','Mono','Id','Id','Long','Id',NULL,'شناسه',NULL,'Id',NULL,NULL,1,1,NULL,'None.',100000000,100,1,1,_binary '\0',_binary '',NULL,52),(5002,'AddNewField',2385,'SelectEnum','Mono','Key','Key','Enum','Key',NULL,'کلید',5003,'Key',NULL,NULL,2,1,15,'Required.',100000000,100,1,1,_binary '\0',_binary '',NULL,53),(5003,'AddNewField',2388,'SelectEnum','Mono','Key','Key','Enum','Key',NULL,'کلید',NULL,'Key',NULL,NULL,2,1,15,'Required.',100000000,100,1,1,_binary '\0',_binary '',NULL,53),(5004,'AddNewField',2385,'Primitive','Mono','Value','Value','String','Value',NULL,'محتوا',5005,'Value',NULL,NULL,2,1,NULL,'Required.',100000000,100,1,1,_binary '\0',_binary '',NULL,54),(5005,'AddNewField',2388,'Primitive','Mono','Value','Value','String','Value',NULL,'محتوا',NULL,'Value',NULL,NULL,2,1,NULL,'Required.',100000000,100,1,1,_binary '\0',_binary '',NULL,54),(5006,'AddNewField',2385,'Primitive','Mono','Enabled','Enabled','Boolean','Enabled',NULL,'فعال',5007,'Enabled',NULL,NULL,3,1,NULL,'Required.',100000000,100,1,1,_binary '\0',_binary '',NULL,55),(5007,'AddNewField',2388,'Primitive','Mono','Enabled','Enabled','Boolean','Enabled',NULL,'فعال',NULL,'Enabled',NULL,NULL,3,1,NULL,'Required.',100000000,100,1,1,_binary '\0',_binary '',NULL,55),(5008,'AddNewResult',2386,'Primitive','Mono','','Id','Long','SystemKeysValues Id',NULL,'شناسه کلید مقدار های سیستمی',NULL,NULL,NULL,NULL,0,0,NULL,NULL,0,100,0,0,_binary '\0',_binary '',NULL,NULL),(5009,'AddNewId',2387,'Primitive','Mono','','Id','Long','SystemKeysValues Id',NULL,'شناسه کلید مقدار های سیستمی',NULL,NULL,NULL,NULL,0,0,NULL,NULL,0,100,0,0,_binary '\0',_binary '',NULL,NULL),(5010,'DeleteId',2389,'Primitive','Mono','','Id','Long','SystemKeysValues Id',NULL,'شناسه کلید مقدار های سیستمی',NULL,NULL,NULL,NULL,0,0,NULL,NULL,0,100,0,0,_binary '\0',_binary '',NULL,NULL),(5011,'DeleteResult',2390,'Primitive','Mono','','IsSuccessful','Boolean','IsSuccessful',NULL,'موفقیت آمیز بود؟',NULL,NULL,NULL,NULL,0,0,NULL,NULL,0,100,0,0,_binary '\0',_binary '',NULL,NULL),(5012,'GridListSearchField',2393,'Primitive','Mono','Id','Id','Long','Id',NULL,'شناسه',NULL,NULL,NULL,NULL,1,1,NULL,'None.',100000000,100,1,1,_binary '',_binary '\0',NULL,56),(5013,'GridListSearchField',2393,'Primitive','Mono','EnTitle','EnTitle','String','EnTitle',NULL,'عنوان انگلیسی',NULL,NULL,NULL,NULL,2,1,NULL,'Required.',100000000,100,1,1,_binary '',_binary '\0',NULL,57),(5014,'GridListSearchField',2393,'Primitive','Mono','FaTitle','FaTitle','String','FaTitle',NULL,'عنوان فارسی',NULL,NULL,NULL,NULL,2,1,NULL,'Required.',100000000,100,1,1,_binary '',_binary '\0',NULL,58),(5015,'GridListSearchField',2393,'Primitive','Mono','IsOther','IsOther','Boolean','IsOther',NULL,'فعال',NULL,NULL,NULL,NULL,3,1,NULL,'Required.',100000000,100,1,1,_binary '',_binary '\0',NULL,59),(5016,'GridListEntity',2394,'DomainEntity','List','','DataArray','Entity','List of ActivityField',125,'فهرست زمینه فعالیت',NULL,NULL,NULL,NULL,0,0,NULL,NULL,0,100,0,0,_binary '\0',_binary '',NULL,NULL),(5017,'ViewId',2397,'Primitive','Mono','','Id','Long','ActivityField Id',NULL,'شناسه زمینه فعالیت',NULL,NULL,NULL,NULL,0,0,NULL,NULL,0,100,0,0,_binary '\0',_binary '',NULL,NULL),(5018,'ViewEntity',2398,'DomainEntity','Mono','','Entity','Entity','ActivityField',125,'زمینه فعالیت',NULL,NULL,NULL,NULL,0,0,NULL,NULL,0,100,0,0,_binary '\0',_binary '',NULL,NULL),(5019,'UpdateId',2401,'Primitive','Mono','Id','Id','Long','Id',NULL,'شناسه',5020,'Id',NULL,NULL,1,1,NULL,'None.',100000000,100,1,1,_binary '\0',_binary '',NULL,56),(5020,'UpdateId',2404,'Primitive','Mono','Id','Id','Long','Id',NULL,'شناسه',NULL,'Id',NULL,NULL,1,1,NULL,'None.',100000000,100,1,1,_binary '\0',_binary '',NULL,56),(5021,'UpdateField',2401,'Primitive','Mono','EnTitle','EnTitle','String','EnTitle',NULL,'عنوان انگلیسی',5022,'EnTitle',NULL,NULL,2,1,NULL,'Required.',100000000,100,1,1,_binary '\0',_binary '',NULL,57),(5022,'UpdateField',2404,'Primitive','Mono','EnTitle','EnTitle','String','EnTitle',NULL,'عنوان انگلیسی',NULL,'EnTitle',NULL,NULL,2,1,NULL,'Required.',100000000,100,1,1,_binary '\0',_binary '',NULL,57),(5023,'UpdateField',2401,'Primitive','Mono','FaTitle','FaTitle','String','FaTitle',NULL,'عنوان فارسی',5024,'FaTitle',NULL,NULL,2,1,NULL,'Required.',100000000,100,1,1,_binary '\0',_binary '',NULL,58),(5024,'UpdateField',2404,'Primitive','Mono','FaTitle','FaTitle','String','FaTitle',NULL,'عنوان فارسی',NULL,'FaTitle',NULL,NULL,2,1,NULL,'Required.',100000000,100,1,1,_binary '\0',_binary '',NULL,58),(5025,'UpdateField',2401,'Primitive','Mono','IsOther','IsOther','Boolean','IsOther',NULL,'فعال',5026,'IsOther',NULL,NULL,3,1,NULL,'Required.',100000000,100,1,1,_binary '\0',_binary '',NULL,59),(5026,'UpdateField',2404,'Primitive','Mono','IsOther','IsOther','Boolean','IsOther',NULL,'فعال',NULL,'IsOther',NULL,NULL,3,1,NULL,'Required.',100000000,100,1,1,_binary '\0',_binary '',NULL,59),(5027,'UpdateResult',2402,'Primitive','Mono','','Id','Long','ActivityField Id',NULL,'شناسه زمینه فعالیت',NULL,NULL,NULL,NULL,0,0,NULL,NULL,0,100,0,0,_binary '\0',_binary '',NULL,NULL),(5028,'UpdateId',2403,'Primitive','Mono','','Id','Long','ActivityField Id',NULL,'شناسه زمینه فعالیت',NULL,NULL,NULL,NULL,0,0,NULL,NULL,0,100,0,0,_binary '\0',_binary '',NULL,NULL),(5029,'AddNewId',2405,'Primitive','Mono','Id','Id','Long','Id',NULL,'شناسه',5030,'Id',NULL,NULL,1,1,NULL,'None.',100000000,100,1,1,_binary '\0',_binary '',NULL,56),(5030,'AddNewId',2408,'Primitive','Mono','Id','Id','Long','Id',NULL,'شناسه',NULL,'Id',NULL,NULL,1,1,NULL,'None.',100000000,100,1,1,_binary '\0',_binary '',NULL,56),(5031,'AddNewField',2405,'Primitive','Mono','EnTitle','EnTitle','String','EnTitle',NULL,'عنوان انگلیسی',5032,'EnTitle',NULL,NULL,2,1,NULL,'Required.',100000000,100,1,1,_binary '\0',_binary '',NULL,57),(5032,'AddNewField',2408,'Primitive','Mono','EnTitle','EnTitle','String','EnTitle',NULL,'عنوان انگلیسی',NULL,'EnTitle',NULL,NULL,2,1,NULL,'Required.',100000000,100,1,1,_binary '\0',_binary '',NULL,57),(5033,'AddNewField',2405,'Primitive','Mono','FaTitle','FaTitle','String','FaTitle',NULL,'عنوان فارسی',5034,'FaTitle',NULL,NULL,2,1,NULL,'Required.',100000000,100,1,1,_binary '\0',_binary '',NULL,58),(5034,'AddNewField',2408,'Primitive','Mono','FaTitle','FaTitle','String','FaTitle',NULL,'عنوان فارسی',NULL,'FaTitle',NULL,NULL,2,1,NULL,'Required.',100000000,100,1,1,_binary '\0',_binary '',NULL,58),(5035,'AddNewField',2405,'Primitive','Mono','IsOther','IsOther','Boolean','IsOther',NULL,'فعال',5036,'IsOther',NULL,NULL,3,1,NULL,'Required.',100000000,100,1,1,_binary '\0',_binary '',NULL,59),(5036,'AddNewField',2408,'Primitive','Mono','IsOther','IsOther','Boolean','IsOther',NULL,'فعال',NULL,'IsOther',NULL,NULL,3,1,NULL,'Required.',100000000,100,1,1,_binary '\0',_binary '',NULL,59),(5037,'AddNewResult',2406,'Primitive','Mono','','Id','Long','ActivityField Id',NULL,'شناسه زمینه فعالیت',NULL,NULL,NULL,NULL,0,0,NULL,NULL,0,100,0,0,_binary '\0',_binary '',NULL,NULL),(5038,'AddNewId',2407,'Primitive','Mono','','Id','Long','ActivityField Id',NULL,'شناسه زمینه فعالیت',NULL,NULL,NULL,NULL,0,0,NULL,NULL,0,100,0,0,_binary '\0',_binary '',NULL,NULL),(5039,'DeleteId',2409,'Primitive','Mono','','Id','Long','ActivityField Id',NULL,'شناسه زمینه فعالیت',NULL,NULL,NULL,NULL,0,0,NULL,NULL,0,100,0,0,_binary '\0',_binary '',NULL,NULL),(5040,'DeleteResult',2410,'Primitive','Mono','','IsSuccessful','Boolean','IsSuccessful',NULL,'موفقیت آمیز بود؟',NULL,NULL,NULL,NULL,0,0,NULL,NULL,0,100,0,0,_binary '\0',_binary '',NULL,NULL),(5041,'GridListSearchField',2413,'Primitive','Mono','Id','Id','Long','Id',NULL,'شناسه',NULL,NULL,NULL,NULL,1,1,NULL,'None.',100000000,100,1,1,_binary '',_binary '\0',NULL,60),(5042,'GridListSearchField',2413,'Primitive','Mono','Title','Title','String','Title',NULL,'عنوان',NULL,NULL,NULL,NULL,2,1,NULL,'Required.',100000000,100,1,1,_binary '',_binary '\0',NULL,61),(5043,'GridListSearchField',2413,'Primitive','Mono','IsOther','IsOther','Boolean','IsOther',NULL,'فعال',NULL,NULL,NULL,NULL,3,1,NULL,'Required.',100000000,100,1,1,_binary '',_binary '\0',NULL,62),(5044,'GridListEntity',2414,'DomainEntity','List','','DataArray','Entity','List of AntivirusBrand',126,'فهرست برند ضد ویروس',NULL,NULL,NULL,NULL,0,0,NULL,NULL,0,100,0,0,_binary '\0',_binary '',NULL,NULL),(5045,'ViewId',2417,'Primitive','Mono','','Id','Long','AntivirusBrand Id',NULL,'شناسه برند ضد ویروس',NULL,NULL,NULL,NULL,0,0,NULL,NULL,0,100,0,0,_binary '\0',_binary '',NULL,NULL),(5046,'ViewEntity',2418,'DomainEntity','Mono','','Entity','Entity','AntivirusBrand',126,'برند ضد ویروس',NULL,NULL,NULL,NULL,0,0,NULL,NULL,0,100,0,0,_binary '\0',_binary '',NULL,NULL),(5047,'UpdateId',2421,'Primitive','Mono','Id','Id','Long','Id',NULL,'شناسه',5048,'Id',NULL,NULL,1,1,NULL,'None.',100000000,100,1,1,_binary '\0',_binary '',NULL,60),(5048,'UpdateId',2424,'Primitive','Mono','Id','Id','Long','Id',NULL,'شناسه',NULL,'Id',NULL,NULL,1,1,NULL,'None.',100000000,100,1,1,_binary '\0',_binary '',NULL,60),(5049,'UpdateField',2421,'Primitive','Mono','Title','Title','String','Title',NULL,'عنوان',5050,'Title',NULL,NULL,2,1,NULL,'Required.',100000000,100,1,1,_binary '\0',_binary '',NULL,61),(5050,'UpdateField',2424,'Primitive','Mono','Title','Title','String','Title',NULL,'عنوان',NULL,'Title',NULL,NULL,2,1,NULL,'Required.',100000000,100,1,1,_binary '\0',_binary '',NULL,61),(5051,'UpdateField',2421,'Primitive','Mono','IsOther','IsOther','Boolean','IsOther',NULL,'فعال',5052,'IsOther',NULL,NULL,3,1,NULL,'Required.',100000000,100,1,1,_binary '\0',_binary '',NULL,62),(5052,'UpdateField',2424,'Primitive','Mono','IsOther','IsOther','Boolean','IsOther',NULL,'فعال',NULL,'IsOther',NULL,NULL,3,1,NULL,'Required.',100000000,100,1,1,_binary '\0',_binary '',NULL,62),(5053,'UpdateResult',2422,'Primitive','Mono','','Id','Long','AntivirusBrand Id',NULL,'شناسه برند ضد ویروس',NULL,NULL,NULL,NULL,0,0,NULL,NULL,0,100,0,0,_binary '\0',_binary '',NULL,NULL),(5054,'UpdateId',2423,'Primitive','Mono','','Id','Long','AntivirusBrand Id',NULL,'شناسه برند ضد ویروس',NULL,NULL,NULL,NULL,0,0,NULL,NULL,0,100,0,0,_binary '\0',_binary '',NULL,NULL),(5055,'AddNewId',2425,'Primitive','Mono','Id','Id','Long','Id',NULL,'شناسه',5056,'Id',NULL,NULL,1,1,NULL,'None.',100000000,100,1,1,_binary '\0',_binary '',NULL,60),(5056,'AddNewId',2428,'Primitive','Mono','Id','Id','Long','Id',NULL,'شناسه',NULL,'Id',NULL,NULL,1,1,NULL,'None.',100000000,100,1,1,_binary '\0',_binary '',NULL,60),(5057,'AddNewField',2425,'Primitive','Mono','Title','Title','String','Title',NULL,'عنوان',5058,'Title',NULL,NULL,2,1,NULL,'Required.',100000000,100,1,1,_binary '\0',_binary '',NULL,61),(5058,'AddNewField',2428,'Primitive','Mono','Title','Title','String','Title',NULL,'عنوان',NULL,'Title',NULL,NULL,2,1,NULL,'Required.',100000000,100,1,1,_binary '\0',_binary '',NULL,61),(5059,'AddNewField',2425,'Primitive','Mono','IsOther','IsOther','Boolean','IsOther',NULL,'فعال',5060,'IsOther',NULL,NULL,3,1,NULL,'Required.',100000000,100,1,1,_binary '\0',_binary '',NULL,62),(5060,'AddNewField',2428,'Primitive','Mono','IsOther','IsOther','Boolean','IsOther',NULL,'فعال',NULL,'IsOther',NULL,NULL,3,1,NULL,'Required.',100000000,100,1,1,_binary '\0',_binary '',NULL,62),(5061,'AddNewResult',2426,'Primitive','Mono','','Id','Long','AntivirusBrand Id',NULL,'شناسه برند ضد ویروس',NULL,NULL,NULL,NULL,0,0,NULL,NULL,0,100,0,0,_binary '\0',_binary '',NULL,NULL),(5062,'AddNewId',2427,'Primitive','Mono','','Id','Long','AntivirusBrand Id',NULL,'شناسه برند ضد ویروس',NULL,NULL,NULL,NULL,0,0,NULL,NULL,0,100,0,0,_binary '\0',_binary '',NULL,NULL),(5063,'DeleteId',2429,'Primitive','Mono','','Id','Long','AntivirusBrand Id',NULL,'شناسه برند ضد ویروس',NULL,NULL,NULL,NULL,0,0,NULL,NULL,0,100,0,0,_binary '\0',_binary '',NULL,NULL),(5064,'DeleteResult',2430,'Primitive','Mono','','IsSuccessful','Boolean','IsSuccessful',NULL,'موفقیت آمیز بود؟',NULL,NULL,NULL,NULL,0,0,NULL,NULL,0,100,0,0,_binary '\0',_binary '',NULL,NULL),(5065,'GridListSearchField',2433,'Primitive','Mono','Id','Id','Long','Id',NULL,'شناسه',NULL,NULL,NULL,NULL,1,1,NULL,'None.',100000000,100,1,1,_binary '',_binary '\0',NULL,63),(5066,'GridListSearchField',2433,'Primitive','Mono','Code','Code','String','Code',NULL,'کد',NULL,NULL,NULL,NULL,2,1,NULL,'Required.',100000000,100,1,1,_binary '',_binary '\0',NULL,64),(5067,'GridListSearchField',2433,'Primitive','Mono','EnTitle','EnTitle','String','EnTitle',NULL,'عنوان انگلیسی',NULL,NULL,NULL,NULL,2,1,NULL,'Required.',100000000,100,1,1,_binary '',_binary '\0',NULL,65),(5068,'GridListSearchField',2433,'Primitive','Mono','FaTitle','FaTitle','String','FaTitle',NULL,'عنوان فارسی',NULL,NULL,NULL,NULL,2,1,NULL,'Required.',100000000,100,1,1,_binary '',_binary '\0',NULL,66),(5069,'GridListSearchField',2433,'Primitive','Mono','Enabled','Enabled','Boolean','Enabled',NULL,'فعال',NULL,NULL,NULL,NULL,3,1,NULL,'Required.',100000000,100,1,1,_binary '',_binary '\0',NULL,67),(5070,'GridListSearchField',2433,'Primitive','Mono','Days','DaysBegin','Long','Days begin',NULL,'تعداد روز از',NULL,NULL,NULL,NULL,1,1,NULL,'None.',100000000,100,1,1,_binary '',_binary '\0',NULL,68),(5071,'GridListSearchField',2433,'Primitive','Mono','Days','DaysEnd','Long','Days end',NULL,'تعداد روز تا',NULL,NULL,NULL,NULL,2,1,NULL,'None.',100000000,100,1,1,_binary '',_binary '\0',NULL,68),(5072,'GridListSearchField',2433,'Primitive','Mono','SequenceIndex','SequenceIndexBegin','Long','SequenceIndex begin',NULL,'ترتیب از',NULL,NULL,NULL,NULL,1,1,NULL,'None.',100000000,100,1,1,_binary '',_binary '\0',NULL,69),(5073,'GridListSearchField',2433,'Primitive','Mono','SequenceIndex','SequenceIndexEnd','Long','SequenceIndex end',NULL,'ترتیب تا',NULL,NULL,NULL,NULL,2,1,NULL,'None.',100000000,100,1,1,_binary '',_binary '\0',NULL,69),(5074,'GridListSearchField',2433,'SelectEnum','Mono','Sales type','SalesType','Enum','Sales type',NULL,'نوع فروش',NULL,NULL,NULL,NULL,1,3,12,'Required.',100000000,100,1,1,_binary '',_binary '\0',NULL,70),(5075,'GridListSearchField',2433,'SelectEnum','Mono','Edition type','EditionType','Enum','Edition type',NULL,'نسخه',NULL,NULL,NULL,NULL,1,3,13,'Required.',100000000,100,1,1,_binary '',_binary '\0',NULL,71),(5076,'GridListEntity',2434,'DomainEntity','List','','DataArray','Entity','List of ProductDuration',127,'فهرست بازه زمانی محصول',NULL,NULL,NULL,NULL,0,0,NULL,NULL,0,100,0,0,_binary '\0',_binary '',NULL,NULL),(5077,'GridListSearchField',2436,'SelectEnum','Mono','Sales type','SalesType','Enum','Sales type',NULL,'نوع فروش',NULL,NULL,NULL,NULL,0,0,12,NULL,0,100,0,0,_binary '\0',_binary '',NULL,70),(5078,'GridListSearchField',2436,'SelectEnum','Mono','Edition type','EditionType','Enum','Edition type',NULL,'نسخه',NULL,NULL,NULL,NULL,0,0,13,NULL,0,100,0,0,_binary '\0',_binary '',NULL,71),(5079,'ViewId',2437,'Primitive','Mono','','Id','Long','ProductDuration Id',NULL,'شناسه بازه زمانی محصول',NULL,NULL,NULL,NULL,0,0,NULL,NULL,0,100,0,0,_binary '\0',_binary '',NULL,NULL),(5080,'ViewEntity',2438,'DomainEntity','Mono','','Entity','Entity','ProductDuration',127,'بازه زمانی محصول',NULL,NULL,NULL,NULL,0,0,NULL,NULL,0,100,0,0,_binary '\0',_binary '',NULL,NULL),(5081,'UpdateId',2441,'Primitive','Mono','Id','Id','Long','Id',NULL,'شناسه',5082,'Id',NULL,NULL,1,1,NULL,'None.',100000000,100,1,1,_binary '\0',_binary '',NULL,63),(5082,'UpdateId',2444,'Primitive','Mono','Id','Id','Long','Id',NULL,'شناسه',NULL,'Id',NULL,NULL,1,1,NULL,'None.',100000000,100,1,1,_binary '\0',_binary '',NULL,63),(5083,'UpdateField',2441,'Primitive','Mono','Code','Code','String','Code',NULL,'کد',5084,'Code',NULL,NULL,2,1,NULL,'Required.',100000000,100,1,1,_binary '\0',_binary '',NULL,64),(5084,'UpdateField',2444,'Primitive','Mono','Code','Code','String','Code',NULL,'کد',NULL,'Code',NULL,NULL,2,1,NULL,'Required.',100000000,100,1,1,_binary '\0',_binary '',NULL,64),(5085,'UpdateField',2441,'Primitive','Mono','EnTitle','EnTitle','String','EnTitle',NULL,'عنوان انگلیسی',5086,'EnTitle',NULL,NULL,2,1,NULL,'Required.',100000000,100,1,1,_binary '\0',_binary '',NULL,65),(5086,'UpdateField',2444,'Primitive','Mono','EnTitle','EnTitle','String','EnTitle',NULL,'عنوان انگلیسی',NULL,'EnTitle',NULL,NULL,2,1,NULL,'Required.',100000000,100,1,1,_binary '\0',_binary '',NULL,65),(5087,'UpdateField',2441,'Primitive','Mono','FaTitle','FaTitle','String','FaTitle',NULL,'عنوان فارسی',5088,'FaTitle',NULL,NULL,2,1,NULL,'Required.',100000000,100,1,1,_binary '\0',_binary '',NULL,66),(5088,'UpdateField',2444,'Primitive','Mono','FaTitle','FaTitle','String','FaTitle',NULL,'عنوان فارسی',NULL,'FaTitle',NULL,NULL,2,1,NULL,'Required.',100000000,100,1,1,_binary '\0',_binary '',NULL,66),(5089,'UpdateField',2441,'Primitive','Mono','Enabled','Enabled','Boolean','Enabled',NULL,'فعال',5090,'Enabled',NULL,NULL,3,1,NULL,'Required.',100000000,100,1,1,_binary '\0',_binary '',NULL,67),(5090,'UpdateField',2444,'Primitive','Mono','Enabled','Enabled','Boolean','Enabled',NULL,'فعال',NULL,'Enabled',NULL,NULL,3,1,NULL,'Required.',100000000,100,1,1,_binary '\0',_binary '',NULL,67),(5091,'UpdateField',2441,'Primitive','Mono','Days','Days','Long','Days',NULL,'تعداد روز',5092,'Days',NULL,NULL,1,1,NULL,'None.',100000000,100,1,1,_binary '\0',_binary '',NULL,68),(5092,'UpdateField',2444,'Primitive','Mono','Days','Days','Long','Days',NULL,'تعداد روز',NULL,'Days',NULL,NULL,1,1,NULL,'None.',100000000,100,1,1,_binary '\0',_binary '',NULL,68),(5093,'UpdateField',2441,'Primitive','Mono','SequenceIndex','SequenceIndex','Long','SequenceIndex',NULL,'ترتیب',5094,'SequenceIndex',NULL,NULL,1,1,NULL,'None.',100000000,100,1,1,_binary '\0',_binary '',NULL,69),(5094,'UpdateField',2444,'Primitive','Mono','SequenceIndex','SequenceIndex','Long','SequenceIndex',NULL,'ترتیب',NULL,'SequenceIndex',NULL,NULL,1,1,NULL,'None.',100000000,100,1,1,_binary '\0',_binary '',NULL,69),(5095,'UpdateField',2441,'SelectEnum','Mono','Sales type','SalesType','Enum','Sales type',NULL,'نوع فروش',5096,'SalesType',NULL,NULL,1,3,12,'Required.',100000000,100,1,1,_binary '\0',_binary '',NULL,70),(5096,'UpdateField',2444,'SelectEnum','Mono','Sales type','SalesType','Enum','Sales type',NULL,'نوع فروش',NULL,'SalesType',NULL,NULL,1,3,12,'Required.',100000000,100,1,1,_binary '\0',_binary '',NULL,70),(5097,'UpdateField',2441,'SelectEnum','Mono','Edition type','EditionType','Enum','Edition type',NULL,'نسخه',5098,'EditionType',NULL,NULL,1,3,13,'Required.',100000000,100,1,1,_binary '\0',_binary '',NULL,71),(5098,'UpdateField',2444,'SelectEnum','Mono','Edition type','EditionType','Enum','Edition type',NULL,'نسخه',NULL,'EditionType',NULL,NULL,1,3,13,'Required.',100000000,100,1,1,_binary '\0',_binary '',NULL,71),(5099,'UpdateResult',2442,'Primitive','Mono','','Id','Long','ProductDuration Id',NULL,'شناسه بازه زمانی محصول',NULL,NULL,NULL,NULL,0,0,NULL,NULL,0,100,0,0,_binary '\0',_binary '',NULL,NULL),(5100,'UpdateId',2443,'Primitive','Mono','','Id','Long','ProductDuration Id',NULL,'شناسه بازه زمانی محصول',NULL,NULL,NULL,NULL,0,0,NULL,NULL,0,100,0,0,_binary '\0',_binary '',NULL,NULL),(5101,'AddNewId',2445,'Primitive','Mono','Id','Id','Long','Id',NULL,'شناسه',5102,'Id',NULL,NULL,1,1,NULL,'None.',100000000,100,1,1,_binary '\0',_binary '',NULL,63),(5102,'AddNewId',2448,'Primitive','Mono','Id','Id','Long','Id',NULL,'شناسه',NULL,'Id',NULL,NULL,1,1,NULL,'None.',100000000,100,1,1,_binary '\0',_binary '',NULL,63),(5103,'AddNewField',2445,'Primitive','Mono','Code','Code','String','Code',NULL,'کد',5104,'Code',NULL,NULL,2,1,NULL,'Required.',100000000,100,1,1,_binary '\0',_binary '',NULL,64),(5104,'AddNewField',2448,'Primitive','Mono','Code','Code','String','Code',NULL,'کد',NULL,'Code',NULL,NULL,2,1,NULL,'Required.',100000000,100,1,1,_binary '\0',_binary '',NULL,64),(5105,'AddNewField',2445,'Primitive','Mono','EnTitle','EnTitle','String','EnTitle',NULL,'عنوان انگلیسی',5106,'EnTitle',NULL,NULL,2,1,NULL,'Required.',100000000,100,1,1,_binary '\0',_binary '',NULL,65),(5106,'AddNewField',2448,'Primitive','Mono','EnTitle','EnTitle','String','EnTitle',NULL,'عنوان انگلیسی',NULL,'EnTitle',NULL,NULL,2,1,NULL,'Required.',100000000,100,1,1,_binary '\0',_binary '',NULL,65),(5107,'AddNewField',2445,'Primitive','Mono','FaTitle','FaTitle','String','FaTitle',NULL,'عنوان فارسی',5108,'FaTitle',NULL,NULL,2,1,NULL,'Required.',100000000,100,1,1,_binary '\0',_binary '',NULL,66),(5108,'AddNewField',2448,'Primitive','Mono','FaTitle','FaTitle','String','FaTitle',NULL,'عنوان فارسی',NULL,'FaTitle',NULL,NULL,2,1,NULL,'Required.',100000000,100,1,1,_binary '\0',_binary '',NULL,66),(5109,'AddNewField',2445,'Primitive','Mono','Enabled','Enabled','Boolean','Enabled',NULL,'فعال',5110,'Enabled',NULL,NULL,3,1,NULL,'Required.',100000000,100,1,1,_binary '\0',_binary '',NULL,67),(5110,'AddNewField',2448,'Primitive','Mono','Enabled','Enabled','Boolean','Enabled',NULL,'فعال',NULL,'Enabled',NULL,NULL,3,1,NULL,'Required.',100000000,100,1,1,_binary '\0',_binary '',NULL,67),(5111,'AddNewField',2445,'Primitive','Mono','Days','Days','Long','Days',NULL,'تعداد روز',5112,'Days',NULL,NULL,1,1,NULL,'None.',100000000,100,1,1,_binary '\0',_binary '',NULL,68),(5112,'AddNewField',2448,'Primitive','Mono','Days','Days','Long','Days',NULL,'تعداد روز',NULL,'Days',NULL,NULL,1,1,NULL,'None.',100000000,100,1,1,_binary '\0',_binary '',NULL,68),(5113,'AddNewField',2445,'Primitive','Mono','SequenceIndex','SequenceIndex','Long','SequenceIndex',NULL,'ترتیب',5114,'SequenceIndex',NULL,NULL,1,1,NULL,'None.',100000000,100,1,1,_binary '\0',_binary '',NULL,69),(5114,'AddNewField',2448,'Primitive','Mono','SequenceIndex','SequenceIndex','Long','SequenceIndex',NULL,'ترتیب',NULL,'SequenceIndex',NULL,NULL,1,1,NULL,'None.',100000000,100,1,1,_binary '\0',_binary '',NULL,69),(5115,'AddNewField',2445,'SelectEnum','Mono','Sales type','SalesType','Enum','Sales type',NULL,'نوع فروش',5116,'SalesType',NULL,NULL,1,3,12,'Required.',100000000,100,1,1,_binary '\0',_binary '',NULL,70),(5116,'AddNewField',2448,'SelectEnum','Mono','Sales type','SalesType','Enum','Sales type',NULL,'نوع فروش',NULL,'SalesType',NULL,NULL,1,3,12,'Required.',100000000,100,1,1,_binary '\0',_binary '',NULL,70),(5117,'AddNewField',2445,'SelectEnum','Mono','Edition type','EditionType','Enum','Edition type',NULL,'نسخه',5118,'EditionType',NULL,NULL,1,3,13,'Required.',100000000,100,1,1,_binary '\0',_binary '',NULL,71),(5118,'AddNewField',2448,'SelectEnum','Mono','Edition type','EditionType','Enum','Edition type',NULL,'نسخه',NULL,'EditionType',NULL,NULL,1,3,13,'Required.',100000000,100,1,1,_binary '\0',_binary '',NULL,71),(5119,'AddNewResult',2446,'Primitive','Mono','','Id','Long','ProductDuration Id',NULL,'شناسه بازه زمانی محصول',NULL,NULL,NULL,NULL,0,0,NULL,NULL,0,100,0,0,_binary '\0',_binary '',NULL,NULL),(5120,'AddNewId',2447,'Primitive','Mono','','Id','Long','ProductDuration Id',NULL,'شناسه بازه زمانی محصول',NULL,NULL,NULL,NULL,0,0,NULL,NULL,0,100,0,0,_binary '\0',_binary '',NULL,NULL),(5121,'DeleteId',2449,'Primitive','Mono','','Id','Long','ProductDuration Id',NULL,'شناسه بازه زمانی محصول',NULL,NULL,NULL,NULL,0,0,NULL,NULL,0,100,0,0,_binary '\0',_binary '',NULL,NULL),(5122,'DeleteResult',2450,'Primitive','Mono','','IsSuccessful','Boolean','IsSuccessful',NULL,'موفقیت آمیز بود؟',NULL,NULL,NULL,NULL,0,0,NULL,NULL,0,100,0,0,_binary '\0',_binary '',NULL,NULL),(5123,'GridListSearchField',2453,'Primitive','Mono','Id','Id','Long','Id',NULL,'شناسه',NULL,NULL,NULL,NULL,1,1,NULL,'None.',100000000,100,1,1,_binary '',_binary '\0',NULL,72),(5124,'GridListSearchField',2453,'Primitive','Mono','Code','Code','String','Code',NULL,'کد',NULL,NULL,NULL,NULL,2,1,NULL,'Required.',100000000,100,1,1,_binary '',_binary '\0',NULL,73),(5125,'GridListSearchField',2453,'Primitive','Mono','EnTitle','EnTitle','String','EnTitle',NULL,'عنوان انگلیسی',NULL,NULL,NULL,NULL,2,1,NULL,'Required.',100000000,100,1,1,_binary '',_binary '\0',NULL,74),(5126,'GridListSearchField',2453,'Primitive','Mono','FaTitle','FaTitle','String','FaTitle',NULL,'عنوان فارسی',NULL,NULL,NULL,NULL,2,1,NULL,'Required.',100000000,100,1,1,_binary '',_binary '\0',NULL,75),(5127,'GridListSearchField',2453,'Primitive','Mono','Enabled','Enabled','Boolean','Enabled',NULL,'فعال',NULL,NULL,NULL,NULL,3,1,NULL,'Required.',100000000,100,1,1,_binary '',_binary '\0',NULL,76),(5128,'GridListSearchField',2453,'Primitive','Mono','SequenceIndex','SequenceIndexBegin','Long','SequenceIndex begin',NULL,'ترتیب از',NULL,NULL,NULL,NULL,1,1,NULL,'None.',100000000,100,1,1,_binary '',_binary '\0',NULL,77),(5129,'GridListSearchField',2453,'Primitive','Mono','SequenceIndex','SequenceIndexEnd','Long','SequenceIndex end',NULL,'ترتیب تا',NULL,NULL,NULL,NULL,2,1,NULL,'None.',100000000,100,1,1,_binary '',_binary '\0',NULL,77),(5130,'GridListSearchField',2453,'SelectEnum','Mono','Sales type','SalesType','Enum','Sales type',NULL,'نوع فروش',NULL,NULL,NULL,NULL,1,3,12,'Required.',100000000,100,1,1,_binary '',_binary '\0',NULL,78),(5131,'GridListSearchField',2453,'SelectEnum','Mono','Edition type','EditionType','Enum','Edition type',NULL,'نسخه',NULL,NULL,NULL,NULL,1,3,13,'Required.',100000000,100,1,1,_binary '',_binary '\0',NULL,79),(5132,'GridListEntity',2454,'DomainEntity','List','','DataArray','Entity','List of ProductLicenceType',128,'فهرست نوع لایسنس محصول',NULL,NULL,NULL,NULL,0,0,NULL,NULL,0,100,0,0,_binary '\0',_binary '',NULL,NULL),(5133,'GridListSearchField',2456,'SelectEnum','Mono','Sales type','SalesType','Enum','Sales type',NULL,'نوع فروش',NULL,NULL,NULL,NULL,0,0,12,NULL,0,100,0,0,_binary '\0',_binary '',NULL,78),(5134,'GridListSearchField',2456,'SelectEnum','Mono','Edition type','EditionType','Enum','Edition type',NULL,'نسخه',NULL,NULL,NULL,NULL,0,0,13,NULL,0,100,0,0,_binary '\0',_binary '',NULL,79),(5135,'ViewId',2457,'Primitive','Mono','','Id','Long','ProductLicenceType Id',NULL,'شناسه نوع لایسنس محصول',NULL,NULL,NULL,NULL,0,0,NULL,NULL,0,100,0,0,_binary '\0',_binary '',NULL,NULL),(5136,'ViewEntity',2458,'DomainEntity','Mono','','Entity','Entity','ProductLicenceType',128,'نوع لایسنس محصول',NULL,NULL,NULL,NULL,0,0,NULL,NULL,0,100,0,0,_binary '\0',_binary '',NULL,NULL),(5137,'UpdateId',2461,'Primitive','Mono','Id','Id','Long','Id',NULL,'شناسه',5138,'Id',NULL,NULL,1,1,NULL,'None.',100000000,100,1,1,_binary '\0',_binary '',NULL,72),(5138,'UpdateId',2464,'Primitive','Mono','Id','Id','Long','Id',NULL,'شناسه',NULL,'Id',NULL,NULL,1,1,NULL,'None.',100000000,100,1,1,_binary '\0',_binary '',NULL,72),(5139,'UpdateField',2461,'Primitive','Mono','Code','Code','String','Code',NULL,'کد',5140,'Code',NULL,NULL,2,1,NULL,'Required.',100000000,100,1,1,_binary '\0',_binary '',NULL,73),(5140,'UpdateField',2464,'Primitive','Mono','Code','Code','String','Code',NULL,'کد',NULL,'Code',NULL,NULL,2,1,NULL,'Required.',100000000,100,1,1,_binary '\0',_binary '',NULL,73),(5141,'UpdateField',2461,'Primitive','Mono','EnTitle','EnTitle','String','EnTitle',NULL,'عنوان انگلیسی',5142,'EnTitle',NULL,NULL,2,1,NULL,'Required.',100000000,100,1,1,_binary '\0',_binary '',NULL,74),(5142,'UpdateField',2464,'Primitive','Mono','EnTitle','EnTitle','String','EnTitle',NULL,'عنوان انگلیسی',NULL,'EnTitle',NULL,NULL,2,1,NULL,'Required.',100000000,100,1,1,_binary '\0',_binary '',NULL,74),(5143,'UpdateField',2461,'Primitive','Mono','FaTitle','FaTitle','String','FaTitle',NULL,'عنوان فارسی',5144,'FaTitle',NULL,NULL,2,1,NULL,'Required.',100000000,100,1,1,_binary '\0',_binary '',NULL,75),(5144,'UpdateField',2464,'Primitive','Mono','FaTitle','FaTitle','String','FaTitle',NULL,'عنوان فارسی',NULL,'FaTitle',NULL,NULL,2,1,NULL,'Required.',100000000,100,1,1,_binary '\0',_binary '',NULL,75),(5145,'UpdateField',2461,'Primitive','Mono','Enabled','Enabled','Boolean','Enabled',NULL,'فعال',5146,'Enabled',NULL,NULL,3,1,NULL,'Required.',100000000,100,1,1,_binary '\0',_binary '',NULL,76),(5146,'UpdateField',2464,'Primitive','Mono','Enabled','Enabled','Boolean','Enabled',NULL,'فعال',NULL,'Enabled',NULL,NULL,3,1,NULL,'Required.',100000000,100,1,1,_binary '\0',_binary '',NULL,76),(5147,'UpdateField',2461,'Primitive','Mono','SequenceIndex','SequenceIndex','Long','SequenceIndex',NULL,'ترتیب',5148,'SequenceIndex',NULL,NULL,1,1,NULL,'None.',100000000,100,1,1,_binary '\0',_binary '',NULL,77),(5148,'UpdateField',2464,'Primitive','Mono','SequenceIndex','SequenceIndex','Long','SequenceIndex',NULL,'ترتیب',NULL,'SequenceIndex',NULL,NULL,1,1,NULL,'None.',100000000,100,1,1,_binary '\0',_binary '',NULL,77),(5149,'UpdateField',2461,'SelectEnum','Mono','Sales type','SalesType','Enum','Sales type',NULL,'نوع فروش',5150,'SalesType',NULL,NULL,1,3,12,'Required.',100000000,100,1,1,_binary '\0',_binary '',NULL,78),(5150,'UpdateField',2464,'SelectEnum','Mono','Sales type','SalesType','Enum','Sales type',NULL,'نوع فروش',NULL,'SalesType',NULL,NULL,1,3,12,'Required.',100000000,100,1,1,_binary '\0',_binary '',NULL,78),(5151,'UpdateField',2461,'SelectEnum','Mono','Edition type','EditionType','Enum','Edition type',NULL,'نسخه',5152,'EditionType',NULL,NULL,1,3,13,'Required.',100000000,100,1,1,_binary '\0',_binary '',NULL,79),(5152,'UpdateField',2464,'SelectEnum','Mono','Edition type','EditionType','Enum','Edition type',NULL,'نسخه',NULL,'EditionType',NULL,NULL,1,3,13,'Required.',100000000,100,1,1,_binary '\0',_binary '',NULL,79),(5153,'UpdateResult',2462,'Primitive','Mono','','Id','Long','ProductLicenceType Id',NULL,'شناسه نوع لایسنس محصول',NULL,NULL,NULL,NULL,0,0,NULL,NULL,0,100,0,0,_binary '\0',_binary '',NULL,NULL),(5154,'UpdateId',2463,'Primitive','Mono','','Id','Long','ProductLicenceType Id',NULL,'شناسه نوع لایسنس محصول',NULL,NULL,NULL,NULL,0,0,NULL,NULL,0,100,0,0,_binary '\0',_binary '',NULL,NULL),(5155,'AddNewId',2465,'Primitive','Mono','Id','Id','Long','Id',NULL,'شناسه',5156,'Id',NULL,NULL,1,1,NULL,'None.',100000000,100,1,1,_binary '\0',_binary '',NULL,72),(5156,'AddNewId',2468,'Primitive','Mono','Id','Id','Long','Id',NULL,'شناسه',NULL,'Id',NULL,NULL,1,1,NULL,'None.',100000000,100,1,1,_binary '\0',_binary '',NULL,72),(5157,'AddNewField',2465,'Primitive','Mono','Code','Code','String','Code',NULL,'کد',5158,'Code',NULL,NULL,2,1,NULL,'Required.',100000000,100,1,1,_binary '\0',_binary '',NULL,73),(5158,'AddNewField',2468,'Primitive','Mono','Code','Code','String','Code',NULL,'کد',NULL,'Code',NULL,NULL,2,1,NULL,'Required.',100000000,100,1,1,_binary '\0',_binary '',NULL,73),(5159,'AddNewField',2465,'Primitive','Mono','EnTitle','EnTitle','String','EnTitle',NULL,'عنوان انگلیسی',5160,'EnTitle',NULL,NULL,2,1,NULL,'Required.',100000000,100,1,1,_binary '\0',_binary '',NULL,74),(5160,'AddNewField',2468,'Primitive','Mono','EnTitle','EnTitle','String','EnTitle',NULL,'عنوان انگلیسی',NULL,'EnTitle',NULL,NULL,2,1,NULL,'Required.',100000000,100,1,1,_binary '\0',_binary '',NULL,74),(5161,'AddNewField',2465,'Primitive','Mono','FaTitle','FaTitle','String','FaTitle',NULL,'عنوان فارسی',5162,'FaTitle',NULL,NULL,2,1,NULL,'Required.',100000000,100,1,1,_binary '\0',_binary '',NULL,75),(5162,'AddNewField',2468,'Primitive','Mono','FaTitle','FaTitle','String','FaTitle',NULL,'عنوان فارسی',NULL,'FaTitle',NULL,NULL,2,1,NULL,'Required.',100000000,100,1,1,_binary '\0',_binary '',NULL,75),(5163,'AddNewField',2465,'Primitive','Mono','Enabled','Enabled','Boolean','Enabled',NULL,'فعال',5164,'Enabled',NULL,NULL,3,1,NULL,'Required.',100000000,100,1,1,_binary '\0',_binary '',NULL,76),(5164,'AddNewField',2468,'Primitive','Mono','Enabled','Enabled','Boolean','Enabled',NULL,'فعال',NULL,'Enabled',NULL,NULL,3,1,NULL,'Required.',100000000,100,1,1,_binary '\0',_binary '',NULL,76),(5165,'AddNewField',2465,'Primitive','Mono','SequenceIndex','SequenceIndex','Long','SequenceIndex',NULL,'ترتیب',5166,'SequenceIndex',NULL,NULL,1,1,NULL,'None.',100000000,100,1,1,_binary '\0',_binary '',NULL,77),(5166,'AddNewField',2468,'Primitive','Mono','SequenceIndex','SequenceIndex','Long','SequenceIndex',NULL,'ترتیب',NULL,'SequenceIndex',NULL,NULL,1,1,NULL,'None.',100000000,100,1,1,_binary '\0',_binary '',NULL,77),(5167,'AddNewField',2465,'SelectEnum','Mono','Sales type','SalesType','Enum','Sales type',NULL,'نوع فروش',5168,'SalesType',NULL,NULL,1,3,12,'Required.',100000000,100,1,1,_binary '\0',_binary '',NULL,78),(5168,'AddNewField',2468,'SelectEnum','Mono','Sales type','SalesType','Enum','Sales type',NULL,'نوع فروش',NULL,'SalesType',NULL,NULL,1,3,12,'Required.',100000000,100,1,1,_binary '\0',_binary '',NULL,78),(5169,'AddNewField',2465,'SelectEnum','Mono','Edition type','EditionType','Enum','Edition type',NULL,'نسخه',5170,'EditionType',NULL,NULL,1,3,13,'Required.',100000000,100,1,1,_binary '\0',_binary '',NULL,79),(5170,'AddNewField',2468,'SelectEnum','Mono','Edition type','EditionType','Enum','Edition type',NULL,'نسخه',NULL,'EditionType',NULL,NULL,1,3,13,'Required.',100000000,100,1,1,_binary '\0',_binary '',NULL,79),(5171,'AddNewResult',2466,'Primitive','Mono','','Id','Long','ProductLicenceType Id',NULL,'شناسه نوع لایسنس محصول',NULL,NULL,NULL,NULL,0,0,NULL,NULL,0,100,0,0,_binary '\0',_binary '',NULL,NULL),(5172,'AddNewId',2467,'Primitive','Mono','','Id','Long','ProductLicenceType Id',NULL,'شناسه نوع لایسنس محصول',NULL,NULL,NULL,NULL,0,0,NULL,NULL,0,100,0,0,_binary '\0',_binary '',NULL,NULL),(5173,'DeleteId',2469,'Primitive','Mono','','Id','Long','ProductLicenceType Id',NULL,'شناسه نوع لایسنس محصول',NULL,NULL,NULL,NULL,0,0,NULL,NULL,0,100,0,0,_binary '\0',_binary '',NULL,NULL),(5174,'DeleteResult',2470,'Primitive','Mono','','IsSuccessful','Boolean','IsSuccessful',NULL,'موفقیت آمیز بود؟',NULL,NULL,NULL,NULL,0,0,NULL,NULL,0,100,0,0,_binary '\0',_binary '',NULL,NULL),(5175,'GridListSearchField',2473,'Primitive','Mono','Id','Id','Long','Id',NULL,'شناسه',NULL,NULL,NULL,NULL,1,1,NULL,'None.',100000000,100,1,1,_binary '',_binary '\0',NULL,80),(5176,'GridListSearchField',2473,'Primitive','Mono','Code','Code','String','Code',NULL,'کد',NULL,NULL,NULL,NULL,2,1,NULL,'Required.',100000000,100,1,1,_binary '',_binary '\0',NULL,81),(5177,'GridListSearchField',2473,'Primitive','Mono','EnTitle','EnTitle','String','EnTitle',NULL,'عنوان انگلیسی',NULL,NULL,NULL,NULL,2,1,NULL,'Required.',100000000,100,1,1,_binary '',_binary '\0',NULL,82),(5178,'GridListSearchField',2473,'Primitive','Mono','FaTitle','FaTitle','String','FaTitle',NULL,'عنوان فارسی',NULL,NULL,NULL,NULL,2,1,NULL,'Required.',100000000,100,1,1,_binary '',_binary '\0',NULL,83),(5179,'GridListSearchField',2473,'Primitive','Mono','Enabled','Enabled','Boolean','Enabled',NULL,'فعال',NULL,NULL,NULL,NULL,3,1,NULL,'Required.',100000000,100,1,1,_binary '',_binary '\0',NULL,84),(5180,'GridListSearchField',2473,'Primitive','Mono','LowerBound','LowerBoundBegin','Long','LowerBound begin',NULL,'کران پایین از',NULL,NULL,NULL,NULL,1,1,NULL,'None.',100000000,100,1,1,_binary '',_binary '\0',NULL,85),(5181,'GridListSearchField',2473,'Primitive','Mono','LowerBound','LowerBoundEnd','Long','LowerBound end',NULL,'کران پایین تا',NULL,NULL,NULL,NULL,2,1,NULL,'None.',100000000,100,1,1,_binary '',_binary '\0',NULL,85),(5182,'GridListSearchField',2473,'Primitive','Mono','UpperBound','UpperBoundBegin','Long','UpperBound begin',NULL,'کران بالا از',NULL,NULL,NULL,NULL,1,1,NULL,'None.',100000000,100,1,1,_binary '',_binary '\0',NULL,86),(5183,'GridListSearchField',2473,'Primitive','Mono','UpperBound','UpperBoundEnd','Long','UpperBound end',NULL,'کران بالا تا',NULL,NULL,NULL,NULL,2,1,NULL,'None.',100000000,100,1,1,_binary '',_binary '\0',NULL,86),(5184,'GridListSearchField',2473,'Primitive','Mono','SequenceIndex','SequenceIndexBegin','Long','SequenceIndex begin',NULL,'ترتیب از',NULL,NULL,NULL,NULL,1,1,NULL,'None.',100000000,100,1,1,_binary '',_binary '\0',NULL,87),(5185,'GridListSearchField',2473,'Primitive','Mono','SequenceIndex','SequenceIndexEnd','Long','SequenceIndex end',NULL,'ترتیب تا',NULL,NULL,NULL,NULL,2,1,NULL,'None.',100000000,100,1,1,_binary '',_binary '\0',NULL,87),(5186,'GridListSearchField',2473,'SelectEnum','Mono','Sales type','SalesType','Enum','Sales type',NULL,'نوع فروش',NULL,NULL,NULL,NULL,1,3,12,'Required.',100000000,100,1,1,_binary '',_binary '\0',NULL,88),(5187,'GridListSearchField',2473,'SelectEnum','Mono','Edition type','EditionType','Enum','Edition type',NULL,'نسخه',NULL,NULL,NULL,NULL,1,3,13,'Required.',100000000,100,1,1,_binary '',_binary '\0',NULL,89),(5188,'GridListEntity',2474,'DomainEntity','List','','DataArray','Entity','List of ProductStationCount',129,'فهرست بازه تعداد کاربر محصول',NULL,NULL,NULL,NULL,0,0,NULL,NULL,0,100,0,0,_binary '\0',_binary '',NULL,NULL),(5189,'GridListSearchField',2476,'SelectEnum','Mono','Sales type','SalesType','Enum','Sales type',NULL,'نوع فروش',NULL,NULL,NULL,NULL,0,0,12,NULL,0,100,0,0,_binary '\0',_binary '',NULL,88),(5190,'GridListSearchField',2476,'SelectEnum','Mono','Edition type','EditionType','Enum','Edition type',NULL,'نسخه',NULL,NULL,NULL,NULL,0,0,13,NULL,0,100,0,0,_binary '\0',_binary '',NULL,89),(5191,'ViewId',2477,'Primitive','Mono','','Id','Long','ProductStationCount Id',NULL,'شناسه بازه تعداد کاربر محصول',NULL,NULL,NULL,NULL,0,0,NULL,NULL,0,100,0,0,_binary '\0',_binary '',NULL,NULL),(5192,'ViewEntity',2478,'DomainEntity','Mono','','Entity','Entity','ProductStationCount',129,'بازه تعداد کاربر محصول',NULL,NULL,NULL,NULL,0,0,NULL,NULL,0,100,0,0,_binary '\0',_binary '',NULL,NULL),(5193,'UpdateId',2481,'Primitive','Mono','Id','Id','Long','Id',NULL,'شناسه',5194,'Id',NULL,NULL,1,1,NULL,'None.',100000000,100,1,1,_binary '\0',_binary '',NULL,80),(5194,'UpdateId',2484,'Primitive','Mono','Id','Id','Long','Id',NULL,'شناسه',NULL,'Id',NULL,NULL,1,1,NULL,'None.',100000000,100,1,1,_binary '\0',_binary '',NULL,80),(5195,'UpdateField',2481,'Primitive','Mono','Code','Code','String','Code',NULL,'کد',5196,'Code',NULL,NULL,2,1,NULL,'Required.',100000000,100,1,1,_binary '\0',_binary '',NULL,81),(5196,'UpdateField',2484,'Primitive','Mono','Code','Code','String','Code',NULL,'کد',NULL,'Code',NULL,NULL,2,1,NULL,'Required.',100000000,100,1,1,_binary '\0',_binary '',NULL,81),(5197,'UpdateField',2481,'Primitive','Mono','EnTitle','EnTitle','String','EnTitle',NULL,'عنوان انگلیسی',5198,'EnTitle',NULL,NULL,2,1,NULL,'Required.',100000000,100,1,1,_binary '\0',_binary '',NULL,82),(5198,'UpdateField',2484,'Primitive','Mono','EnTitle','EnTitle','String','EnTitle',NULL,'عنوان انگلیسی',NULL,'EnTitle',NULL,NULL,2,1,NULL,'Required.',100000000,100,1,1,_binary '\0',_binary '',NULL,82),(5199,'UpdateField',2481,'Primitive','Mono','FaTitle','FaTitle','String','FaTitle',NULL,'عنوان فارسی',5200,'FaTitle',NULL,NULL,2,1,NULL,'Required.',100000000,100,1,1,_binary '\0',_binary '',NULL,83),(5200,'UpdateField',2484,'Primitive','Mono','FaTitle','FaTitle','String','FaTitle',NULL,'عنوان فارسی',NULL,'FaTitle',NULL,NULL,2,1,NULL,'Required.',100000000,100,1,1,_binary '\0',_binary '',NULL,83),(5201,'UpdateField',2481,'Primitive','Mono','Enabled','Enabled','Boolean','Enabled',NULL,'فعال',5202,'Enabled',NULL,NULL,3,1,NULL,'Required.',100000000,100,1,1,_binary '\0',_binary '',NULL,84),(5202,'UpdateField',2484,'Primitive','Mono','Enabled','Enabled','Boolean','Enabled',NULL,'فعال',NULL,'Enabled',NULL,NULL,3,1,NULL,'Required.',100000000,100,1,1,_binary '\0',_binary '',NULL,84),(5203,'UpdateField',2481,'Primitive','Mono','LowerBound','LowerBound','Long','LowerBound',NULL,'کران پایین',5204,'LowerBound',NULL,NULL,1,1,NULL,'None.',100000000,100,1,1,_binary '\0',_binary '',NULL,85),(5204,'UpdateField',2484,'Primitive','Mono','LowerBound','LowerBound','Long','LowerBound',NULL,'کران پایین',NULL,'LowerBound',NULL,NULL,1,1,NULL,'None.',100000000,100,1,1,_binary '\0',_binary '',NULL,85),(5205,'UpdateField',2481,'Primitive','Mono','UpperBound','UpperBound','Long','UpperBound',NULL,'کران بالا',5206,'UpperBound',NULL,NULL,1,1,NULL,'None.',100000000,100,1,1,_binary '\0',_binary '',NULL,86),(5206,'UpdateField',2484,'Primitive','Mono','UpperBound','UpperBound','Long','UpperBound',NULL,'کران بالا',NULL,'UpperBound',NULL,NULL,1,1,NULL,'None.',100000000,100,1,1,_binary '\0',_binary '',NULL,86),(5207,'UpdateField',2481,'Primitive','Mono','SequenceIndex','SequenceIndex','Long','SequenceIndex',NULL,'ترتیب',5208,'SequenceIndex',NULL,NULL,1,1,NULL,'None.',100000000,100,1,1,_binary '\0',_binary '',NULL,87),(5208,'UpdateField',2484,'Primitive','Mono','SequenceIndex','SequenceIndex','Long','SequenceIndex',NULL,'ترتیب',NULL,'SequenceIndex',NULL,NULL,1,1,NULL,'None.',100000000,100,1,1,_binary '\0',_binary '',NULL,87),(5209,'UpdateField',2481,'SelectEnum','Mono','Sales type','SalesType','Enum','Sales type',NULL,'نوع فروش',5210,'SalesType',NULL,NULL,1,3,12,'Required.',100000000,100,1,1,_binary '\0',_binary '',NULL,88),(5210,'UpdateField',2484,'SelectEnum','Mono','Sales type','SalesType','Enum','Sales type',NULL,'نوع فروش',NULL,'SalesType',NULL,NULL,1,3,12,'Required.',100000000,100,1,1,_binary '\0',_binary '',NULL,88),(5211,'UpdateField',2481,'SelectEnum','Mono','Edition type','EditionType','Enum','Edition type',NULL,'نسخه',5212,'EditionType',NULL,NULL,1,3,13,'Required.',100000000,100,1,1,_binary '\0',_binary '',NULL,89),(5212,'UpdateField',2484,'SelectEnum','Mono','Edition type','EditionType','Enum','Edition type',NULL,'نسخه',NULL,'EditionType',NULL,NULL,1,3,13,'Required.',100000000,100,1,1,_binary '\0',_binary '',NULL,89),(5213,'UpdateResult',2482,'Primitive','Mono','','Id','Long','ProductStationCount Id',NULL,'شناسه بازه تعداد کاربر محصول',NULL,NULL,NULL,NULL,0,0,NULL,NULL,0,100,0,0,_binary '\0',_binary '',NULL,NULL),(5214,'UpdateId',2483,'Primitive','Mono','','Id','Long','ProductStationCount Id',NULL,'شناسه بازه تعداد کاربر محصول',NULL,NULL,NULL,NULL,0,0,NULL,NULL,0,100,0,0,_binary '\0',_binary '',NULL,NULL),(5215,'AddNewId',2485,'Primitive','Mono','Id','Id','Long','Id',NULL,'شناسه',5216,'Id',NULL,NULL,1,1,NULL,'None.',100000000,100,1,1,_binary '\0',_binary '',NULL,80),(5216,'AddNewId',2488,'Primitive','Mono','Id','Id','Long','Id',NULL,'شناسه',NULL,'Id',NULL,NULL,1,1,NULL,'None.',100000000,100,1,1,_binary '\0',_binary '',NULL,80),(5217,'AddNewField',2485,'Primitive','Mono','Code','Code','String','Code',NULL,'کد',5218,'Code',NULL,NULL,2,1,NULL,'Required.',100000000,100,1,1,_binary '\0',_binary '',NULL,81),(5218,'AddNewField',2488,'Primitive','Mono','Code','Code','String','Code',NULL,'کد',NULL,'Code',NULL,NULL,2,1,NULL,'Required.',100000000,100,1,1,_binary '\0',_binary '',NULL,81),(5219,'AddNewField',2485,'Primitive','Mono','EnTitle','EnTitle','String','EnTitle',NULL,'عنوان انگلیسی',5220,'EnTitle',NULL,NULL,2,1,NULL,'Required.',100000000,100,1,1,_binary '\0',_binary '',NULL,82),(5220,'AddNewField',2488,'Primitive','Mono','EnTitle','EnTitle','String','EnTitle',NULL,'عنوان انگلیسی',NULL,'EnTitle',NULL,NULL,2,1,NULL,'Required.',100000000,100,1,1,_binary '\0',_binary '',NULL,82),(5221,'AddNewField',2485,'Primitive','Mono','FaTitle','FaTitle','String','FaTitle',NULL,'عنوان فارسی',5222,'FaTitle',NULL,NULL,2,1,NULL,'Required.',100000000,100,1,1,_binary '\0',_binary '',NULL,83),(5222,'AddNewField',2488,'Primitive','Mono','FaTitle','FaTitle','String','FaTitle',NULL,'عنوان فارسی',NULL,'FaTitle',NULL,NULL,2,1,NULL,'Required.',100000000,100,1,1,_binary '\0',_binary '',NULL,83),(5223,'AddNewField',2485,'Primitive','Mono','Enabled','Enabled','Boolean','Enabled',NULL,'فعال',5224,'Enabled',NULL,NULL,3,1,NULL,'Required.',100000000,100,1,1,_binary '\0',_binary '',NULL,84),(5224,'AddNewField',2488,'Primitive','Mono','Enabled','Enabled','Boolean','Enabled',NULL,'فعال',NULL,'Enabled',NULL,NULL,3,1,NULL,'Required.',100000000,100,1,1,_binary '\0',_binary '',NULL,84),(5225,'AddNewField',2485,'Primitive','Mono','LowerBound','LowerBound','Long','LowerBound',NULL,'کران پایین',5226,'LowerBound',NULL,NULL,1,1,NULL,'None.',100000000,100,1,1,_binary '\0',_binary '',NULL,85),(5226,'AddNewField',2488,'Primitive','Mono','LowerBound','LowerBound','Long','LowerBound',NULL,'کران پایین',NULL,'LowerBound',NULL,NULL,1,1,NULL,'None.',100000000,100,1,1,_binary '\0',_binary '',NULL,85),(5227,'AddNewField',2485,'Primitive','Mono','UpperBound','UpperBound','Long','UpperBound',NULL,'کران بالا',5228,'UpperBound',NULL,NULL,1,1,NULL,'None.',100000000,100,1,1,_binary '\0',_binary '',NULL,86),(5228,'AddNewField',2488,'Primitive','Mono','UpperBound','UpperBound','Long','UpperBound',NULL,'کران بالا',NULL,'UpperBound',NULL,NULL,1,1,NULL,'None.',100000000,100,1,1,_binary '\0',_binary '',NULL,86),(5229,'AddNewField',2485,'Primitive','Mono','SequenceIndex','SequenceIndex','Long','SequenceIndex',NULL,'ترتیب',5230,'SequenceIndex',NULL,NULL,1,1,NULL,'None.',100000000,100,1,1,_binary '\0',_binary '',NULL,87),(5230,'AddNewField',2488,'Primitive','Mono','SequenceIndex','SequenceIndex','Long','SequenceIndex',NULL,'ترتیب',NULL,'SequenceIndex',NULL,NULL,1,1,NULL,'None.',100000000,100,1,1,_binary '\0',_binary '',NULL,87),(5231,'AddNewField',2485,'SelectEnum','Mono','Sales type','SalesType','Enum','Sales type',NULL,'نوع فروش',5232,'SalesType',NULL,NULL,1,3,12,'Required.',100000000,100,1,1,_binary '\0',_binary '',NULL,88),(5232,'AddNewField',2488,'SelectEnum','Mono','Sales type','SalesType','Enum','Sales type',NULL,'نوع فروش',NULL,'SalesType',NULL,NULL,1,3,12,'Required.',100000000,100,1,1,_binary '\0',_binary '',NULL,88),(5233,'AddNewField',2485,'SelectEnum','Mono','Edition type','EditionType','Enum','Edition type',NULL,'نسخه',5234,'EditionType',NULL,NULL,1,3,13,'Required.',100000000,100,1,1,_binary '\0',_binary '',NULL,89),(5234,'AddNewField',2488,'SelectEnum','Mono','Edition type','EditionType','Enum','Edition type',NULL,'نسخه',NULL,'EditionType',NULL,NULL,1,3,13,'Required.',100000000,100,1,1,_binary '\0',_binary '',NULL,89),(5235,'AddNewResult',2486,'Primitive','Mono','','Id','Long','ProductStationCount Id',NULL,'شناسه بازه تعداد کاربر محصول',NULL,NULL,NULL,NULL,0,0,NULL,NULL,0,100,0,0,_binary '\0',_binary '',NULL,NULL),(5236,'AddNewId',2487,'Primitive','Mono','','Id','Long','ProductStationCount Id',NULL,'شناسه بازه تعداد کاربر محصول',NULL,NULL,NULL,NULL,0,0,NULL,NULL,0,100,0,0,_binary '\0',_binary '',NULL,NULL),(5237,'DeleteId',2489,'Primitive','Mono','','Id','Long','ProductStationCount Id',NULL,'شناسه بازه تعداد کاربر محصول',NULL,NULL,NULL,NULL,0,0,NULL,NULL,0,100,0,0,_binary '\0',_binary '',NULL,NULL),(5238,'DeleteResult',2490,'Primitive','Mono','','IsSuccessful','Boolean','IsSuccessful',NULL,'موفقیت آمیز بود؟',NULL,NULL,NULL,NULL,0,0,NULL,NULL,0,100,0,0,_binary '\0',_binary '',NULL,NULL),(5239,'GridListSearchField',2493,'Primitive','Mono','Id','Id','Long','Id',NULL,'شناسه',NULL,NULL,NULL,NULL,1,1,NULL,'None.',100000000,100,1,1,_binary '',_binary '\0',NULL,90),(5240,'GridListSearchField',2493,'Primitive','Mono','EnTitle','EnTitle','String','EnTitle',NULL,'عنوان انگلیسی',NULL,NULL,NULL,NULL,2,1,NULL,'Required.',100000000,100,1,1,_binary '',_binary '\0',NULL,91),(5241,'GridListSearchField',2493,'Primitive','Mono','FaTitle','FaTitle','String','FaTitle',NULL,'عنوان فارسی',NULL,NULL,NULL,NULL,2,1,NULL,'Required.',100000000,100,1,1,_binary '',_binary '\0',NULL,92),(5242,'GridListSearchField',2493,'Primitive','Mono','PartNumber','PartNumber','String','PartNumber',NULL,'شماره قطعه',NULL,NULL,NULL,NULL,2,1,NULL,'Required.',100000000,100,1,1,_binary '',_binary '\0',NULL,93),(5243,'GridListSearchField',2493,'Primitive','Mono','Enabled','Enabled','Boolean','Enabled',NULL,'فعال',NULL,NULL,NULL,NULL,3,1,NULL,'Required.',100000000,100,1,1,_binary '',_binary '\0',NULL,94),(5244,'GridListSearchField',2493,'Primitive','Mono','InvoicePartNumber','InvoicePartNumber','String','InvoicePartNumber',NULL,'شماره قطعه برای فاکتور',NULL,NULL,NULL,NULL,2,1,NULL,'Required.',100000000,100,1,1,_binary '',_binary '\0',NULL,95),(5245,'GridListEntity',2494,'DomainEntity','List','','DataArray','Entity','List of ProductType',130,'فهرست نوع محصول',NULL,NULL,NULL,NULL,0,0,NULL,NULL,0,100,0,0,_binary '\0',_binary '',NULL,NULL),(5246,'ViewId',2497,'Primitive','Mono','','Id','Long','ProductType Id',NULL,'شناسه نوع محصول',NULL,NULL,NULL,NULL,0,0,NULL,NULL,0,100,0,0,_binary '\0',_binary '',NULL,NULL),(5247,'ViewEntity',2498,'DomainEntity','Mono','','Entity','Entity','ProductType',130,'نوع محصول',NULL,NULL,NULL,NULL,0,0,NULL,NULL,0,100,0,0,_binary '\0',_binary '',NULL,NULL),(5248,'UpdateId',2501,'Primitive','Mono','Id','Id','Long','Id',NULL,'شناسه',5249,'Id',NULL,NULL,1,1,NULL,'None.',100000000,100,1,1,_binary '\0',_binary '',NULL,90),(5249,'UpdateId',2504,'Primitive','Mono','Id','Id','Long','Id',NULL,'شناسه',NULL,'Id',NULL,NULL,1,1,NULL,'None.',100000000,100,1,1,_binary '\0',_binary '',NULL,90),(5250,'UpdateField',2501,'Primitive','Mono','EnTitle','EnTitle','String','EnTitle',NULL,'عنوان انگلیسی',5251,'EnTitle',NULL,NULL,2,1,NULL,'Required.',100000000,100,1,1,_binary '\0',_binary '',NULL,91),(5251,'UpdateField',2504,'Primitive','Mono','EnTitle','EnTitle','String','EnTitle',NULL,'عنوان انگلیسی',NULL,'EnTitle',NULL,NULL,2,1,NULL,'Required.',100000000,100,1,1,_binary '\0',_binary '',NULL,91),(5252,'UpdateField',2501,'Primitive','Mono','FaTitle','FaTitle','String','FaTitle',NULL,'عنوان فارسی',5253,'FaTitle',NULL,NULL,2,1,NULL,'Required.',100000000,100,1,1,_binary '\0',_binary '',NULL,92),(5253,'UpdateField',2504,'Primitive','Mono','FaTitle','FaTitle','String','FaTitle',NULL,'عنوان فارسی',NULL,'FaTitle',NULL,NULL,2,1,NULL,'Required.',100000000,100,1,1,_binary '\0',_binary '',NULL,92),(5254,'UpdateField',2501,'Primitive','Mono','PartNumber','PartNumber','String','PartNumber',NULL,'شماره قطعه',5255,'PartNumber',NULL,NULL,2,1,NULL,'Required.',100000000,100,1,1,_binary '\0',_binary '',NULL,93),(5255,'UpdateField',2504,'Primitive','Mono','PartNumber','PartNumber','String','PartNumber',NULL,'شماره قطعه',NULL,'PartNumber',NULL,NULL,2,1,NULL,'Required.',100000000,100,1,1,_binary '\0',_binary '',NULL,93),(5256,'UpdateField',2501,'Primitive','Mono','Enabled','Enabled','Boolean','Enabled',NULL,'فعال',5257,'Enabled',NULL,NULL,3,1,NULL,'Required.',100000000,100,1,1,_binary '\0',_binary '',NULL,94),(5257,'UpdateField',2504,'Primitive','Mono','Enabled','Enabled','Boolean','Enabled',NULL,'فعال',NULL,'Enabled',NULL,NULL,3,1,NULL,'Required.',100000000,100,1,1,_binary '\0',_binary '',NULL,94),(5258,'UpdateField',2501,'Primitive','Mono','InvoicePartNumber','InvoicePartNumber','String','InvoicePartNumber',NULL,'شماره قطعه برای فاکتور',5259,'InvoicePartNumber',NULL,NULL,2,1,NULL,'Required.',100000000,100,1,1,_binary '\0',_binary '',NULL,95),(5259,'UpdateField',2504,'Primitive','Mono','InvoicePartNumber','InvoicePartNumber','String','InvoicePartNumber',NULL,'شماره قطعه برای فاکتور',NULL,'InvoicePartNumber',NULL,NULL,2,1,NULL,'Required.',100000000,100,1,1,_binary '\0',_binary '',NULL,95),(5260,'UpdateResult',2502,'Primitive','Mono','','Id','Long','ProductType Id',NULL,'شناسه نوع محصول',NULL,NULL,NULL,NULL,0,0,NULL,NULL,0,100,0,0,_binary '\0',_binary '',NULL,NULL),(5261,'UpdateId',2503,'Primitive','Mono','','Id','Long','ProductType Id',NULL,'شناسه نوع محصول',NULL,NULL,NULL,NULL,0,0,NULL,NULL,0,100,0,0,_binary '\0',_binary '',NULL,NULL),(5262,'AddNewId',2505,'Primitive','Mono','Id','Id','Long','Id',NULL,'شناسه',5263,'Id',NULL,NULL,1,1,NULL,'None.',100000000,100,1,1,_binary '\0',_binary '',NULL,90),(5263,'AddNewId',2508,'Primitive','Mono','Id','Id','Long','Id',NULL,'شناسه',NULL,'Id',NULL,NULL,1,1,NULL,'None.',100000000,100,1,1,_binary '\0',_binary '',NULL,90),(5264,'AddNewField',2505,'Primitive','Mono','EnTitle','EnTitle','String','EnTitle',NULL,'عنوان انگلیسی',5265,'EnTitle',NULL,NULL,2,1,NULL,'Required.',100000000,100,1,1,_binary '\0',_binary '',NULL,91),(5265,'AddNewField',2508,'Primitive','Mono','EnTitle','EnTitle','String','EnTitle',NULL,'عنوان انگلیسی',NULL,'EnTitle',NULL,NULL,2,1,NULL,'Required.',100000000,100,1,1,_binary '\0',_binary '',NULL,91),(5266,'AddNewField',2505,'Primitive','Mono','FaTitle','FaTitle','String','FaTitle',NULL,'عنوان فارسی',5267,'FaTitle',NULL,NULL,2,1,NULL,'Required.',100000000,100,1,1,_binary '\0',_binary '',NULL,92),(5267,'AddNewField',2508,'Primitive','Mono','FaTitle','FaTitle','String','FaTitle',NULL,'عنوان فارسی',NULL,'FaTitle',NULL,NULL,2,1,NULL,'Required.',100000000,100,1,1,_binary '\0',_binary '',NULL,92),(5268,'AddNewField',2505,'Primitive','Mono','PartNumber','PartNumber','String','PartNumber',NULL,'شماره قطعه',5269,'PartNumber',NULL,NULL,2,1,NULL,'Required.',100000000,100,1,1,_binary '\0',_binary '',NULL,93),(5269,'AddNewField',2508,'Primitive','Mono','PartNumber','PartNumber','String','PartNumber',NULL,'شماره قطعه',NULL,'PartNumber',NULL,NULL,2,1,NULL,'Required.',100000000,100,1,1,_binary '\0',_binary '',NULL,93),(5270,'AddNewField',2505,'Primitive','Mono','Enabled','Enabled','Boolean','Enabled',NULL,'فعال',5271,'Enabled',NULL,NULL,3,1,NULL,'Required.',100000000,100,1,1,_binary '\0',_binary '',NULL,94),(5271,'AddNewField',2508,'Primitive','Mono','Enabled','Enabled','Boolean','Enabled',NULL,'فعال',NULL,'Enabled',NULL,NULL,3,1,NULL,'Required.',100000000,100,1,1,_binary '\0',_binary '',NULL,94),(5272,'AddNewField',2505,'Primitive','Mono','InvoicePartNumber','InvoicePartNumber','String','InvoicePartNumber',NULL,'شماره قطعه برای فاکتور',5273,'InvoicePartNumber',NULL,NULL,2,1,NULL,'Required.',100000000,100,1,1,_binary '\0',_binary '',NULL,95),(5273,'AddNewField',2508,'Primitive','Mono','InvoicePartNumber','InvoicePartNumber','String','InvoicePartNumber',NULL,'شماره قطعه برای فاکتور',NULL,'InvoicePartNumber',NULL,NULL,2,1,NULL,'Required.',100000000,100,1,1,_binary '\0',_binary '',NULL,95),(5274,'AddNewResult',2506,'Primitive','Mono','','Id','Long','ProductType Id',NULL,'شناسه نوع محصول',NULL,NULL,NULL,NULL,0,0,NULL,NULL,0,100,0,0,_binary '\0',_binary '',NULL,NULL),(5275,'AddNewId',2507,'Primitive','Mono','','Id','Long','ProductType Id',NULL,'شناسه نوع محصول',NULL,NULL,NULL,NULL,0,0,NULL,NULL,0,100,0,0,_binary '\0',_binary '',NULL,NULL),(5276,'DeleteId',2509,'Primitive','Mono','','Id','Long','ProductType Id',NULL,'شناسه نوع محصول',NULL,NULL,NULL,NULL,0,0,NULL,NULL,0,100,0,0,_binary '\0',_binary '',NULL,NULL),(5277,'DeleteResult',2510,'Primitive','Mono','','IsSuccessful','Boolean','IsSuccessful',NULL,'موفقیت آمیز بود؟',NULL,NULL,NULL,NULL,0,0,NULL,NULL,0,100,0,0,_binary '\0',_binary '',NULL,NULL),(5278,'GridListSearchField',2513,'Primitive','Mono','Id','Id','Long','Id',NULL,'شناسه',NULL,NULL,NULL,NULL,1,1,NULL,'None.',100000000,100,1,1,_binary '',_binary '\0',NULL,96),(5279,'GridListSearchField',2513,'Primitive','Mono','EnTitle','EnTitle','String','EnTitle',NULL,'عنوان انگلیسی',NULL,NULL,NULL,NULL,2,1,NULL,'Required.',100000000,100,1,1,_binary '',_binary '\0',NULL,97),(5280,'GridListSearchField',2513,'Primitive','Mono','FaTitle','FaTitle','String','FaTitle',NULL,'عنوان فارسی',NULL,NULL,NULL,NULL,2,1,NULL,'Required.',100000000,100,1,1,_binary '',_binary '\0',NULL,98),(5281,'GridListSearchField',2513,'Primitive','Mono','Enabled','Enabled','Boolean','Enabled',NULL,'فعال',NULL,NULL,NULL,NULL,3,1,NULL,'Required.',100000000,100,1,1,_binary '',_binary '\0',NULL,99),(5282,'GridListEntity',2514,'DomainEntity','List','','DataArray','Entity','List of SteppedDiscountAgreement',131,'فهرست تخفیف پلکانی',NULL,NULL,NULL,NULL,0,0,NULL,NULL,0,100,0,0,_binary '\0',_binary '',NULL,NULL),(5283,'ViewId',2517,'Primitive','Mono','','Id','Long','SteppedDiscountAgreement Id',NULL,'شناسه تخفیف پلکانی',NULL,NULL,NULL,NULL,0,0,NULL,NULL,0,100,0,0,_binary '\0',_binary '',NULL,NULL),(5284,'ViewEntity',2518,'DomainEntity','Mono','','Entity','Entity','SteppedDiscountAgreement',131,'تخفیف پلکانی',NULL,NULL,NULL,NULL,0,0,NULL,NULL,0,100,0,0,_binary '\0',_binary '',NULL,NULL),(5285,'UpdateId',2521,'Primitive','Mono','Id','Id','Long','Id',NULL,'شناسه',5286,'Id',NULL,NULL,1,1,NULL,'None.',100000000,100,1,1,_binary '\0',_binary '',NULL,96),(5286,'UpdateId',2524,'Primitive','Mono','Id','Id','Long','Id',NULL,'شناسه',NULL,'Id',NULL,NULL,1,1,NULL,'None.',100000000,100,1,1,_binary '\0',_binary '',NULL,96),(5287,'UpdateField',2521,'Primitive','Mono','EnTitle','EnTitle','String','EnTitle',NULL,'عنوان انگلیسی',5288,'EnTitle',NULL,NULL,2,1,NULL,'Required.',100000000,100,1,1,_binary '\0',_binary '',NULL,97),(5288,'UpdateField',2524,'Primitive','Mono','EnTitle','EnTitle','String','EnTitle',NULL,'عنوان انگلیسی',NULL,'EnTitle',NULL,NULL,2,1,NULL,'Required.',100000000,100,1,1,_binary '\0',_binary '',NULL,97),(5289,'UpdateField',2521,'Primitive','Mono','FaTitle','FaTitle','String','FaTitle',NULL,'عنوان فارسی',5290,'FaTitle',NULL,NULL,2,1,NULL,'Required.',100000000,100,1,1,_binary '\0',_binary '',NULL,98),(5290,'UpdateField',2524,'Primitive','Mono','FaTitle','FaTitle','String','FaTitle',NULL,'عنوان فارسی',NULL,'FaTitle',NULL,NULL,2,1,NULL,'Required.',100000000,100,1,1,_binary '\0',_binary '',NULL,98),(5291,'UpdateField',2521,'Primitive','Mono','Enabled','Enabled','Boolean','Enabled',NULL,'فعال',5292,'Enabled',NULL,NULL,3,1,NULL,'Required.',100000000,100,1,1,_binary '\0',_binary '',NULL,99),(5292,'UpdateField',2524,'Primitive','Mono','Enabled','Enabled','Boolean','Enabled',NULL,'فعال',NULL,'Enabled',NULL,NULL,3,1,NULL,'Required.',100000000,100,1,1,_binary '\0',_binary '',NULL,99),(5293,'UpdateResult',2522,'Primitive','Mono','','Id','Long','SteppedDiscountAgreement Id',NULL,'شناسه تخفیف پلکانی',NULL,NULL,NULL,NULL,0,0,NULL,NULL,0,100,0,0,_binary '\0',_binary '',NULL,NULL),(5294,'UpdateId',2523,'Primitive','Mono','','Id','Long','SteppedDiscountAgreement Id',NULL,'شناسه تخفیف پلکانی',NULL,NULL,NULL,NULL,0,0,NULL,NULL,0,100,0,0,_binary '\0',_binary '',NULL,NULL),(5295,'AddNewId',2525,'Primitive','Mono','Id','Id','Long','Id',NULL,'شناسه',5296,'Id',NULL,NULL,1,1,NULL,'None.',100000000,100,1,1,_binary '\0',_binary '',NULL,96),(5296,'AddNewId',2528,'Primitive','Mono','Id','Id','Long','Id',NULL,'شناسه',NULL,'Id',NULL,NULL,1,1,NULL,'None.',100000000,100,1,1,_binary '\0',_binary '',NULL,96),(5297,'AddNewField',2525,'Primitive','Mono','EnTitle','EnTitle','String','EnTitle',NULL,'عنوان انگلیسی',5298,'EnTitle',NULL,NULL,2,1,NULL,'Required.',100000000,100,1,1,_binary '\0',_binary '',NULL,97),(5298,'AddNewField',2528,'Primitive','Mono','EnTitle','EnTitle','String','EnTitle',NULL,'عنوان انگلیسی',NULL,'EnTitle',NULL,NULL,2,1,NULL,'Required.',100000000,100,1,1,_binary '\0',_binary '',NULL,97),(5299,'AddNewField',2525,'Primitive','Mono','FaTitle','FaTitle','String','FaTitle',NULL,'عنوان فارسی',5300,'FaTitle',NULL,NULL,2,1,NULL,'Required.',100000000,100,1,1,_binary '\0',_binary '',NULL,98),(5300,'AddNewField',2528,'Primitive','Mono','FaTitle','FaTitle','String','FaTitle',NULL,'عنوان فارسی',NULL,'FaTitle',NULL,NULL,2,1,NULL,'Required.',100000000,100,1,1,_binary '\0',_binary '',NULL,98),(5301,'AddNewField',2525,'Primitive','Mono','Enabled','Enabled','Boolean','Enabled',NULL,'فعال',5302,'Enabled',NULL,NULL,3,1,NULL,'Required.',100000000,100,1,1,_binary '\0',_binary '',NULL,99),(5302,'AddNewField',2528,'Primitive','Mono','Enabled','Enabled','Boolean','Enabled',NULL,'فعال',NULL,'Enabled',NULL,NULL,3,1,NULL,'Required.',100000000,100,1,1,_binary '\0',_binary '',NULL,99),(5303,'AddNewResult',2526,'Primitive','Mono','','Id','Long','SteppedDiscountAgreement Id',NULL,'شناسه تخفیف پلکانی',NULL,NULL,NULL,NULL,0,0,NULL,NULL,0,100,0,0,_binary '\0',_binary '',NULL,NULL),(5304,'AddNewId',2527,'Primitive','Mono','','Id','Long','SteppedDiscountAgreement Id',NULL,'شناسه تخفیف پلکانی',NULL,NULL,NULL,NULL,0,0,NULL,NULL,0,100,0,0,_binary '\0',_binary '',NULL,NULL),(5305,'DeleteId',2529,'Primitive','Mono','','Id','Long','SteppedDiscountAgreement Id',NULL,'شناسه تخفیف پلکانی',NULL,NULL,NULL,NULL,0,0,NULL,NULL,0,100,0,0,_binary '\0',_binary '',NULL,NULL),(5306,'DeleteResult',2530,'Primitive','Mono','','IsSuccessful','Boolean','IsSuccessful',NULL,'موفقیت آمیز بود؟',NULL,NULL,NULL,NULL,0,0,NULL,NULL,0,100,0,0,_binary '\0',_binary '',NULL,NULL),(5307,'GridListSearchField',2533,'Primitive','Mono','Id','Id','Long','Id',NULL,'شناسه',NULL,NULL,NULL,NULL,1,1,NULL,'None.',100000000,100,1,1,_binary '',_binary '\0',NULL,100),(5308,'GridListSearchField',2533,'Primitive','Mono','LowerBound','LowerBoundBegin','Long','LowerBound begin',NULL,'کران پایین از',NULL,NULL,NULL,NULL,1,1,NULL,'None.',100000000,100,1,1,_binary '',_binary '\0',NULL,101),(5309,'GridListSearchField',2533,'Primitive','Mono','LowerBound','LowerBoundEnd','Long','LowerBound end',NULL,'کران پایین تا',NULL,NULL,NULL,NULL,2,1,NULL,'None.',100000000,100,1,1,_binary '',_binary '\0',NULL,101),(5310,'GridListSearchField',2533,'Primitive','Mono','UpperBound','UpperBoundBegin','Long','UpperBound begin',NULL,'کران بالا از',NULL,NULL,NULL,NULL,1,1,NULL,'None.',100000000,100,1,1,_binary '',_binary '\0',NULL,102),(5311,'GridListSearchField',2533,'Primitive','Mono','UpperBound','UpperBoundEnd','Long','UpperBound end',NULL,'کران بالا تا',NULL,NULL,NULL,NULL,2,1,NULL,'None.',100000000,100,1,1,_binary '',_binary '\0',NULL,102),(5312,'GridListSearchField',2533,'Primitive','Mono','PercentageDiscount','PercentageDiscountBegin','Long','PercentageDiscount begin',NULL,'درصد تخفیف از',NULL,NULL,NULL,NULL,1,1,NULL,'None.',100000000,100,1,1,_binary '',_binary '\0',NULL,103),(5313,'GridListSearchField',2533,'Primitive','Mono','PercentageDiscount','PercentageDiscountEnd','Long','PercentageDiscount end',NULL,'درصد تخفیف تا',NULL,NULL,NULL,NULL,2,1,NULL,'None.',100000000,100,1,1,_binary '',_binary '\0',NULL,103),(5314,'GridListSearchField',2533,'Primitive','Mono','Enabled','Enabled','Boolean','Enabled',NULL,'فعال',NULL,NULL,NULL,NULL,3,1,NULL,'Required.',100000000,100,1,1,_binary '',_binary '\0',NULL,104),(5315,'GridListSearchField',2533,'Primitive','Mono','UiShow','UiShow','Boolean','UiShow',NULL,'نمایش در واسط گرافیکی',NULL,NULL,NULL,NULL,3,1,NULL,'Required.',100000000,100,1,1,_binary '',_binary '\0',NULL,105),(5316,'GridListSearchField',2533,'SelectEntity','Mono','SteppedDiscountAgreement','SteppedDiscountAgreement','Entity','SteppedDiscountAgreement',NULL,'تخفیف پلکانی',NULL,NULL,NULL,36,2,3,NULL,'Required.',100000000,100,1,1,_binary '',_binary '\0',NULL,106),(5317,'GridListEntity',2534,'DomainEntity','List','','DataArray','Entity','List of SteppedDiscountLevel',132,'فهرست پله تخفیف پلکانی',NULL,NULL,NULL,NULL,0,0,NULL,NULL,0,100,0,0,_binary '\0',_binary '',NULL,NULL),(5318,'GridListSearchField',2536,'SelectEntity','Mono','SteppedDiscountAgreement','SteppedDiscountAgreement','Entity','SteppedDiscountAgreement',NULL,'تخفیف پلکانی',NULL,NULL,NULL,36,0,0,NULL,NULL,0,100,0,0,_binary '\0',_binary '',NULL,106),(5319,'ViewId',2537,'Primitive','Mono','','Id','Long','SteppedDiscountLevel Id',NULL,'شناسه پله تخفیف پلکانی',NULL,NULL,NULL,NULL,0,0,NULL,NULL,0,100,0,0,_binary '\0',_binary '',NULL,NULL),(5320,'ViewEntity',2538,'DomainEntity','Mono','','Entity','Entity','SteppedDiscountLevel',132,'پله تخفیف پلکانی',NULL,NULL,NULL,NULL,0,0,NULL,NULL,0,100,0,0,_binary '\0',_binary '',NULL,NULL),(5321,'UpdateId',2541,'Primitive','Mono','Id','Id','Long','Id',NULL,'شناسه',5322,'Id',NULL,NULL,1,1,NULL,'None.',100000000,100,1,1,_binary '\0',_binary '',NULL,100),(5322,'UpdateId',2544,'Primitive','Mono','Id','Id','Long','Id',NULL,'شناسه',NULL,'Id',NULL,NULL,1,1,NULL,'None.',100000000,100,1,1,_binary '\0',_binary '',NULL,100),(5323,'UpdateField',2541,'Primitive','Mono','LowerBound','LowerBound','Long','LowerBound',NULL,'کران پایین',5324,'LowerBound',NULL,NULL,1,1,NULL,'None.',100000000,100,1,1,_binary '\0',_binary '',NULL,101),(5324,'UpdateField',2544,'Primitive','Mono','LowerBound','LowerBound','Long','LowerBound',NULL,'کران پایین',NULL,'LowerBound',NULL,NULL,1,1,NULL,'None.',100000000,100,1,1,_binary '\0',_binary '',NULL,101),(5325,'UpdateField',2541,'Primitive','Mono','UpperBound','UpperBound','Long','UpperBound',NULL,'کران بالا',5326,'UpperBound',NULL,NULL,1,1,NULL,'None.',100000000,100,1,1,_binary '\0',_binary '',NULL,102),(5326,'UpdateField',2544,'Primitive','Mono','UpperBound','UpperBound','Long','UpperBound',NULL,'کران بالا',NULL,'UpperBound',NULL,NULL,1,1,NULL,'None.',100000000,100,1,1,_binary '\0',_binary '',NULL,102),(5327,'UpdateField',2541,'Primitive','Mono','PercentageDiscount','PercentageDiscount','Long','PercentageDiscount',NULL,'درصد تخفیف',5328,'PercentageDiscount',NULL,NULL,1,1,NULL,'None.',100000000,100,1,1,_binary '\0',_binary '',NULL,103),(5328,'UpdateField',2544,'Primitive','Mono','PercentageDiscount','PercentageDiscount','Long','PercentageDiscount',NULL,'درصد تخفیف',NULL,'PercentageDiscount',NULL,NULL,1,1,NULL,'None.',100000000,100,1,1,_binary '\0',_binary '',NULL,103),(5329,'UpdateField',2541,'Primitive','Mono','Enabled','Enabled','Boolean','Enabled',NULL,'فعال',5330,'Enabled',NULL,NULL,3,1,NULL,'Required.',100000000,100,1,1,_binary '\0',_binary '',NULL,104),(5330,'UpdateField',2544,'Primitive','Mono','Enabled','Enabled','Boolean','Enabled',NULL,'فعال',NULL,'Enabled',NULL,NULL,3,1,NULL,'Required.',100000000,100,1,1,_binary '\0',_binary '',NULL,104),(5331,'UpdateField',2541,'Primitive','Mono','UiShow','UiShow','Boolean','UiShow',NULL,'نمایش در واسط گرافیکی',5332,'UiShow',NULL,NULL,3,1,NULL,'Required.',100000000,100,1,1,_binary '\0',_binary '',NULL,105),(5332,'UpdateField',2544,'Primitive','Mono','UiShow','UiShow','Boolean','UiShow',NULL,'نمایش در واسط گرافیکی',NULL,'UiShow',NULL,NULL,3,1,NULL,'Required.',100000000,100,1,1,_binary '\0',_binary '',NULL,105),(5333,'UpdateField',2541,'SelectEntity','Mono','SteppedDiscountAgreement','SteppedDiscountAgreement','Entity','SteppedDiscountAgreement',NULL,'تخفیف پلکانی',5334,'SteppedDiscountAgreement',NULL,36,2,3,NULL,'Required.',100000000,100,1,1,_binary '\0',_binary '',NULL,106),(5334,'UpdateField',2544,'SelectEntity','Mono','SteppedDiscountAgreement','SteppedDiscountAgreement','Entity','SteppedDiscountAgreement',NULL,'تخفیف پلکانی',NULL,'SteppedDiscountAgreement',NULL,36,2,3,NULL,'Required.',100000000,100,1,1,_binary '\0',_binary '',NULL,106),(5335,'UpdateResult',2542,'Primitive','Mono','','Id','Long','SteppedDiscountLevel Id',NULL,'شناسه پله تخفیف پلکانی',NULL,NULL,NULL,NULL,0,0,NULL,NULL,0,100,0,0,_binary '\0',_binary '',NULL,NULL),(5336,'UpdateId',2543,'Primitive','Mono','','Id','Long','SteppedDiscountLevel Id',NULL,'شناسه پله تخفیف پلکانی',NULL,NULL,NULL,NULL,0,0,NULL,NULL,0,100,0,0,_binary '\0',_binary '',NULL,NULL),(5337,'AddNewId',2545,'Primitive','Mono','Id','Id','Long','Id',NULL,'شناسه',5338,'Id',NULL,NULL,1,1,NULL,'None.',100000000,100,1,1,_binary '\0',_binary '',NULL,100),(5338,'AddNewId',2548,'Primitive','Mono','Id','Id','Long','Id',NULL,'شناسه',NULL,'Id',NULL,NULL,1,1,NULL,'None.',100000000,100,1,1,_binary '\0',_binary '',NULL,100),(5339,'AddNewField',2545,'Primitive','Mono','LowerBound','LowerBound','Long','LowerBound',NULL,'کران پایین',5340,'LowerBound',NULL,NULL,1,1,NULL,'None.',100000000,100,1,1,_binary '\0',_binary '',NULL,101),(5340,'AddNewField',2548,'Primitive','Mono','LowerBound','LowerBound','Long','LowerBound',NULL,'کران پایین',NULL,'LowerBound',NULL,NULL,1,1,NULL,'None.',100000000,100,1,1,_binary '\0',_binary '',NULL,101),(5341,'AddNewField',2545,'Primitive','Mono','UpperBound','UpperBound','Long','UpperBound',NULL,'کران بالا',5342,'UpperBound',NULL,NULL,1,1,NULL,'None.',100000000,100,1,1,_binary '\0',_binary '',NULL,102),(5342,'AddNewField',2548,'Primitive','Mono','UpperBound','UpperBound','Long','UpperBound',NULL,'کران بالا',NULL,'UpperBound',NULL,NULL,1,1,NULL,'None.',100000000,100,1,1,_binary '\0',_binary '',NULL,102),(5343,'AddNewField',2545,'Primitive','Mono','PercentageDiscount','PercentageDiscount','Long','PercentageDiscount',NULL,'درصد تخفیف',5344,'PercentageDiscount',NULL,NULL,1,1,NULL,'None.',100000000,100,1,1,_binary '\0',_binary '',NULL,103),(5344,'AddNewField',2548,'Primitive','Mono','PercentageDiscount','PercentageDiscount','Long','PercentageDiscount',NULL,'درصد تخفیف',NULL,'PercentageDiscount',NULL,NULL,1,1,NULL,'None.',100000000,100,1,1,_binary '\0',_binary '',NULL,103),(5345,'AddNewField',2545,'Primitive','Mono','Enabled','Enabled','Boolean','Enabled',NULL,'فعال',5346,'Enabled',NULL,NULL,3,1,NULL,'Required.',100000000,100,1,1,_binary '\0',_binary '',NULL,104),(5346,'AddNewField',2548,'Primitive','Mono','Enabled','Enabled','Boolean','Enabled',NULL,'فعال',NULL,'Enabled',NULL,NULL,3,1,NULL,'Required.',100000000,100,1,1,_binary '\0',_binary '',NULL,104),(5347,'AddNewField',2545,'Primitive','Mono','UiShow','UiShow','Boolean','UiShow',NULL,'نمایش در واسط گرافیکی',5348,'UiShow',NULL,NULL,3,1,NULL,'Required.',100000000,100,1,1,_binary '\0',_binary '',NULL,105),(5348,'AddNewField',2548,'Primitive','Mono','UiShow','UiShow','Boolean','UiShow',NULL,'نمایش در واسط گرافیکی',NULL,'UiShow',NULL,NULL,3,1,NULL,'Required.',100000000,100,1,1,_binary '\0',_binary '',NULL,105),(5349,'AddNewField',2545,'SelectEntity','Mono','SteppedDiscountAgreement','SteppedDiscountAgreement','Entity','SteppedDiscountAgreement',NULL,'تخفیف پلکانی',5350,'SteppedDiscountAgreement',NULL,36,2,3,NULL,'Required.',100000000,100,1,1,_binary '\0',_binary '',NULL,106),(5350,'AddNewField',2548,'SelectEntity','Mono','SteppedDiscountAgreement','SteppedDiscountAgreement','Entity','SteppedDiscountAgreement',NULL,'تخفیف پلکانی',NULL,'SteppedDiscountAgreement',NULL,36,2,3,NULL,'Required.',100000000,100,1,1,_binary '\0',_binary '',NULL,106),(5351,'AddNewResult',2546,'Primitive','Mono','','Id','Long','SteppedDiscountLevel Id',NULL,'شناسه پله تخفیف پلکانی',NULL,NULL,NULL,NULL,0,0,NULL,NULL,0,100,0,0,_binary '\0',_binary '',NULL,NULL),(5352,'AddNewId',2547,'Primitive','Mono','','Id','Long','SteppedDiscountLevel Id',NULL,'شناسه پله تخفیف پلکانی',NULL,NULL,NULL,NULL,0,0,NULL,NULL,0,100,0,0,_binary '\0',_binary '',NULL,NULL),(5353,'DeleteId',2549,'Primitive','Mono','','Id','Long','SteppedDiscountLevel Id',NULL,'شناسه پله تخفیف پلکانی',NULL,NULL,NULL,NULL,0,0,NULL,NULL,0,100,0,0,_binary '\0',_binary '',NULL,NULL),(5354,'DeleteResult',2550,'Primitive','Mono','','IsSuccessful','Boolean','IsSuccessful',NULL,'موفقیت آمیز بود؟',NULL,NULL,NULL,NULL,0,0,NULL,NULL,0,100,0,0,_binary '\0',_binary '',NULL,NULL),(5355,'GridListSearchField',2553,'Primitive','Mono','Id','Id','Long','Id',NULL,'شناسه',NULL,NULL,NULL,NULL,1,1,NULL,'None.',100000000,100,1,1,_binary '',_binary '\0',NULL,107),(5356,'GridListSearchField',2553,'Primitive','Mono','EnTitle','EnTitle','String','EnTitle',NULL,'عنوان انگلیسی',NULL,NULL,NULL,NULL,2,1,NULL,'Required.',100000000,100,1,1,_binary '',_binary '\0',NULL,108),(5357,'GridListSearchField',2553,'Primitive','Mono','FaTitle','FaTitle','String','FaTitle',NULL,'عنوان فارسی',NULL,NULL,NULL,NULL,2,1,NULL,'Required.',100000000,100,1,1,_binary '',_binary '\0',NULL,109),(5358,'GridListSearchField',2553,'Primitive','Mono','Enabled','Enabled','Boolean','Enabled',NULL,'فعال',NULL,NULL,NULL,NULL,3,1,NULL,'Required.',100000000,100,1,1,_binary '',_binary '\0',NULL,110),(5359,'GridListEntity',2554,'DomainEntity','List','','DataArray','Entity','List of CouponSteppedDiscountAgreement',133,'فهرست تخفیف کوپن',NULL,NULL,NULL,NULL,0,0,NULL,NULL,0,100,0,0,_binary '\0',_binary '',NULL,NULL),(5360,'ViewId',2557,'Primitive','Mono','','Id','Long','CouponSteppedDiscountAgreement Id',NULL,'شناسه تخفیف کوپن',NULL,NULL,NULL,NULL,0,0,NULL,NULL,0,100,0,0,_binary '\0',_binary '',NULL,NULL),(5361,'ViewEntity',2558,'DomainEntity','Mono','','Entity','Entity','CouponSteppedDiscountAgreement',133,'تخفیف کوپن',NULL,NULL,NULL,NULL,0,0,NULL,NULL,0,100,0,0,_binary '\0',_binary '',NULL,NULL),(5362,'UpdateId',2561,'Primitive','Mono','Id','Id','Long','Id',NULL,'شناسه',5363,'Id',NULL,NULL,1,1,NULL,'None.',100000000,100,1,1,_binary '\0',_binary '',NULL,107),(5363,'UpdateId',2564,'Primitive','Mono','Id','Id','Long','Id',NULL,'شناسه',NULL,'Id',NULL,NULL,1,1,NULL,'None.',100000000,100,1,1,_binary '\0',_binary '',NULL,107),(5364,'UpdateField',2561,'Primitive','Mono','EnTitle','EnTitle','String','EnTitle',NULL,'عنوان انگلیسی',5365,'EnTitle',NULL,NULL,2,1,NULL,'Required.',100000000,100,1,1,_binary '\0',_binary '',NULL,108),(5365,'UpdateField',2564,'Primitive','Mono','EnTitle','EnTitle','String','EnTitle',NULL,'عنوان انگلیسی',NULL,'EnTitle',NULL,NULL,2,1,NULL,'Required.',100000000,100,1,1,_binary '\0',_binary '',NULL,108),(5366,'UpdateField',2561,'Primitive','Mono','FaTitle','FaTitle','String','FaTitle',NULL,'عنوان فارسی',5367,'FaTitle',NULL,NULL,2,1,NULL,'Required.',100000000,100,1,1,_binary '\0',_binary '',NULL,109),(5367,'UpdateField',2564,'Primitive','Mono','FaTitle','FaTitle','String','FaTitle',NULL,'عنوان فارسی',NULL,'FaTitle',NULL,NULL,2,1,NULL,'Required.',100000000,100,1,1,_binary '\0',_binary '',NULL,109),(5368,'UpdateField',2561,'Primitive','Mono','Enabled','Enabled','Boolean','Enabled',NULL,'فعال',5369,'Enabled',NULL,NULL,3,1,NULL,'Required.',100000000,100,1,1,_binary '\0',_binary '',NULL,110),(5369,'UpdateField',2564,'Primitive','Mono','Enabled','Enabled','Boolean','Enabled',NULL,'فعال',NULL,'Enabled',NULL,NULL,3,1,NULL,'Required.',100000000,100,1,1,_binary '\0',_binary '',NULL,110),(5370,'UpdateResult',2562,'Primitive','Mono','','Id','Long','CouponSteppedDiscountAgreement Id',NULL,'شناسه تخفیف کوپن',NULL,NULL,NULL,NULL,0,0,NULL,NULL,0,100,0,0,_binary '\0',_binary '',NULL,NULL),(5371,'UpdateId',2563,'Primitive','Mono','','Id','Long','CouponSteppedDiscountAgreement Id',NULL,'شناسه تخفیف کوپن',NULL,NULL,NULL,NULL,0,0,NULL,NULL,0,100,0,0,_binary '\0',_binary '',NULL,NULL),(5372,'AddNewId',2565,'Primitive','Mono','Id','Id','Long','Id',NULL,'شناسه',5373,'Id',NULL,NULL,1,1,NULL,'None.',100000000,100,1,1,_binary '\0',_binary '',NULL,107),(5373,'AddNewId',2568,'Primitive','Mono','Id','Id','Long','Id',NULL,'شناسه',NULL,'Id',NULL,NULL,1,1,NULL,'None.',100000000,100,1,1,_binary '\0',_binary '',NULL,107),(5374,'AddNewField',2565,'Primitive','Mono','EnTitle','EnTitle','String','EnTitle',NULL,'عنوان انگلیسی',5375,'EnTitle',NULL,NULL,2,1,NULL,'Required.',100000000,100,1,1,_binary '\0',_binary '',NULL,108),(5375,'AddNewField',2568,'Primitive','Mono','EnTitle','EnTitle','String','EnTitle',NULL,'عنوان انگلیسی',NULL,'EnTitle',NULL,NULL,2,1,NULL,'Required.',100000000,100,1,1,_binary '\0',_binary '',NULL,108),(5376,'AddNewField',2565,'Primitive','Mono','FaTitle','FaTitle','String','FaTitle',NULL,'عنوان فارسی',5377,'FaTitle',NULL,NULL,2,1,NULL,'Required.',100000000,100,1,1,_binary '\0',_binary '',NULL,109),(5377,'AddNewField',2568,'Primitive','Mono','FaTitle','FaTitle','String','FaTitle',NULL,'عنوان فارسی',NULL,'FaTitle',NULL,NULL,2,1,NULL,'Required.',100000000,100,1,1,_binary '\0',_binary '',NULL,109),(5378,'AddNewField',2565,'Primitive','Mono','Enabled','Enabled','Boolean','Enabled',NULL,'فعال',5379,'Enabled',NULL,NULL,3,1,NULL,'Required.',100000000,100,1,1,_binary '\0',_binary '',NULL,110),(5379,'AddNewField',2568,'Primitive','Mono','Enabled','Enabled','Boolean','Enabled',NULL,'فعال',NULL,'Enabled',NULL,NULL,3,1,NULL,'Required.',100000000,100,1,1,_binary '\0',_binary '',NULL,110),(5380,'AddNewResult',2566,'Primitive','Mono','','Id','Long','CouponSteppedDiscountAgreement Id',NULL,'شناسه تخفیف کوپن',NULL,NULL,NULL,NULL,0,0,NULL,NULL,0,100,0,0,_binary '\0',_binary '',NULL,NULL),(5381,'AddNewId',2567,'Primitive','Mono','','Id','Long','CouponSteppedDiscountAgreement Id',NULL,'شناسه تخفیف کوپن',NULL,NULL,NULL,NULL,0,0,NULL,NULL,0,100,0,0,_binary '\0',_binary '',NULL,NULL),(5382,'DeleteId',2569,'Primitive','Mono','','Id','Long','CouponSteppedDiscountAgreement Id',NULL,'شناسه تخفیف کوپن',NULL,NULL,NULL,NULL,0,0,NULL,NULL,0,100,0,0,_binary '\0',_binary '',NULL,NULL),(5383,'DeleteResult',2570,'Primitive','Mono','','IsSuccessful','Boolean','IsSuccessful',NULL,'موفقیت آمیز بود؟',NULL,NULL,NULL,NULL,0,0,NULL,NULL,0,100,0,0,_binary '\0',_binary '',NULL,NULL),(5384,'GridListSearchField',2573,'Primitive','Mono','Id','Id','Long','Id',NULL,'شناسه',NULL,NULL,NULL,NULL,1,1,NULL,'None.',100000000,100,1,1,_binary '',_binary '\0',NULL,111),(5385,'GridListSearchField',2573,'Primitive','Mono','LowerBound','LowerBoundBegin','Long','LowerBound begin',NULL,'کران پایین از',NULL,NULL,NULL,NULL,1,1,NULL,'None.',100000000,100,1,1,_binary '',_binary '\0',NULL,112),(5386,'GridListSearchField',2573,'Primitive','Mono','LowerBound','LowerBoundEnd','Long','LowerBound end',NULL,'کران پایین تا',NULL,NULL,NULL,NULL,2,1,NULL,'None.',100000000,100,1,1,_binary '',_binary '\0',NULL,112),(5387,'GridListSearchField',2573,'Primitive','Mono','UpperBound','UpperBoundBegin','Long','UpperBound begin',NULL,'کران بالا از',NULL,NULL,NULL,NULL,1,1,NULL,'None.',100000000,100,1,1,_binary '',_binary '\0',NULL,113),(5388,'GridListSearchField',2573,'Primitive','Mono','UpperBound','UpperBoundEnd','Long','UpperBound end',NULL,'کران بالا تا',NULL,NULL,NULL,NULL,2,1,NULL,'None.',100000000,100,1,1,_binary '',_binary '\0',NULL,113),(5389,'GridListSearchField',2573,'Primitive','Mono','PercentageDiscount','PercentageDiscountBegin','Long','PercentageDiscount begin',NULL,'درصد تخفیف از',NULL,NULL,NULL,NULL,1,1,NULL,'None.',100000000,100,1,1,_binary '',_binary '\0',NULL,114),(5390,'GridListSearchField',2573,'Primitive','Mono','PercentageDiscount','PercentageDiscountEnd','Long','PercentageDiscount end',NULL,'درصد تخفیف تا',NULL,NULL,NULL,NULL,2,1,NULL,'None.',100000000,100,1,1,_binary '',_binary '\0',NULL,114),(5391,'GridListSearchField',2573,'Primitive','Mono','Enabled','Enabled','Boolean','Enabled',NULL,'فعال',NULL,NULL,NULL,NULL,3,1,NULL,'Required.',100000000,100,1,1,_binary '',_binary '\0',NULL,115),(5392,'GridListSearchField',2573,'SelectEntity','Mono','CouponSteppedDiscountAgreement','CouponSteppedDiscountAgreement','Entity','CouponSteppedDiscountAgreement',NULL,'تخفیف کوپن',NULL,NULL,NULL,38,2,3,NULL,'Required.',100000000,100,1,1,_binary '',_binary '\0',NULL,116),(5393,'GridListEntity',2574,'DomainEntity','List','','DataArray','Entity','List of CouponSteppedDiscountLevel',134,'فهرست پله تخفیف کوپن',NULL,NULL,NULL,NULL,0,0,NULL,NULL,0,100,0,0,_binary '\0',_binary '',NULL,NULL),(5394,'GridListSearchField',2576,'SelectEntity','Mono','CouponSteppedDiscountAgreement','CouponSteppedDiscountAgreement','Entity','CouponSteppedDiscountAgreement',NULL,'تخفیف کوپن',NULL,NULL,NULL,38,0,0,NULL,NULL,0,100,0,0,_binary '\0',_binary '',NULL,116),(5395,'ViewId',2577,'Primitive','Mono','','Id','Long','CouponSteppedDiscountLevel Id',NULL,'شناسه پله تخفیف کوپن',NULL,NULL,NULL,NULL,0,0,NULL,NULL,0,100,0,0,_binary '\0',_binary '',NULL,NULL),(5396,'ViewEntity',2578,'DomainEntity','Mono','','Entity','Entity','CouponSteppedDiscountLevel',134,'پله تخفیف کوپن',NULL,NULL,NULL,NULL,0,0,NULL,NULL,0,100,0,0,_binary '\0',_binary '',NULL,NULL),(5397,'UpdateId',2581,'Primitive','Mono','Id','Id','Long','Id',NULL,'شناسه',5398,'Id',NULL,NULL,1,1,NULL,'None.',100000000,100,1,1,_binary '\0',_binary '',NULL,111),(5398,'UpdateId',2584,'Primitive','Mono','Id','Id','Long','Id',NULL,'شناسه',NULL,'Id',NULL,NULL,1,1,NULL,'None.',100000000,100,1,1,_binary '\0',_binary '',NULL,111),(5399,'UpdateField',2581,'Primitive','Mono','LowerBound','LowerBound','Long','LowerBound',NULL,'کران پایین',5400,'LowerBound',NULL,NULL,1,1,NULL,'None.',100000000,100,1,1,_binary '\0',_binary '',NULL,112),(5400,'UpdateField',2584,'Primitive','Mono','LowerBound','LowerBound','Long','LowerBound',NULL,'کران پایین',NULL,'LowerBound',NULL,NULL,1,1,NULL,'None.',100000000,100,1,1,_binary '\0',_binary '',NULL,112),(5401,'UpdateField',2581,'Primitive','Mono','UpperBound','UpperBound','Long','UpperBound',NULL,'کران بالا',5402,'UpperBound',NULL,NULL,1,1,NULL,'None.',100000000,100,1,1,_binary '\0',_binary '',NULL,113),(5402,'UpdateField',2584,'Primitive','Mono','UpperBound','UpperBound','Long','UpperBound',NULL,'کران بالا',NULL,'UpperBound',NULL,NULL,1,1,NULL,'None.',100000000,100,1,1,_binary '\0',_binary '',NULL,113),(5403,'UpdateField',2581,'Primitive','Mono','PercentageDiscount','PercentageDiscount','Long','PercentageDiscount',NULL,'درصد تخفیف',5404,'PercentageDiscount',NULL,NULL,1,1,NULL,'None.',100000000,100,1,1,_binary '\0',_binary '',NULL,114),(5404,'UpdateField',2584,'Primitive','Mono','PercentageDiscount','PercentageDiscount','Long','PercentageDiscount',NULL,'درصد تخفیف',NULL,'PercentageDiscount',NULL,NULL,1,1,NULL,'None.',100000000,100,1,1,_binary '\0',_binary '',NULL,114),(5405,'UpdateField',2581,'Primitive','Mono','Enabled','Enabled','Boolean','Enabled',NULL,'فعال',5406,'Enabled',NULL,NULL,3,1,NULL,'Required.',100000000,100,1,1,_binary '\0',_binary '',NULL,115),(5406,'UpdateField',2584,'Primitive','Mono','Enabled','Enabled','Boolean','Enabled',NULL,'فعال',NULL,'Enabled',NULL,NULL,3,1,NULL,'Required.',100000000,100,1,1,_binary '\0',_binary '',NULL,115),(5407,'UpdateField',2581,'SelectEntity','Mono','CouponSteppedDiscountAgreement','CouponSteppedDiscountAgreement','Entity','CouponSteppedDiscountAgreement',NULL,'تخفیف کوپن',5408,'CouponSteppedDiscountAgreement',NULL,38,2,3,NULL,'Required.',100000000,100,1,1,_binary '\0',_binary '',NULL,116),(5408,'UpdateField',2584,'SelectEntity','Mono','CouponSteppedDiscountAgreement','CouponSteppedDiscountAgreement','Entity','CouponSteppedDiscountAgreement',NULL,'تخفیف کوپن',NULL,'CouponSteppedDiscountAgreement',NULL,38,2,3,NULL,'Required.',100000000,100,1,1,_binary '\0',_binary '',NULL,116),(5409,'UpdateResult',2582,'Primitive','Mono','','Id','Long','CouponSteppedDiscountLevel Id',NULL,'شناسه پله تخفیف کوپن',NULL,NULL,NULL,NULL,0,0,NULL,NULL,0,100,0,0,_binary '\0',_binary '',NULL,NULL),(5410,'UpdateId',2583,'Primitive','Mono','','Id','Long','CouponSteppedDiscountLevel Id',NULL,'شناسه پله تخفیف کوپن',NULL,NULL,NULL,NULL,0,0,NULL,NULL,0,100,0,0,_binary '\0',_binary '',NULL,NULL),(5411,'AddNewId',2585,'Primitive','Mono','Id','Id','Long','Id',NULL,'شناسه',5412,'Id',NULL,NULL,1,1,NULL,'None.',100000000,100,1,1,_binary '\0',_binary '',NULL,111),(5412,'AddNewId',2588,'Primitive','Mono','Id','Id','Long','Id',NULL,'شناسه',NULL,'Id',NULL,NULL,1,1,NULL,'None.',100000000,100,1,1,_binary '\0',_binary '',NULL,111),(5413,'AddNewField',2585,'Primitive','Mono','LowerBound','LowerBound','Long','LowerBound',NULL,'کران پایین',5414,'LowerBound',NULL,NULL,1,1,NULL,'None.',100000000,100,1,1,_binary '\0',_binary '',NULL,112),(5414,'AddNewField',2588,'Primitive','Mono','LowerBound','LowerBound','Long','LowerBound',NULL,'کران پایین',NULL,'LowerBound',NULL,NULL,1,1,NULL,'None.',100000000,100,1,1,_binary '\0',_binary '',NULL,112),(5415,'AddNewField',2585,'Primitive','Mono','UpperBound','UpperBound','Long','UpperBound',NULL,'کران بالا',5416,'UpperBound',NULL,NULL,1,1,NULL,'None.',100000000,100,1,1,_binary '\0',_binary '',NULL,113),(5416,'AddNewField',2588,'Primitive','Mono','UpperBound','UpperBound','Long','UpperBound',NULL,'کران بالا',NULL,'UpperBound',NULL,NULL,1,1,NULL,'None.',100000000,100,1,1,_binary '\0',_binary '',NULL,113),(5417,'AddNewField',2585,'Primitive','Mono','PercentageDiscount','PercentageDiscount','Long','PercentageDiscount',NULL,'درصد تخفیف',5418,'PercentageDiscount',NULL,NULL,1,1,NULL,'None.',100000000,100,1,1,_binary '\0',_binary '',NULL,114),(5418,'AddNewField',2588,'Primitive','Mono','PercentageDiscount','PercentageDiscount','Long','PercentageDiscount',NULL,'درصد تخفیف',NULL,'PercentageDiscount',NULL,NULL,1,1,NULL,'None.',100000000,100,1,1,_binary '\0',_binary '',NULL,114),(5419,'AddNewField',2585,'Primitive','Mono','Enabled','Enabled','Boolean','Enabled',NULL,'فعال',5420,'Enabled',NULL,NULL,3,1,NULL,'Required.',100000000,100,1,1,_binary '\0',_binary '',NULL,115),(5420,'AddNewField',2588,'Primitive','Mono','Enabled','Enabled','Boolean','Enabled',NULL,'فعال',NULL,'Enabled',NULL,NULL,3,1,NULL,'Required.',100000000,100,1,1,_binary '\0',_binary '',NULL,115),(5421,'AddNewField',2585,'SelectEntity','Mono','CouponSteppedDiscountAgreement','CouponSteppedDiscountAgreement','Entity','CouponSteppedDiscountAgreement',NULL,'تخفیف کوپن',5422,'CouponSteppedDiscountAgreement',NULL,38,2,3,NULL,'Required.',100000000,100,1,1,_binary '\0',_binary '',NULL,116),(5422,'AddNewField',2588,'SelectEntity','Mono','CouponSteppedDiscountAgreement','CouponSteppedDiscountAgreement','Entity','CouponSteppedDiscountAgreement',NULL,'تخفیف کوپن',NULL,'CouponSteppedDiscountAgreement',NULL,38,2,3,NULL,'Required.',100000000,100,1,1,_binary '\0',_binary '',NULL,116),(5423,'AddNewResult',2586,'Primitive','Mono','','Id','Long','CouponSteppedDiscountLevel Id',NULL,'شناسه پله تخفیف کوپن',NULL,NULL,NULL,NULL,0,0,NULL,NULL,0,100,0,0,_binary '\0',_binary '',NULL,NULL),(5424,'AddNewId',2587,'Primitive','Mono','','Id','Long','CouponSteppedDiscountLevel Id',NULL,'شناسه پله تخفیف کوپن',NULL,NULL,NULL,NULL,0,0,NULL,NULL,0,100,0,0,_binary '\0',_binary '',NULL,NULL),(5425,'DeleteId',2589,'Primitive','Mono','','Id','Long','CouponSteppedDiscountLevel Id',NULL,'شناسه پله تخفیف کوپن',NULL,NULL,NULL,NULL,0,0,NULL,NULL,0,100,0,0,_binary '\0',_binary '',NULL,NULL),(5426,'DeleteResult',2590,'Primitive','Mono','','IsSuccessful','Boolean','IsSuccessful',NULL,'موفقیت آمیز بود؟',NULL,NULL,NULL,NULL,0,0,NULL,NULL,0,100,0,0,_binary '\0',_binary '',NULL,NULL),(5427,'GridListSearchField',2593,'Primitive','Mono','Id','Id','Long','Id',NULL,'شناسه',NULL,NULL,NULL,NULL,1,1,NULL,'None.',100000000,100,1,1,_binary '',_binary '\0',NULL,117),(5428,'GridListSearchField',2593,'Primitive','Mono','FirstName','FirstName','String','FirstName',NULL,'نام انگلیسی',NULL,NULL,NULL,NULL,2,1,NULL,'Required.',100000000,100,1,1,_binary '',_binary '\0',NULL,118),(5429,'GridListSearchField',2593,'Primitive','Mono','LastName','LastName','String','LastName',NULL,'نام خانوادگی انگلیسی',NULL,NULL,NULL,NULL,2,1,NULL,'Required.',100000000,100,1,1,_binary '',_binary '\0',NULL,119),(5430,'GridListSearchField',2593,'Primitive','Mono','FaFirstName','FaFirstName','String','FaFirstName',NULL,'نام فارسی',NULL,NULL,NULL,NULL,2,1,NULL,'Required.',100000000,100,1,1,_binary '',_binary '\0',NULL,120),(5431,'GridListSearchField',2593,'Primitive','Mono','FaLastName','FaLastName','String','FaLastName',NULL,'نام خانوادگی فارسی',NULL,NULL,NULL,NULL,2,1,NULL,'Required.',100000000,100,1,1,_binary '',_binary '\0',NULL,121),(5432,'GridListSearchField',2593,'Primitive','Mono','Username','Username','String','Username',NULL,'نام کاربری',NULL,NULL,NULL,NULL,2,1,NULL,'Required.',100000000,100,1,1,_binary '',_binary '\0',NULL,122),(5433,'GridListEntity',2594,'DomainEntity','List','','DataArray','Entity','List of User',135,'فهرست کاربر',NULL,NULL,NULL,NULL,0,0,NULL,NULL,0,100,0,0,_binary '\0',_binary '',NULL,NULL),(5434,'ViewId',2597,'Primitive','Mono','','Id','Long','User Id',NULL,'شناسه کاربر',NULL,NULL,NULL,NULL,0,0,NULL,NULL,0,100,0,0,_binary '\0',_binary '',NULL,NULL),(5435,'ViewEntity',2598,'DomainEntity','Mono','','Entity','Entity','User',135,'کاربر',NULL,NULL,NULL,NULL,0,0,NULL,NULL,0,100,0,0,_binary '\0',_binary '',NULL,NULL),(5436,'UpdateId',2601,'Primitive','Mono','Id','Id','Long','Id',NULL,'شناسه',5437,'Id',NULL,NULL,1,1,NULL,'None.',100000000,100,1,1,_binary '\0',_binary '',NULL,117),(5437,'UpdateId',2604,'Primitive','Mono','Id','Id','Long','Id',NULL,'شناسه',NULL,'Id',NULL,NULL,1,1,NULL,'None.',100000000,100,1,1,_binary '\0',_binary '',NULL,117),(5438,'UpdateField',2601,'Primitive','Mono','FirstName','FirstName','String','FirstName',NULL,'نام انگلیسی',5439,'FirstName',NULL,NULL,2,1,NULL,'Required.',100000000,100,1,1,_binary '\0',_binary '',NULL,118),(5439,'UpdateField',2604,'Primitive','Mono','FirstName','FirstName','String','FirstName',NULL,'نام انگلیسی',NULL,'FirstName',NULL,NULL,2,1,NULL,'Required.',100000000,100,1,1,_binary '\0',_binary '',NULL,118),(5440,'UpdateField',2601,'Primitive','Mono','LastName','LastName','String','LastName',NULL,'نام خانوادگی انگلیسی',5441,'LastName',NULL,NULL,2,1,NULL,'Required.',100000000,100,1,1,_binary '\0',_binary '',NULL,119),(5441,'UpdateField',2604,'Primitive','Mono','LastName','LastName','String','LastName',NULL,'نام خانوادگی انگلیسی',NULL,'LastName',NULL,NULL,2,1,NULL,'Required.',100000000,100,1,1,_binary '\0',_binary '',NULL,119),(5442,'UpdateField',2601,'Primitive','Mono','FaFirstName','FaFirstName','String','FaFirstName',NULL,'نام فارسی',5443,'FaFirstName',NULL,NULL,2,1,NULL,'Required.',100000000,100,1,1,_binary '\0',_binary '',NULL,120),(5443,'UpdateField',2604,'Primitive','Mono','FaFirstName','FaFirstName','String','FaFirstName',NULL,'نام فارسی',NULL,'FaFirstName',NULL,NULL,2,1,NULL,'Required.',100000000,100,1,1,_binary '\0',_binary '',NULL,120),(5444,'UpdateField',2601,'Primitive','Mono','FaLastName','FaLastName','String','FaLastName',NULL,'نام خانوادگی فارسی',5445,'FaLastName',NULL,NULL,2,1,NULL,'Required.',100000000,100,1,1,_binary '\0',_binary '',NULL,121),(5445,'UpdateField',2604,'Primitive','Mono','FaLastName','FaLastName','String','FaLastName',NULL,'نام خانوادگی فارسی',NULL,'FaLastName',NULL,NULL,2,1,NULL,'Required.',100000000,100,1,1,_binary '\0',_binary '',NULL,121),(5446,'UpdateField',2601,'Primitive','Mono','Username','Username','String','Username',NULL,'نام کاربری',5447,'Username',NULL,NULL,2,1,NULL,'Required.',100000000,100,1,1,_binary '\0',_binary '',NULL,122),(5447,'UpdateField',2604,'Primitive','Mono','Username','Username','String','Username',NULL,'نام کاربری',NULL,'Username',NULL,NULL,2,1,NULL,'Required.',100000000,100,1,1,_binary '\0',_binary '',NULL,122),(5448,'UpdateResult',2602,'Primitive','Mono','','Id','Long','User Id',NULL,'شناسه کاربر',NULL,NULL,NULL,NULL,0,0,NULL,NULL,0,100,0,0,_binary '\0',_binary '',NULL,NULL),(5449,'UpdateId',2603,'Primitive','Mono','','Id','Long','User Id',NULL,'شناسه کاربر',NULL,NULL,NULL,NULL,0,0,NULL,NULL,0,100,0,0,_binary '\0',_binary '',NULL,NULL),(5450,'AddNewId',2605,'Primitive','Mono','Id','Id','Long','Id',NULL,'شناسه',5451,'Id',NULL,NULL,1,1,NULL,'None.',100000000,100,1,1,_binary '\0',_binary '',NULL,117),(5451,'AddNewId',2608,'Primitive','Mono','Id','Id','Long','Id',NULL,'شناسه',NULL,'Id',NULL,NULL,1,1,NULL,'None.',100000000,100,1,1,_binary '\0',_binary '',NULL,117),(5452,'AddNewField',2605,'Primitive','Mono','FirstName','FirstName','String','FirstName',NULL,'نام انگلیسی',5453,'FirstName',NULL,NULL,2,1,NULL,'Required.',100000000,100,1,1,_binary '\0',_binary '',NULL,118),(5453,'AddNewField',2608,'Primitive','Mono','FirstName','FirstName','String','FirstName',NULL,'نام انگلیسی',NULL,'FirstName',NULL,NULL,2,1,NULL,'Required.',100000000,100,1,1,_binary '\0',_binary '',NULL,118),(5454,'AddNewField',2605,'Primitive','Mono','LastName','LastName','String','LastName',NULL,'نام خانوادگی انگلیسی',5455,'LastName',NULL,NULL,2,1,NULL,'Required.',100000000,100,1,1,_binary '\0',_binary '',NULL,119),(5455,'AddNewField',2608,'Primitive','Mono','LastName','LastName','String','LastName',NULL,'نام خانوادگی انگلیسی',NULL,'LastName',NULL,NULL,2,1,NULL,'Required.',100000000,100,1,1,_binary '\0',_binary '',NULL,119),(5456,'AddNewField',2605,'Primitive','Mono','FaFirstName','FaFirstName','String','FaFirstName',NULL,'نام فارسی',5457,'FaFirstName',NULL,NULL,2,1,NULL,'Required.',100000000,100,1,1,_binary '\0',_binary '',NULL,120),(5457,'AddNewField',2608,'Primitive','Mono','FaFirstName','FaFirstName','String','FaFirstName',NULL,'نام فارسی',NULL,'FaFirstName',NULL,NULL,2,1,NULL,'Required.',100000000,100,1,1,_binary '\0',_binary '',NULL,120),(5458,'AddNewField',2605,'Primitive','Mono','FaLastName','FaLastName','String','FaLastName',NULL,'نام خانوادگی فارسی',5459,'FaLastName',NULL,NULL,2,1,NULL,'Required.',100000000,100,1,1,_binary '\0',_binary '',NULL,121),(5459,'AddNewField',2608,'Primitive','Mono','FaLastName','FaLastName','String','FaLastName',NULL,'نام خانوادگی فارسی',NULL,'FaLastName',NULL,NULL,2,1,NULL,'Required.',100000000,100,1,1,_binary '\0',_binary '',NULL,121),(5460,'AddNewField',2605,'Primitive','Mono','Username','Username','String','Username',NULL,'نام کاربری',5461,'Username',NULL,NULL,2,1,NULL,'Required.',100000000,100,1,1,_binary '\0',_binary '',NULL,122),(5461,'AddNewField',2608,'Primitive','Mono','Username','Username','String','Username',NULL,'نام کاربری',NULL,'Username',NULL,NULL,2,1,NULL,'Required.',100000000,100,1,1,_binary '\0',_binary '',NULL,122),(5462,'AddNewResult',2606,'Primitive','Mono','','Id','Long','User Id',NULL,'شناسه کاربر',NULL,NULL,NULL,NULL,0,0,NULL,NULL,0,100,0,0,_binary '\0',_binary '',NULL,NULL),(5463,'AddNewId',2607,'Primitive','Mono','','Id','Long','User Id',NULL,'شناسه کاربر',NULL,NULL,NULL,NULL,0,0,NULL,NULL,0,100,0,0,_binary '\0',_binary '',NULL,NULL),(5464,'DeleteId',2609,'Primitive','Mono','','Id','Long','User Id',NULL,'شناسه کاربر',NULL,NULL,NULL,NULL,0,0,NULL,NULL,0,100,0,0,_binary '\0',_binary '',NULL,NULL),(5465,'DeleteResult',2610,'Primitive','Mono','','IsSuccessful','Boolean','IsSuccessful',NULL,'موفقیت آمیز بود؟',NULL,NULL,NULL,NULL,0,0,NULL,NULL,0,100,0,0,_binary '\0',_binary '',NULL,NULL),(5466,'GridListSearchField',2613,'Primitive','Mono','Id','Id','Long','Id',NULL,'شناسه',NULL,NULL,NULL,NULL,1,1,NULL,'None.',100000000,100,1,1,_binary '',_binary '\0',NULL,123),(5467,'GridListSearchField',2613,'Primitive','Mono','Code','Code','String','Code',NULL,'کد',NULL,NULL,NULL,NULL,2,1,NULL,'Required.',100000000,100,1,1,_binary '',_binary '\0',NULL,124),(5468,'GridListSearchField',2613,'Primitive','Mono','EnTitle','EnTitle','String','EnTitle',NULL,'عنوان انگلیسی',NULL,NULL,NULL,NULL,2,1,NULL,'Required.',100000000,100,1,1,_binary '',_binary '\0',NULL,125),(5469,'GridListSearchField',2613,'Primitive','Mono','FaTitle','FaTitle','String','FaTitle',NULL,'عنوان فارسی',NULL,NULL,NULL,NULL,2,1,NULL,'Required.',100000000,100,1,1,_binary '',_binary '\0',NULL,126),(5470,'GridListEntity',2614,'DomainEntity','List','','DataArray','Entity','List of Currency',136,'فهرست واحد پول',NULL,NULL,NULL,NULL,0,0,NULL,NULL,0,100,0,0,_binary '\0',_binary '',NULL,NULL),(5471,'ViewId',2617,'Primitive','Mono','','Id','Long','Currency Id',NULL,'شناسه واحد پول',NULL,NULL,NULL,NULL,0,0,NULL,NULL,0,100,0,0,_binary '\0',_binary '',NULL,NULL),(5472,'ViewEntity',2618,'DomainEntity','Mono','','Entity','Entity','Currency',136,'واحد پول',NULL,NULL,NULL,NULL,0,0,NULL,NULL,0,100,0,0,_binary '\0',_binary '',NULL,NULL),(5473,'UpdateId',2621,'Primitive','Mono','Id','Id','Long','Id',NULL,'شناسه',5474,'Id',NULL,NULL,1,1,NULL,'None.',100000000,100,1,1,_binary '\0',_binary '',NULL,123),(5474,'UpdateId',2624,'Primitive','Mono','Id','Id','Long','Id',NULL,'شناسه',NULL,'Id',NULL,NULL,1,1,NULL,'None.',100000000,100,1,1,_binary '\0',_binary '',NULL,123),(5475,'UpdateField',2621,'Primitive','Mono','Code','Code','String','Code',NULL,'کد',5476,'Code',NULL,NULL,2,1,NULL,'Required.',100000000,100,1,1,_binary '\0',_binary '',NULL,124),(5476,'UpdateField',2624,'Primitive','Mono','Code','Code','String','Code',NULL,'کد',NULL,'Code',NULL,NULL,2,1,NULL,'Required.',100000000,100,1,1,_binary '\0',_binary '',NULL,124),(5477,'UpdateField',2621,'Primitive','Mono','EnTitle','EnTitle','String','EnTitle',NULL,'عنوان انگلیسی',5478,'EnTitle',NULL,NULL,2,1,NULL,'Required.',100000000,100,1,1,_binary '\0',_binary '',NULL,125),(5478,'UpdateField',2624,'Primitive','Mono','EnTitle','EnTitle','String','EnTitle',NULL,'عنوان انگلیسی',NULL,'EnTitle',NULL,NULL,2,1,NULL,'Required.',100000000,100,1,1,_binary '\0',_binary '',NULL,125),(5479,'UpdateField',2621,'Primitive','Mono','FaTitle','FaTitle','String','FaTitle',NULL,'عنوان فارسی',5480,'FaTitle',NULL,NULL,2,1,NULL,'Required.',100000000,100,1,1,_binary '\0',_binary '',NULL,126),(5480,'UpdateField',2624,'Primitive','Mono','FaTitle','FaTitle','String','FaTitle',NULL,'عنوان فارسی',NULL,'FaTitle',NULL,NULL,2,1,NULL,'Required.',100000000,100,1,1,_binary '\0',_binary '',NULL,126),(5481,'UpdateResult',2622,'Primitive','Mono','','Id','Long','Currency Id',NULL,'شناسه واحد پول',NULL,NULL,NULL,NULL,0,0,NULL,NULL,0,100,0,0,_binary '\0',_binary '',NULL,NULL),(5482,'UpdateId',2623,'Primitive','Mono','','Id','Long','Currency Id',NULL,'شناسه واحد پول',NULL,NULL,NULL,NULL,0,0,NULL,NULL,0,100,0,0,_binary '\0',_binary '',NULL,NULL),(5483,'AddNewId',2625,'Primitive','Mono','Id','Id','Long','Id',NULL,'شناسه',5484,'Id',NULL,NULL,1,1,NULL,'None.',100000000,100,1,1,_binary '\0',_binary '',NULL,123),(5484,'AddNewId',2628,'Primitive','Mono','Id','Id','Long','Id',NULL,'شناسه',NULL,'Id',NULL,NULL,1,1,NULL,'None.',100000000,100,1,1,_binary '\0',_binary '',NULL,123),(5485,'AddNewField',2625,'Primitive','Mono','Code','Code','String','Code',NULL,'کد',5486,'Code',NULL,NULL,2,1,NULL,'Required.',100000000,100,1,1,_binary '\0',_binary '',NULL,124),(5486,'AddNewField',2628,'Primitive','Mono','Code','Code','String','Code',NULL,'کد',NULL,'Code',NULL,NULL,2,1,NULL,'Required.',100000000,100,1,1,_binary '\0',_binary '',NULL,124),(5487,'AddNewField',2625,'Primitive','Mono','EnTitle','EnTitle','String','EnTitle',NULL,'عنوان انگلیسی',5488,'EnTitle',NULL,NULL,2,1,NULL,'Required.',100000000,100,1,1,_binary '\0',_binary '',NULL,125),(5488,'AddNewField',2628,'Primitive','Mono','EnTitle','EnTitle','String','EnTitle',NULL,'عنوان انگلیسی',NULL,'EnTitle',NULL,NULL,2,1,NULL,'Required.',100000000,100,1,1,_binary '\0',_binary '',NULL,125),(5489,'AddNewField',2625,'Primitive','Mono','FaTitle','FaTitle','String','FaTitle',NULL,'عنوان فارسی',5490,'FaTitle',NULL,NULL,2,1,NULL,'Required.',100000000,100,1,1,_binary '\0',_binary '',NULL,126),(5490,'AddNewField',2628,'Primitive','Mono','FaTitle','FaTitle','String','FaTitle',NULL,'عنوان فارسی',NULL,'FaTitle',NULL,NULL,2,1,NULL,'Required.',100000000,100,1,1,_binary '\0',_binary '',NULL,126),(5491,'AddNewResult',2626,'Primitive','Mono','','Id','Long','Currency Id',NULL,'شناسه واحد پول',NULL,NULL,NULL,NULL,0,0,NULL,NULL,0,100,0,0,_binary '\0',_binary '',NULL,NULL),(5492,'AddNewId',2627,'Primitive','Mono','','Id','Long','Currency Id',NULL,'شناسه واحد پول',NULL,NULL,NULL,NULL,0,0,NULL,NULL,0,100,0,0,_binary '\0',_binary '',NULL,NULL),(5493,'DeleteId',2629,'Primitive','Mono','','Id','Long','Currency Id',NULL,'شناسه واحد پول',NULL,NULL,NULL,NULL,0,0,NULL,NULL,0,100,0,0,_binary '\0',_binary '',NULL,NULL),(5494,'DeleteResult',2630,'Primitive','Mono','','IsSuccessful','Boolean','IsSuccessful',NULL,'موفقیت آمیز بود؟',NULL,NULL,NULL,NULL,0,0,NULL,NULL,0,100,0,0,_binary '\0',_binary '',NULL,NULL);
/*!40000 ALTER TABLE `use_case_data_attribute` ENABLE KEYS */;
UNLOCK TABLES;

--
-- Table structure for table `use_case_relation`
--

DROP TABLE IF EXISTS `use_case_relation`;
/*!40101 SET @saved_cs_client     = @@character_set_client */;
/*!50503 SET character_set_client = utf8mb4 */;
CREATE TABLE `use_case_relation` (
  `id` bigint(20) NOT NULL AUTO_INCREMENT,
  `frontend_action_type` varchar(255) NOT NULL,
  `name` varchar(255) NOT NULL,
  `relation_context` varchar(255) NOT NULL,
  `destination_id` bigint(20) NOT NULL,
  `source_id` bigint(20) NOT NULL,
  `fa_title` varchar(255) NOT NULL,
  `title` varchar(255) NOT NULL,
  `crud_code_generation_id` bigint(20) DEFAULT NULL,
  PRIMARY KEY (`id`),
  KEY `FKg5mci3llippakpxp3l8wnov7k` (`destination_id`),
  KEY `FKqthrpwf7wesfd7o909gy0dkr9` (`source_id`),
  KEY `FKbyo2i7smuywpfcw72sowaqhpq` (`crud_code_generation_id`),
  CONSTRAINT `FKbyo2i7smuywpfcw72sowaqhpq` FOREIGN KEY (`crud_code_generation_id`) REFERENCES `crud_code_generation` (`id`),
  CONSTRAINT `FKg5mci3llippakpxp3l8wnov7k` FOREIGN KEY (`destination_id`) REFERENCES `use_case` (`id`),
  CONSTRAINT `FKqthrpwf7wesfd7o909gy0dkr9` FOREIGN KEY (`source_id`) REFERENCES `use_case` (`id`)
) ENGINE=InnoDB AUTO_INCREMENT=489 DEFAULT CHARSET=utf8;
/*!40101 SET character_set_client = @saved_cs_client */;

--
-- Dumping data for table `use_case_relation`
--

LOCK TABLES `use_case_relation` WRITE;
/*!40000 ALTER TABLE `use_case_relation` DISABLE KEYS */;
INSERT INTO `use_case_relation` VALUES (1,'PopupForm','ViewContract','Frontend',2,1,'نمایش','View',NULL),(2,'PopupForm','EditContract','Frontend',3,2,'ویرایش','Edit',NULL),(3,'PopupForm','ViewDeposit','Frontend',5,4,'نمایش','View',NULL),(4,'PopupForm','AddNewDeposit','Frontend',7,4,'ثبت سند واریزی','Add New Deposit',NULL),(5,'PopupForm','EditDeposit','Frontend',6,5,'ویرایش','Edit Deposit',NULL),(6,'PopupForm','DeleteDeposit','Frontend',8,5,'حذف سند واریزی','Delete Deposit',NULL),(7,'PopupForm','ViewCheque','Frontend',10,9,'نمایش','View Cheque',NULL),(8,'PopupForm','AddNewCheque','Frontend',12,9,'ثبت سند چک دریافتی','Add New Cheque',NULL),(9,'PopupForm','EditCheque','Frontend',11,10,'ویرایش','Edit Cheque',NULL),(10,'PopupForm','DeleteCheque','Frontend',13,10,'حذف چک دریافتی','Delete Cheque',NULL),(11,'PopupForm','ViewDraftInvoice','Frontend',16,15,'نمایش','View DraftInvoice',NULL),(12,'PopupForm','AddNewDraftInvoice','Frontend',18,15,'ثبت پیش فاکتور','Add New Draft Invoice',NULL),(13,'PopupForm','EditDraftInvoice','Frontend',17,16,'ویرایش','Edit Draft Invoice',NULL),(14,'PopupForm','DeleteDraftInvoice','Frontend',19,16,'حذف پیش فاکتور','Delete Draft Invoice',NULL),(15,'PopupForm','ViewSoftware','Frontend',21,20,'نمایش','View Software',NULL),(16,'PopupForm','AddNewSoftware','Frontend',23,20,'ثبت نرم افزار','AddNew Software',NULL),(17,'PopupForm','EditSoftware','Frontend',22,21,'ویرایش','Edit Software',NULL),(18,'PopupForm','DeleteSoftware','Frontend',24,21,'حذف نرم افزار','Delete Software',NULL),(19,'PopupForm','ViewUseCaseDataAttribute','Frontend',26,25,'نمایش','View Use Case Data Attribute',NULL),(20,'PopupForm','UpdateUseCaseDataAttribute','Frontend',27,26,'ویرایش','Update Use Case Data Attribute',NULL),(21,'PopupForm','AddNewUseCaseDataAttribute','Frontend',28,25,'افزودن صفت داده مورد کاربری','Add New Use Case Data Attribute',NULL),(22,'PopupForm','ViewUseCase','Frontend',30,29,'نمایش مورد کاربری','View Use Case',NULL),(23,'PopupForm','AddNewUseCase','Frontend',31,29,'افزودن مورد کاربری','Add New Use Case',NULL),(24,'PopupForm','UpdateUseCase','Frontend',32,30,'ویرایش مورد کاربری','Update Use Case',NULL),(25,'PopupForm','DeleteUseCase','Frontend',33,30,'حذف مورد کاربری','Delete Use Case',NULL),(409,'PopupForm','ViewSampleBByProjectManager','Frontend',561,560,'نمایش','View',1),(410,'PopupForm','AddNewSampleBByProjectManager','Frontend',563,560,'افزودن','AddNew',1),(411,'PopupForm','UpdateSampleBByProjectManager','Frontend',562,561,'ویرایش','Update',1),(412,'PopupForm','DeleteSampleBByProjectManager','Frontend',564,561,'حذف','Delete',1),(413,'PopupForm','ViewCountryBySalesChannelDepartment','Frontend',566,565,'نمایش','View',2),(414,'PopupForm','AddNewCountryBySalesChannelDepartment','Frontend',568,565,'افزودن','AddNew',2),(415,'PopupForm','UpdateCountryBySalesChannelDepartment','Frontend',567,566,'ویرایش','Update',2),(416,'PopupForm','DeleteCountryBySalesChannelDepartment','Frontend',569,566,'حذف','Delete',2),(417,'PopupForm','ViewProvinceBySalesChannelDepartment','Frontend',571,570,'نمایش','View',3),(418,'PopupForm','AddNewProvinceBySalesChannelDepartment','Frontend',573,570,'افزودن','AddNew',3),(419,'PopupForm','UpdateProvinceBySalesChannelDepartment','Frontend',572,571,'ویرایش','Update',3),(420,'PopupForm','DeleteProvinceBySalesChannelDepartment','Frontend',574,571,'حذف','Delete',3),(421,'PopupForm','ViewCityBySalesChannelDepartment','Frontend',576,575,'نمایش','View',4),(422,'PopupForm','AddNewCityBySalesChannelDepartment','Frontend',578,575,'افزودن','AddNew',4),(423,'PopupForm','UpdateCityBySalesChannelDepartment','Frontend',577,576,'ویرایش','Update',4),(424,'PopupForm','DeleteCityBySalesChannelDepartment','Frontend',579,576,'حذف','Delete',4),(425,'PopupForm','ViewOnlinePaymentTransactionBySalesChannelDepartment','Frontend',581,580,'نمایش','View',5),(426,'PopupForm','AddNewOnlinePaymentTransactionBySalesChannelDepartment','Frontend',583,580,'افزودن','AddNew',5),(427,'PopupForm','UpdateOnlinePaymentTransactionBySalesChannelDepartment','Frontend',582,581,'ویرایش','Update',5),(428,'PopupForm','DeleteOnlinePaymentTransactionBySalesChannelDepartment','Frontend',584,581,'حذف','Delete',5),(429,'PopupForm','ViewOnlinePaymentTransactionStepBySalesChannelDepartment','Frontend',586,585,'نمایش','View',6),(430,'PopupForm','AddNewOnlinePaymentTransactionStepBySalesChannelDepartment','Frontend',588,585,'افزودن','AddNew',6),(431,'PopupForm','UpdateOnlinePaymentTransactionStepBySalesChannelDepartment','Frontend',587,586,'ویرایش','Update',6),(432,'PopupForm','DeleteOnlinePaymentTransactionStepBySalesChannelDepartment','Frontend',589,586,'حذف','Delete',6),(433,'PopupForm','ViewGeneralKeysValuesByAdministrator','Frontend',591,590,'نمایش','View',7),(434,'PopupForm','AddNewGeneralKeysValuesByAdministrator','Frontend',593,590,'افزودن','AddNew',7),(435,'PopupForm','UpdateGeneralKeysValuesByAdministrator','Frontend',592,591,'ویرایش','Update',7),(436,'PopupForm','DeleteGeneralKeysValuesByAdministrator','Frontend',594,591,'حذف','Delete',7),(437,'PopupForm','ViewSystemKeysValuesByAdministrator','Frontend',596,595,'نمایش','View',8),(438,'PopupForm','AddNewSystemKeysValuesByAdministrator','Frontend',598,595,'افزودن','AddNew',8),(439,'PopupForm','UpdateSystemKeysValuesByAdministrator','Frontend',597,596,'ویرایش','Update',8),(440,'PopupForm','DeleteSystemKeysValuesByAdministrator','Frontend',599,596,'حذف','Delete',8),(441,'PopupForm','ViewActivityFieldBySalesChannelDepartment','Frontend',601,600,'نمایش','View',9),(442,'PopupForm','AddNewActivityFieldBySalesChannelDepartment','Frontend',603,600,'افزودن','AddNew',9),(443,'PopupForm','UpdateActivityFieldBySalesChannelDepartment','Frontend',602,601,'ویرایش','Update',9),(444,'PopupForm','DeleteActivityFieldBySalesChannelDepartment','Frontend',604,601,'حذف','Delete',9),(445,'PopupForm','ViewAntivirusBrandBySalesChannelDepartment','Frontend',606,605,'نمایش','View',10),(446,'PopupForm','AddNewAntivirusBrandBySalesChannelDepartment','Frontend',608,605,'افزودن','AddNew',10),(447,'PopupForm','UpdateAntivirusBrandBySalesChannelDepartment','Frontend',607,606,'ویرایش','Update',10),(448,'PopupForm','DeleteAntivirusBrandBySalesChannelDepartment','Frontend',609,606,'حذف','Delete',10),(449,'PopupForm','ViewProductDurationBySalesChannelDepartment','Frontend',611,610,'نمایش','View',11),(450,'PopupForm','AddNewProductDurationBySalesChannelDepartment','Frontend',613,610,'افزودن','AddNew',11),(451,'PopupForm','UpdateProductDurationBySalesChannelDepartment','Frontend',612,611,'ویرایش','Update',11),(452,'PopupForm','DeleteProductDurationBySalesChannelDepartment','Frontend',614,611,'حذف','Delete',11),(453,'PopupForm','ViewProductLicenceTypeBySalesChannelDepartment','Frontend',616,615,'نمایش','View',12),(454,'PopupForm','AddNewProductLicenceTypeBySalesChannelDepartment','Frontend',618,615,'افزودن','AddNew',12),(455,'PopupForm','UpdateProductLicenceTypeBySalesChannelDepartment','Frontend',617,616,'ویرایش','Update',12),(456,'PopupForm','DeleteProductLicenceTypeBySalesChannelDepartment','Frontend',619,616,'حذف','Delete',12),(457,'PopupForm','ViewProductStationCountBySalesChannelDepartment','Frontend',621,620,'نمایش','View',13),(458,'PopupForm','AddNewProductStationCountBySalesChannelDepartment','Frontend',623,620,'افزودن','AddNew',13),(459,'PopupForm','UpdateProductStationCountBySalesChannelDepartment','Frontend',622,621,'ویرایش','Update',13),(460,'PopupForm','DeleteProductStationCountBySalesChannelDepartment','Frontend',624,621,'حذف','Delete',13),(461,'PopupForm','ViewProductTypeBySalesChannelDepartment','Frontend',626,625,'نمایش','View',14),(462,'PopupForm','AddNewProductTypeBySalesChannelDepartment','Frontend',628,625,'افزودن','AddNew',14),(463,'PopupForm','UpdateProductTypeBySalesChannelDepartment','Frontend',627,626,'ویرایش','Update',14),(464,'PopupForm','DeleteProductTypeBySalesChannelDepartment','Frontend',629,626,'حذف','Delete',14),(465,'PopupForm','ViewSteppedDiscountAgreementBySalesChannelDepartment','Frontend',631,630,'نمایش','View',15),(466,'PopupForm','AddNewSteppedDiscountAgreementBySalesChannelDepartment','Frontend',633,630,'افزودن','AddNew',15),(467,'PopupForm','UpdateSteppedDiscountAgreementBySalesChannelDepartment','Frontend',632,631,'ویرایش','Update',15),(468,'PopupForm','DeleteSteppedDiscountAgreementBySalesChannelDepartment','Frontend',634,631,'حذف','Delete',15),(469,'PopupForm','ViewSteppedDiscountLevelBySalesChannelDepartment','Frontend',636,635,'نمایش','View',16),(470,'PopupForm','AddNewSteppedDiscountLevelBySalesChannelDepartment','Frontend',638,635,'افزودن','AddNew',16),(471,'PopupForm','UpdateSteppedDiscountLevelBySalesChannelDepartment','Frontend',637,636,'ویرایش','Update',16),(472,'PopupForm','DeleteSteppedDiscountLevelBySalesChannelDepartment','Frontend',639,636,'حذف','Delete',16),(473,'PopupForm','ViewCouponSteppedDiscountAgreementBySalesChannelDepartment','Frontend',641,640,'نمایش','View',17),(474,'PopupForm','AddNewCouponSteppedDiscountAgreementBySalesChannelDepartment','Frontend',643,640,'افزودن','AddNew',17),(475,'PopupForm','UpdateCouponSteppedDiscountAgreementBySalesChannelDepartment','Frontend',642,641,'ویرایش','Update',17),(476,'PopupForm','DeleteCouponSteppedDiscountAgreementBySalesChannelDepartment','Frontend',644,641,'حذف','Delete',17),(477,'PopupForm','ViewCouponSteppedDiscountLevelBySalesChannelDepartment','Frontend',646,645,'نمایش','View',18),(478,'PopupForm','AddNewCouponSteppedDiscountLevelBySalesChannelDepartment','Frontend',648,645,'افزودن','AddNew',18),(479,'PopupForm','UpdateCouponSteppedDiscountLevelBySalesChannelDepartment','Frontend',647,646,'ویرایش','Update',18),(480,'PopupForm','DeleteCouponSteppedDiscountLevelBySalesChannelDepartment','Frontend',649,646,'حذف','Delete',18),(481,'PopupForm','ViewUserByAdministrator','Frontend',651,650,'نمایش','View',19),(482,'PopupForm','AddNewUserByAdministrator','Frontend',653,650,'افزودن','AddNew',19),(483,'PopupForm','UpdateUserByAdministrator','Frontend',652,651,'ویرایش','Update',19),(484,'PopupForm','DeleteUserByAdministrator','Frontend',654,651,'حذف','Delete',19),(485,'PopupForm','ViewCurrencyByAdministrator','Frontend',656,655,'نمایش','View',20),(486,'PopupForm','AddNewCurrencyByAdministrator','Frontend',658,655,'افزودن','AddNew',20),(487,'PopupForm','UpdateCurrencyByAdministrator','Frontend',657,656,'ویرایش','Update',20),(488,'PopupForm','DeleteCurrencyByAdministrator','Frontend',659,656,'حذف','Delete',20);
/*!40000 ALTER TABLE `use_case_relation` ENABLE KEYS */;
UNLOCK TABLES;

--
-- Table structure for table `user`
--

DROP TABLE IF EXISTS `user`;
/*!40101 SET @saved_cs_client     = @@character_set_client */;
/*!50503 SET character_set_client = utf8mb4 */;
CREATE TABLE `user` (
  `id` bigint(20) NOT NULL AUTO_INCREMENT,
  `account_non_expired` bit(1) NOT NULL,
  `account_non_locked` bit(1) NOT NULL,
  `credentials_non_expired` bit(1) NOT NULL,
  `enabled` bit(1) NOT NULL,
  `fa_first_name` varchar(255) NOT NULL,
  `fa_last_name` varchar(255) NOT NULL,
  `first_name` varchar(255) NOT NULL,
  `last_name` varchar(255) NOT NULL,
  `password` varchar(255) NOT NULL,
  `username` varchar(255) NOT NULL,
  PRIMARY KEY (`id`)
) ENGINE=InnoDB AUTO_INCREMENT=2 DEFAULT CHARSET=utf8;
/*!40101 SET character_set_client = @saved_cs_client */;

--
-- Dumping data for table `user`
--

LOCK TABLES `user` WRITE;
/*!40000 ALTER TABLE `user` DISABLE KEYS */;
INSERT INTO `user` VALUES (1,_binary '',_binary '',_binary '',_binary '','بهرام','جهانشاهی','Bahram','Jahanshahi','$2a$10$NWocq/TWDD.xkhUPH7ZD9Oux0IZMRfGCkp/JUlKuVTdKDCFOeCDbq','bahram');
/*!40000 ALTER TABLE `user` ENABLE KEYS */;
UNLOCK TABLES;

--
-- Table structure for table `user_role`
--

DROP TABLE IF EXISTS `user_role`;
/*!40101 SET @saved_cs_client     = @@character_set_client */;
/*!50503 SET character_set_client = utf8mb4 */;
CREATE TABLE `user_role` (
  `user_id` bigint(20) NOT NULL,
  `role_id` bigint(20) NOT NULL,
  KEY `FKa68196081fvovjhkek5m97n3y` (`role_id`),
  KEY `FK859n2jvi8ivhui0rl0esws6o` (`user_id`),
  CONSTRAINT `FK859n2jvi8ivhui0rl0esws6o` FOREIGN KEY (`user_id`) REFERENCES `user` (`id`),
  CONSTRAINT `FKa68196081fvovjhkek5m97n3y` FOREIGN KEY (`role_id`) REFERENCES `role` (`id`)
) ENGINE=InnoDB DEFAULT CHARSET=utf8;
/*!40101 SET character_set_client = @saved_cs_client */;

--
-- Dumping data for table `user_role`
--

LOCK TABLES `user_role` WRITE;
/*!40000 ALTER TABLE `user_role` DISABLE KEYS */;
INSERT INTO `user_role` VALUES (1,1);
/*!40000 ALTER TABLE `user_role` ENABLE KEYS */;
UNLOCK TABLES;
/*!40103 SET TIME_ZONE=@OLD_TIME_ZONE */;

/*!40101 SET SQL_MODE=@OLD_SQL_MODE */;
/*!40014 SET FOREIGN_KEY_CHECKS=@OLD_FOREIGN_KEY_CHECKS */;
/*!40014 SET UNIQUE_CHECKS=@OLD_UNIQUE_CHECKS */;
/*!40101 SET CHARACTER_SET_CLIENT=@OLD_CHARACTER_SET_CLIENT */;
/*!40101 SET CHARACTER_SET_RESULTS=@OLD_CHARACTER_SET_RESULTS */;
/*!40101 SET COLLATION_CONNECTION=@OLD_COLLATION_CONNECTION */;
/*!40111 SET SQL_NOTES=@OLD_SQL_NOTES */;

-- Dump completed on 2020-10-03  6:09:06
